transaction_id,customer_id,amount,currency,payment_method,card_bin,issuing_bank,card_type,checkout_abandoned,reached_payment_page,payment_pending,pending_duration_minutes,failed_payment,decline_reason,decline_code,failure_timestamp,day_of_week,day_of_month,is_near_payday,retry_attempt_number,consecutive_failure_count,escalated_to_human,customer_tenure_days,customer_ltv,prior_failed_payments_count,prior_retry_success_rate,retry_timestamp,hours_since_failure,recovered
153770059816,cust_u8UZuehgnYJzyb,462.52,INR,card,508228,ICICI,debit,True,True,False,,False,,,,,,,,,False,306,791.69,0,0.14,,,False
399734035690,cust_Jsbvmt8qmyFbvv,1750.89,INR,card,400014,HDFC,debit,False,,False,,True,insufficient_funds,51,2026-08-06 11:00:00,Thursday,6.0,False,4.0,4.0,True,213,3215.59,2,0.51,2026-08-14 04:36:00,185.6,False
881801087287,cust_QQb9R4eH0c3bFq,2399.39,INR,netbanking,,,,False,,False,,False,,,,,,,,,False,685,1545.53,3,,,,True
104856049868,cust_u6CpaSWoUJM2G6,1013.99,INR,upi,,,,False,,False,,False,,,,,,,,,False,109,1354.63,0,,,,True
532815455841,cust_ULGkEwMjnPasbP,784.64,INR,card,417612,Kotak,credit,False,,False,,False,,,,,,,,,False,271,5502.77,0,0.24,,,True
806799235277,cust_0cpnlBwPHjEvMN,1908.63,INR,card,400012,HDFC,credit,False,,False,,True,insufficient_funds,51,2026-08-26 05:00:00,Wednesday,26.0,True,2.0,2.0,False,173,406.69,2,,2026-08-26 21:00:00,16.0,True
764608287327,cust_gSYqiSu4ARg5rb,503.78,INR,card,508228,ICICI,debit,False,,False,,True,insufficient_funds,51,2026-07-20 12:00:00,Monday,20.0,False,1.0,1.0,False,952,521.29,0,0.33,2026-07-23 11:54:00,71.9,False
425041599895,cust_3Uji4PJyuGxYx1,1595.09,INR,card,508228,ICICI,debit,False,,False,,False,,,,,,,,,False,150,1217.58,2,0.12,,,True
399929530897,cust_fGlU5Jc7ACp191,4156.81,INR,card,524105,Axis,credit,True,False,False,,False,,,,,,,,,False,9,2891.82,0,0.74,,,False
091570099306,cust_oPZehhyXkajqur,2681.89,INR,upi,,,,False,,False,,False,,,,,,,,,False,240,833.46,0,0.31,,,True
668001790903,cust_gll7p2gNE0f7aX,958.61,INR,upi,,,,False,,False,,False,,,,,,,,,False,1301,2457.1,1,,,,True
436164693929,cust_urTBZeOc6NSGww,1299.55,INR,wallet,,,,True,False,False,,False,,,,,,,,,False,12,2937.52,3,0.63,,,False
861979390876,cust_crnyDwcSCMC5f9,867.2,INR,card,400013,HDFC,debit,False,,False,,False,,,,,,,,,False,401,1031.59,0,0.35,,,True
899376548340,cust_AOwx67HbHvwcHp,95.75,INR,card,417612,Kotak,debit,False,,False,,False,,,,,,,,,False,20,3145.79,2,,,,True
459753027003,cust_uvxMpeQV1h7Ba4,2105.77,INR,wallet,,,,True,True,False,,False,,,,,,,,,False,60,1806.23,2,,,,True
706503984567,cust_52AjG8R9he60dL,1744.48,INR,card,607331,SBI,debit,True,False,False,,False,,,,,,,,,False,116,315.81,0,0.32,,,False
936893723513,cust_ZJXud0Srx4i8iI,228.7,INR,card,417612,Kotak,debit,False,,False,,False,,,,,,,,,False,290,1441.8,0,0.53,,,True
634980574062,cust_XTMAbnJ1xuoSPB,310.76,INR,upi,,,,False,,False,,True,insufficient_funds,51,2026-07-06 00:00:00,Monday,6.0,False,3.0,3.0,False,499,2673.25,3,,2026-07-06 11:12:00,11.2,True
618218369803,cust_9Ci1irxsuRFWyh,769.92,INR,card,508228,ICICI,credit,False,,False,,True,insufficient_funds,51,2026-08-21 02:00:00,Friday,21.0,False,5.0,5.0,True,20,6174.22,2,0.35,2026-08-26 00:06:00,118.1,False
013049313242,cust_ahSIhjmJlwghig,1161.24,INR,card,508227,ICICI,debit,False,,False,,True,insufficient_funds,51,2026-07-24 20:00:00,Friday,24.0,False,1.0,1.0,False,894,1284.73,1,0.75,2026-07-26 01:12:00,29.2,True
738070084630,cust_TsmLH747yaUI02,749.15,INR,upi,,,,True,False,False,,False,,,,,,,,,False,133,6887.01,1,0.6,,,True
420813476083,cust_t7GWo8tXRoSCHI,143.52,INR,card,524105,Axis,credit,False,,False,,False,,,,,,,,,False,182,2066.46,2,,,,True
880554109268,cust_kmZkg5MsOYpSTu,1345.69,INR,netbanking,,,,True,True,False,,False,,,,,,,,,False,220,2192.02,1,0.44,,,True
135044050403,cust_VyZ11OolAwXSCh,1962.33,INR,card,524104,Axis,debit,False,,False,,True,insufficient_funds,51,2026-06-24 00:00:00,Wednesday,24.0,False,1.0,1.0,False,298,2446.01,0,0.14,2026-06-27 09:54:00,81.9,True
171666095154,cust_fL41SnlJvhwgAU,466.37,INR,upi,,,,False,,False,,True,insufficient_funds,51,2026-06-15 09:00:00,Monday,15.0,False,2.0,2.0,False,24,3805.2,1,0.57,2026-06-22 18:30:00,177.5,True
547523505376,cust_MwzLoePeQjhJlP,1572.28,INR,card,400013,HDFC,debit,False,,False,,True,insufficient_funds,51,2026-07-05 20:00:00,Sunday,5.0,True,5.0,5.0,True,24,3440.39,2,,2026-07-06 02:54:00,6.9,False
777947680961,cust_NRyhGm5kvdgAvv,3171.99,INR,upi,,,,False,,False,,False,,,,,,,,,False,230,432.39,0,0.29,,,True
153886917401,cust_IvriCUHRlT8biS,824.91,INR,upi,,,,True,False,False,,False,,,,,,,,,False,290,8772.0,1,0.54,,,False
568261224221,cust_5NiyGz2vyTU5H0,2851.44,INR,upi,,,,True,False,False,,False,,,,,,,,,False,75,1730.12,0,,,,False
099577677169,cust_CynproQcqPl70A,1962.76,INR,netbanking,,,,False,,False,,False,,,,,,,,,False,133,6665.41,0,0.41,,,True
621748182707,cust_hAEpv1aGhr8wo6,662.43,INR,upi,,,,True,True,False,,False,,,,,,,,,False,68,1069.05,0,0.46,,,True
484309075944,cust_t28DjPPtqoPqcC,3546.1,INR,netbanking,,,,False,,False,,True,insufficient_funds,51,2026-06-29 15:00:00,Monday,29.0,True,1.0,1.0,False,417,2471.67,1,0.07,2026-06-29 15:24:00,0.4,False
051001548674,cust_zAQVVjrjcHFtLk,1174.7,INR,netbanking,,,,False,,True,67.5,False,,,,,,,,,False,184,1364.44,0,0.65,,,False
095929029526,cust_K4Xo8ZnmIm9lt6,712.82,INR,card,524104,Axis,debit,True,False,False,,False,,,,,,,,,False,130,2954.69,2,0.42,,,False
940048949398,cust_qepCYlASNIPUAu,2200.19,INR,card,417612,Kotak,debit,False,,False,,True,insufficient_funds,51,2026-07-28 18:00:00,Tuesday,28.0,True,5.0,5.0,True,41,1158.84,1,0.31,2026-07-28 20:24:00,2.4,False
583057730931,cust_7GtUrMdibKUJDq,1163.43,INR,upi,,,,False,,False,,False,,,,,,,,,False,431,2041.46,1,0.58,,,True
124063411181,cust_XH4PhvHSSNtjNS,3438.49,INR,wallet,,,,False,,False,,False,,,,,,,,,False,31,1046.95,0,,,,True
276979536155,cust_08ymnB5zQLrTVA,957.96,INR,upi,,,,False,,True,7.7,False,,,,,,,,,False,228,3152.47,3,0.93,,,True
499679123806,cust_MrfzxFvQcBHoLI,1335.19,INR,card,508228,ICICI,debit,True,True,False,,False,,,,,,,,,False,1357,967.48,3,0.3,,,False
879249863229,cust_6CWb61Gqh8WYLH,543.33,INR,netbanking,,,,False,,False,,False,,,,,,,,,False,155,3969.59,2,0.46,,,True
208854373479,cust_1onLn25rRlXPQl,1425.18,INR,upi,,,,False,,False,,False,,,,,,,,,False,23,699.78,0,0.2,,,True
474779799319,cust_NLM2om3hvZnNIG,1211.73,INR,card,417612,Kotak,credit,False,,False,,False,,,,,,,,,False,543,7328.51,2,0.93,,,True
377384911206,cust_Dkf0J7ELkpOH3P,3478.49,INR,upi,,,,True,False,False,,False,,,,,,,,,False,3,77.72,4,0.38,,,False
999303753953,cust_aBIT9nYAxpKkLF,1111.66,INR,card,508227,ICICI,credit,False,,False,,False,,,,,,,,,False,247,5902.02,3,0.18,,,True
822751118062,cust_bHdDqMwt5o775U,579.06,INR,upi,,,,False,,True,20.6,False,,,,,,,,,False,679,2973.8,0,0.58,,,False
289833370527,cust_0qxTdtQqzxMZL2,2271.59,INR,card,400012,HDFC,debit,False,,False,,True,insufficient_funds,51,2026-07-09 04:00:00,Thursday,9.0,False,4.0,4.0,True,58,2895.04,1,,2026-07-09 15:30:00,11.5,False
453190749532,cust_XRVkdpGDuAk9Gg,1372.46,INR,upi,,,,True,True,False,,False,,,,,,,,,False,157,1302.23,2,0.37,,,False
185426841198,cust_eECaTPF7zj69pQ,2022.54,INR,upi,,,,False,,False,,False,,,,,,,,,False,1398,1361.57,0,,,,True
437194146410,cust_9yAErgotKXrML6,1157.79,INR,netbanking,,,,True,False,False,,False,,,,,,,,,False,163,2431.26,1,0.08,,,False
607788909366,cust_ztqgoaWWLN6eOI,2551.61,INR,card,508228,ICICI,debit,True,True,False,,False,,,,,,,,,False,506,3104.18,2,0.54,,,True
701481462577,cust_BCzVuB3VGVWVoP,1930.23,INR,upi,,,,True,True,False,,False,,,,,,,,,False,10,5333.73,1,0.55,,,True
560991163171,cust_hZLWumvMi5brH8,2199.86,INR,upi,,,,True,True,False,,False,,,,,,,,,False,300,387.78,0,0.22,,,False
178737938622,cust_E591eUcPZCtXTl,1254.56,INR,card,417612,Kotak,debit,False,,False,,False,,,,,,,,,False,8,2599.84,0,0.41,,,True
861286872314,cust_491H1PszvpejQZ,1119.06,INR,upi,,,,False,,True,16.0,False,,,,,,,,,False,95,2594.87,3,,,,False
940090167151,cust_OiAt6ISoFdSr1u,1029.41,INR,card,400012,HDFC,credit,False,,False,,True,insufficient_funds,51,2026-06-30 06:00:00,Tuesday,30.0,True,2.0,2.0,False,53,7019.54,1,,2026-06-30 13:00:00,7.0,True
133885855979,cust_RFwVYL6s4m8v9K,913.34,INR,upi,,,,False,,False,,True,insufficient_funds,51,2026-07-23 13:00:00,Thursday,23.0,False,2.0,2.0,False,12,1861.92,2,0.58,2026-07-25 12:54:00,47.9,False
847287437129,cust_XTXcCi1SreIseG,534.32,INR,wallet,,,,True,False,False,,False,,,,,,,,,False,547,6064.26,0,0.32,,,False
911701621567,cust_7DwEdL0yzHvPvb,1268.69,INR,upi,,,,False,,False,,True,insufficient_funds,51,2026-07-25 07:00:00,Saturday,25.0,True,4.0,4.0,True,97,3082.63,1,,2026-07-26 07:30:00,24.5,False
668194386926,cust_AVVbcuNrpPC07n,363.27,INR,card,417612,Kotak,debit,False,,False,,True,insufficient_funds,51,2026-07-13 19:00:00,Monday,13.0,False,1.0,1.0,False,52,2003.73,2,0.24,2026-07-18 16:00:00,117.0,False
810372806253,cust_pX0i9DnJ001EeO,544.45,INR,upi,,,,False,,False,,True,insufficient_funds,51,2026-07-28 18:00:00,Tuesday,28.0,True,3.0,3.0,True,107,4311.2,2,,2026-07-29 20:06:00,26.1,False
306234076284,cust_8UpHcTHrrvdxeZ,868.44,INR,card,607332,SBI,credit,True,True,False,,False,,,,,,,,,False,265,6269.86,0,,,,True
035796347059,cust_p0ST9AeqHAlHGM,740.74,INR,card,607331,SBI,debit,False,,False,,False,,,,,,,,,False,259,1219.01,1,0.94,,,True
539544808801,cust_3ExDi6ZWrzQCES,1877.04,INR,upi,,,,False,,False,,True,insufficient_funds,51,2026-08-20 06:00:00,Thursday,20.0,False,2.0,2.0,False,157,2147.99,0,,2026-08-20 12:18:00,6.3,False
084161022796,cust_V8eBCe4dhFss5c,3622.62,INR,upi,,,,True,True,False,,False,,,,,,,,,False,138,2084.44,4,0.44,,,False
645521440671,cust_AVVbcuNrpPC07n,1712.66,INR,upi,,,,False,,False,,False,,,,,,,,,False,52,2003.73,1,,,,True
096954538996,cust_j7RF9LXTaqZxUx,328.94,INR,card,524104,Axis,credit,False,,False,,False,,,,,,,,,False,224,1005.83,4,0.42,,,True
319676110108,cust_p2OE64rvC86llE,1847.57,INR,upi,,,,False,,False,,True,insufficient_funds,51,2026-07-10 01:00:00,Friday,10.0,False,5.0,5.0,True,173,3842.82,2,0.14,2026-07-12 06:18:00,53.3,False
395494704533,cust_nRmbuqlV9c5JhW,782.44,INR,upi,,,,True,True,False,,False,,,,,,,,,False,64,5352.13,2,0.24,,,True
244394284923,cust_DJiS9HvlxNgbb1,3839.48,INR,card,607332,SBI,debit,False,,False,,True,insufficient_funds,51,2026-06-16 23:00:00,Tuesday,16.0,False,2.0,2.0,False,846,2619.79,1,,2026-06-26 22:06:00,239.1,False
407956941661,cust_MrfzxFvQcBHoLI,147.7,INR,card,508227,ICICI,credit,False,,False,,True,insufficient_funds,51,2026-08-03 11:00:00,Monday,3.0,True,1.0,1.0,False,1357,967.48,1,0.3,2026-08-03 13:18:00,2.3,True
571311422986,cust_5NiyGz2vyTU5H0,1475.26,INR,upi,,,,True,False,False,,False,,,,,,,,,False,75,1730.12,0,0.13,,,False
553394423299,cust_boCJIQxoK07eB1,3012.73,INR,card,607331,SBI,credit,False,,False,,False,,,,,,,,,False,489,2220.44,0,0.16,,,True
639572782428,cust_TwU3C24CXlgJA3,1308.41,INR,card,524104,Axis,debit,True,True,False,,False,,,,,,,,,False,96,1912.61,2,,,,True
255177258685,cust_ShYEvpJWNCpNrz,2341.85,INR,card,508227,ICICI,debit,False,,False,,False,,,,,,,,,False,279,2315.14,3,0.33,,,True
974018743832,cust_5U3PyeippVgDWn,1274.5,INR,card,417612,Kotak,debit,False,,False,,True,insufficient_funds,51,2026-08-11 10:00:00,Tuesday,11.0,False,1.0,1.0,False,475,4894.35,2,0.28,2026-08-12 01:48:00,15.8,False
003583072008,cust_Cq1jCsDsQPq1Vs,2275.34,INR,card,400012,HDFC,credit,False,,False,,True,insufficient_funds,51,2026-07-15 10:00:00,Wednesday,15.0,False,2.0,2.0,False,340,5084.14,0,,2026-07-15 19:00:00,9.0,False
333733364099,cust_PmkMGS6UmxUUy1,1140.12,INR,netbanking,,,,False,,False,,False,,,,,,,,,False,11,2573.64,2,0.23,,,True
692322330253,cust_CTVXhKS5ZeJcTA,3529.18,INR,card,508227,ICICI,credit,False,,False,,False,,,,,,,,,False,148,5051.56,0,,,,True
161814146024,cust_O3BqXaH4fnpixd,384.25,INR,card,417612,Kotak,debit,False,,False,,True,insufficient_funds,51,2026-08-19 05:00:00,Wednesday,19.0,False,5.0,5.0,True,301,8635.24,0,,2026-08-22 08:48:00,75.8,False
599371835086,cust_HGbJEvqjsaHn6i,394.09,INR,card,607331,SBI,credit,False,,False,,True,insufficient_funds,51,2026-06-19 18:00:00,Friday,19.0,False,1.0,1.0,False,66,1575.8,2,0.07,2026-06-19 19:42:00,1.7,False
293802789186,cust_XDWUGcrs3Il1Rr,1421.85,INR,card,607331,SBI,credit,False,,False,,False,,,,,,,,,False,60,2894.92,1,,,,True
777711962114,cust_3sf3xqmHuK98yH,2933.73,INR,card,400012,HDFC,debit,False,,False,,True,insufficient_funds,51,2026-07-20 16:00:00,Monday,20.0,False,3.0,3.0,True,4,4277.08,1,0.31,2026-07-21 04:54:00,12.9,False
224066449081,cust_uugZfexMlWSlZX,2536.07,INR,upi,,,,False,,False,,False,,,,,,,,,False,802,2197.98,1,,,,True
382716209975,cust_8lUj7mZKcwCNAN,322.95,INR,netbanking,,,,False,,False,,False,,,,,,,,,False,83,512.84,0,0.31,,,True
102970549787,cust_QThIOrrDZhZMa4,1591.22,INR,card,508227,ICICI,debit,True,False,False,,False,,,,,,,,,False,572,4326.84,0,0.64,,,False
280879284719,cust_1DS7IQXJVZEgET,1377.07,INR,card,607332,SBI,debit,True,False,False,,False,,,,,,,,,False,183,1528.54,3,0.53,,,False
689123628474,cust_gswSijYqDydnbU,6331.04,INR,card,400012,HDFC,debit,False,,False,,False,,,,,,,,,False,276,5079.97,1,0.74,,,True
309733579712,cust_HMukeuXHDcZeZO,5459.95,INR,upi,,,,False,,False,,True,insufficient_funds,51,2026-07-04 22:00:00,Saturday,4.0,True,4.0,4.0,False,51,3156.84,1,0.45,2026-07-04 23:24:00,1.4,True
470110059069,cust_5aWKOeDlDs7a1B,985.65,INR,card,524104,Axis,debit,False,,False,,True,insufficient_funds,51,2026-06-29 16:00:00,Monday,29.0,True,2.0,2.0,False,54,890.78,1,0.34,2026-07-01 13:54:00,45.9,False
408206211966,cust_pIscsgA5qkFcCg,2462.81,INR,upi,,,,True,False,False,,False,,,,,,,,,False,670,6348.92,1,0.26,,,False
781119972510,cust_73LlLixHHMJi0C,575.23,INR,card,400013,HDFC,debit,False,,False,,False,,,,,,,,,False,371,2217.56,1,0.34,,,True
338568117682,cust_8fWha6AS6gwobj,1585.33,INR,card,417612,Kotak,credit,False,,False,,True,insufficient_funds,51,2026-06-18 05:00:00,Thursday,18.0,False,2.0,2.0,False,635,1548.22,3,0.31,2026-06-18 20:54:00,15.9,False
555532018635,cust_i6QCCfoaS08BDv,370.29,INR,card,607331,SBI,credit,False,,False,,True,insufficient_funds,51,2026-07-08 08:00:00,Wednesday,8.0,False,4.0,4.0,True,62,3206.5,0,0.53,2026-07-08 16:06:00,8.1,False
469362953219,cust_MTZPSOldB5Prcx,1192.27,INR,card,508227,ICICI,credit,False,,False,,False,,,,,,,,,False,378,4192.3,1,0.75,,,True
500351603715,cust_kU39V3WL64ZOtI,2460.96,INR,card,417612,Kotak,debit,False,,False,,True,insufficient_funds,51,2026-06-07 18:00:00,Sunday,7.0,False,1.0,1.0,False,154,1535.91,4,0.69,2026-06-08 00:18:00,6.3,False
137744471487,cust_ph8ucIy5dcqscO,903.84,INR,card,417612,Kotak,credit,False,,False,,True,insufficient_funds,51,2026-08-21 12:00:00,Friday,21.0,False,2.0,2.0,False,77,2566.72,0,0.29,2026-09-05 11:48:00,359.8,False
660631725805,cust_zON34n2vZC1z6d,2858.86,INR,upi,,,,False,,False,,False,,,,,,,,,False,242,6589.38,0,0.24,,,True
180808732687,cust_zNTUcUUGtW2yd0,1261.5,INR,card,417612,Kotak,credit,False,,False,,False,,,,,,,,,False,168,778.12,3,0.46,,,True
920713503318,cust_ohNkyAxrVJ7UFF,1429.68,INR,card,417612,Kotak,credit,False,,False,,False,,,,,,,,,False,7,5011.83,2,,,,True
452337349337,cust_nRmbuqlV9c5JhW,690.46,INR,upi,,,,False,,False,,True,insufficient_funds,51,2026-07-24 14:00:00,Friday,24.0,False,1.0,1.0,False,64,5352.13,0,,2026-07-28 12:42:00,94.7,False
261198110601,cust_eWR4rMMyY1jeio,884.79,INR,upi,,,,False,,False,,True,insufficient_funds,51,2026-07-08 13:00:00,Wednesday,8.0,False,1.0,1.0,False,271,7144.99,1,0.41,2026-07-10 00:42:00,35.7,False
717995880848,cust_vMLBl0wh7UTOMS,2528.71,INR,upi,,,,False,,False,,True,insufficient_funds,51,2026-07-28 11:00:00,Tuesday,28.0,True,4.0,4.0,False,491,1186.18,1,0.7,2026-07-28 16:24:00,5.4,True
565565170244,cust_GLvlQjOOqWqdfl,896.72,INR,upi,,,,False,,False,,False,,,,,,,,,False,445,5338.27,0,0.32,,,True
031135103082,cust_qzYh54tef4Ezn2,3795.31,INR,netbanking,,,,False,,False,,False,,,,,,,,,False,739,3025.53,3,,,,True
503698665603,cust_eLU6Pq5YhRjGHz,564.45,INR,card,417612,Kotak,debit,True,False,False,,False,,,,,,,,,False,309,1359.85,3,0.37,,,False
815885868284,cust_rMuyDG2LUcQ1gn,181.6,INR,upi,,,,False,,False,,False,,,,,,,,,False,201,483.69,1,0.22,,,True
689977142591,cust_px4GFJLgyQYXZj,530.05,INR,card,524104,Axis,debit,False,,False,,True,insufficient_funds,51,2026-07-14 08:00:00,Tuesday,14.0,False,1.0,1.0,False,96,1559.04,0,,2026-07-17 07:12:00,71.2,False
971687284685,cust_E7EqXT4yLALjlB,1518.32,INR,upi,,,,True,True,False,,False,,,,,,,,,False,159,7851.36,0,0.32,,,True
790943646350,cust_zNTUcUUGtW2yd0,2036.25,INR,upi,,,,False,,False,,True,insufficient_funds,51,2026-06-04 00:00:00,Thursday,4.0,True,1.0,1.0,False,168,778.12,2,0.46,2026-06-04 16:06:00,16.1,True
882016919635,cust_O3BqXaH4fnpixd,541.94,INR,netbanking,,,,False,,False,,True,insufficient_funds,51,2026-07-29 11:00:00,Wednesday,29.0,True,2.0,2.0,False,301,8635.24,2,0.26,2026-07-29 20:24:00,9.4,False
652616981339,cust_2wMxmcAuleKff6,2565.85,INR,upi,,,,False,,False,,False,,,,,,,,,False,431,776.68,0,0.34,,,True
763814355932,cust_kXnOk9Om3TtumD,1470.45,INR,upi,,,,False,,True,20.7,False,,,,,,,,,False,1368,3170.38,0,0.54,,,False
604218024745,cust_8wwGuXo1niyNQk,811.13,INR,card,417612,Kotak,credit,False,,False,,False,,,,,,,,,False,648,1240.09,3,,,,True
007464568229,cust_CHypcq2Jj5CIod,148.35,INR,netbanking,,,,False,,False,,False,,,,,,,,,False,376,3262.06,0,0.6,,,True
881424933581,cust_kXXkCrn1AaUoG4,380.13,INR,card,524104,Axis,credit,False,,False,,True,insufficient_funds,51,2026-08-26 02:00:00,Wednesday,26.0,True,1.0,1.0,False,2258,3819.91,3,0.57,2026-08-26 02:36:00,0.6,False
206653091803,cust_X3thTnZjX8vJp3,898.87,INR,card,417612,Kotak,debit,False,,False,,False,,,,,,,,,False,352,328.16,2,0.57,,,True
052831255588,cust_4CnEFxsRuYiTlY,2358.36,INR,upi,,,,False,,False,,False,,,,,,,,,False,148,5283.8,1,,,,True
652548713921,cust_YJUBYS7iOesa6J,1411.23,INR,upi,,,,False,,False,,True,insufficient_funds,51,2026-06-23 20:00:00,Tuesday,23.0,False,3.0,3.0,True,883,1073.38,0,0.41,2026-06-25 19:36:00,47.6,False
902677458560,cust_NfjhZt0gDdgbQz,1435.76,INR,card,400014,HDFC,credit,True,False,False,,False,,,,,,,,,False,848,2764.81,1,0.38,,,False
714589455470,cust_zGsHHGMMQgMrSC,1757.82,INR,upi,,,,False,,False,,True,insufficient_funds,51,2026-07-02 09:00:00,Thursday,2.0,True,2.0,2.0,False,1,405.5,0,,2026-07-03 16:48:00,31.8,False
188062360229,cust_woEBzppVyzWKvr,1997.62,INR,card,524104,Axis,credit,False,,False,,False,,,,,,,,,False,68,4762.18,4,,,,True
469598330171,cust_47dsR8W1fVrYDo,6380.94,INR,upi,,,,True,True,False,,False,,,,,,,,,False,146,1795.87,3,,,,False
443419163266,cust_uIXXKBqy5kL386,2977.64,INR,upi,,,,False,,False,,False,,,,,,,,,False,123,1831.01,0,,,,True
239327324188,cust_gXJm4fsJzTjeux,1589.75,INR,card,400013,HDFC,debit,False,,False,,True,insufficient_funds,51,2026-07-19 10:00:00,Sunday,19.0,False,2.0,2.0,False,337,491.47,2,,2026-07-21 00:06:00,38.1,True
927218807369,cust_9X14XqphoVLhgt,2934.74,INR,netbanking,,,,True,False,False,,False,,,,,,,,,False,93,2832.69,1,,,,True
727194426765,cust_aKkhX0qbRm519x,1851.52,INR,upi,,,,True,True,False,,False,,,,,,,,,False,190,1820.86,1,0.17,,,False
153637349330,cust_brEiDhfjJUgHMk,1697.51,INR,card,400014,HDFC,debit,False,,False,,False,,,,,,,,,False,286,5509.56,0,0.71,,,True
352422327287,cust_XH4PhvHSSNtjNS,2363.81,INR,card,417612,Kotak,credit,False,,False,,True,insufficient_funds,51,2026-08-19 19:00:00,Wednesday,19.0,False,5.0,5.0,True,31,1046.95,1,0.5,2026-08-21 10:00:00,39.0,False
579428602501,cust_3kzGLg8KhtetlO,586.5,INR,card,400012,HDFC,debit,False,,False,,True,insufficient_funds,51,2026-07-24 15:00:00,Friday,24.0,False,2.0,2.0,False,444,2896.8,1,0.48,2026-07-27 08:06:00,65.1,True
269940451907,cust_cXoalVfd51dVL5,2310.0,INR,upi,,,,False,,False,,False,,,,,,,,,False,407,1176.16,1,0.17,,,True
125163164823,cust_62N65om48MrKYa,477.69,INR,upi,,,,False,,False,,False,,,,,,,,,False,92,3685.27,2,,,,True
851514428474,cust_7vwNXFsPzn3LuI,1256.7,INR,netbanking,,,,True,True,False,,False,,,,,,,,,False,449,4269.7,0,0.06,,,False
539928162372,cust_GSdUDtptDMIteN,3635.15,INR,card,524104,Axis,debit,False,,False,,False,,,,,,,,,False,369,2965.93,2,0.29,,,True
155455297175,cust_K67uyL2GKeSm4Q,2889.07,INR,upi,,,,True,False,False,,False,,,,,,,,,False,469,2420.89,1,0.47,,,False
226375569864,cust_rf19FGrXuKuKb8,4874.55,INR,card,524105,Axis,credit,False,,False,,False,,,,,,,,,False,570,2660.72,0,0.16,,,True
373597801457,cust_XmpmdeAiAgR8By,2989.79,INR,netbanking,,,,False,,False,,False,,,,,,,,,False,181,3452.56,2,,,,True
256940035299,cust_IzXnnkQyBD3bH4,4160.94,INR,upi,,,,False,,False,,False,,,,,,,,,False,132,1004.83,0,0.24,,,True
724853507625,cust_PgiI7DqZhmK5WI,2421.31,INR,netbanking,,,,False,,True,6.2,False,,,,,,,,,False,261,3949.14,1,0.36,,,True
102945295807,cust_yEt5DgOvdOVkXu,1338.41,INR,upi,,,,False,,True,4.8,False,,,,,,,,,False,352,5784.93,1,0.13,,,True
114035442836,cust_CQ8jiwCT6AWRYM,1073.7,INR,upi,,,,True,False,False,,False,,,,,,,,,False,64,2748.05,0,,,,False
507908313715,cust_bKI6Ukby24QtQI,712.08,INR,card,508227,ICICI,credit,False,,False,,False,,,,,,,,,False,530,1713.8,2,0.65,,,True
363170058787,cust_JMlvoKveuvb5in,2107.52,INR,card,400012,HDFC,credit,False,,False,,True,insufficient_funds,51,2026-07-09 11:00:00,Thursday,9.0,False,1.0,1.0,False,245,460.46,2,0.61,2026-07-17 04:36:00,185.6,True
244997527142,cust_p2OE64rvC86llE,3967.43,INR,upi,,,,False,,False,,True,insufficient_funds,51,2026-07-03 06:00:00,Friday,3.0,True,2.0,2.0,False,173,3842.82,2,0.14,2026-07-04 22:42:00,40.7,False
552267659984,cust_sxFr4viogWMJh1,2814.88,INR,upi,,,,True,False,False,,False,,,,,,,,,False,784,1451.92,2,0.56,,,False
260333553713,cust_eHV1Zjj3wdslvf,1247.37,INR,card,524104,Axis,debit,False,,False,,False,,,,,,,,,False,164,1868.8,0,0.48,,,True
894101596432,cust_urTBZeOc6NSGww,719.08,INR,upi,,,,False,,False,,True,insufficient_funds,51,2026-06-10 12:00:00,Wednesday,10.0,False,1.0,1.0,False,12,2937.52,2,,2026-06-19 05:30:00,209.5,True
320740194962,cust_UcCpK3Ku0QLgcY,1804.9,INR,netbanking,,,,False,,False,,False,,,,,,,,,False,175,3036.13,1,0.54,,,True
628031150422,cust_fSrYyO9TUOJJEk,733.45,INR,card,417612,Kotak,debit,False,,False,,False,,,,,,,,,False,106,941.23,1,,,,True
222172320474,cust_TxUiMNf1GPUdsd,1128.57,INR,card,524104,Axis,debit,True,False,False,,False,,,,,,,,,False,18,1289.61,1,0.27,,,True
158957873828,cust_l21E3auTTMxe9a,955.01,INR,upi,,,,False,,False,,False,,,,,,,,,False,16,3078.69,2,0.36,,,True
814480989977,cust_a9ULpN2xzKKZGU,1037.04,INR,upi,,,,False,,False,,True,insufficient_funds,51,2026-07-29 04:00:00,Wednesday,29.0,True,4.0,4.0,False,62,1242.73,0,0.3,2026-07-30 03:30:00,23.5,True
703255045479,cust_gz65P2OHyUkYuO,307.75,INR,upi,,,,False,,False,,True,insufficient_funds,51,2026-08-07 05:00:00,Friday,7.0,False,4.0,4.0,True,257,160.57,2,,2026-08-08 13:42:00,32.7,False
224022009935,cust_wpBjB6G5xt0PyV,2233.22,INR,wallet,,,,False,,False,,True,insufficient_funds,51,2026-08-21 04:00:00,Friday,21.0,False,1.0,1.0,False,158,2945.94,1,0.06,2026-08-21 05:12:00,1.2,False
111210261886,cust_lVEbfOUXzZn2IU,3130.64,INR,upi,,,,False,,False,,False,,,,,,,,,False,536,2292.0,0,0.62,,,True
122074570229,cust_CGn14JSbftGoUI,470.75,INR,netbanking,,,,True,False,False,,False,,,,,,,,,False,285,1366.19,1,0.25,,,False
604606175457,cust_YVXes4FPOW9dK0,926.77,INR,card,417612,Kotak,credit,False,,False,,True,insufficient_funds,51,2026-08-20 03:00:00,Thursday,20.0,False,1.0,1.0,False,452,187.1,0,0.29,2026-08-22 06:36:00,51.6,False
210421228624,cust_3sf3xqmHuK98yH,2408.72,INR,upi,,,,True,False,False,,False,,,,,,,,,False,4,4277.08,3,0.31,,,False
603503005460,cust_gnTVhxbWQSAy0V,2336.62,INR,upi,,,,False,,False,,True,insufficient_funds,51,2026-06-04 01:00:00,Thursday,4.0,True,4.0,4.0,True,235,2787.15,2,0.21,2026-06-04 14:36:00,13.6,False
037387034503,cust_cS1R4OTgOFDow7,3895.99,INR,upi,,,,False,,False,,True,insufficient_funds,51,2026-07-21 12:00:00,Tuesday,21.0,False,1.0,1.0,False,416,10226.19,0,0.38,2026-07-23 17:42:00,53.7,False
002379046070,cust_H7H1iWTsimoYUz,2451.23,INR,card,400012,HDFC,debit,False,,False,,False,,,,,,,,,False,280,1994.16,2,0.13,,,True
530586410839,cust_XRVkdpGDuAk9Gg,1700.58,INR,upi,,,,False,,False,,True,insufficient_funds,51,2026-08-25 16:00:00,Tuesday,25.0,True,1.0,1.0,False,157,1302.23,1,,2026-08-26 20:30:00,28.5,True
791189402209,cust_DnnxIYmTFJg8zv,3125.14,INR,upi,,,,False,,True,13.4,False,,,,,,,,,False,47,5678.03,3,0.18,,,False
279116032571,cust_kr1vXAVu07Zuhl,1214.74,INR,upi,,,,False,,False,,False,,,,,,,,,False,254,2974.44,1,0.15,,,True
387416216309,cust_MwzLoePeQjhJlP,1221.12,INR,card,417612,Kotak,debit,True,True,False,,False,,,,,,,,,False,24,3440.39,3,0.47,,,True
962365331163,cust_8K6NrVlqG16GsW,918.32,INR,upi,,,,True,False,False,,False,,,,,,,,,False,88,3603.53,0,0.13,,,False
814897788257,cust_ZOpVqS74BFXZRS,1458.97,INR,upi,,,,False,,False,,True,insufficient_funds,51,2026-06-05 07:00:00,Friday,5.0,True,2.0,2.0,False,60,1126.33,0,0.23,2026-06-05 13:18:00,6.3,True
149952407469,cust_HfjwNhhfm2IQd9,505.55,INR,card,400013,HDFC,credit,False,,False,,True,insufficient_funds,51,2026-08-21 13:00:00,Friday,21.0,False,2.0,2.0,False,104,1058.46,1,0.21,2026-08-24 03:24:00,62.4,False
650305758893,cust_iAPmw1z4rouhlw,291.28,INR,netbanking,,,,False,,False,,False,,,,,,,,,False,185,1446.13,2,0.22,,,True
792244951553,cust_R3yelmYrbpNnH3,764.03,INR,card,400012,HDFC,debit,True,False,False,,False,,,,,,,,,False,340,5289.17,0,0.31,,,False
917678338700,cust_5oy1jGEzKNt31B,3120.75,INR,upi,,,,True,True,False,,False,,,,,,,,,False,198,2441.87,3,0.52,,,False
227421055791,cust_eM5UAp4zpJFfsG,3763.64,INR,card,400012,HDFC,debit,False,,False,,False,,,,,,,,,False,197,1558.8,0,0.2,,,True
376814975577,cust_RZUlwoEFqRso42,965.75,INR,card,524105,Axis,credit,False,,False,,True,insufficient_funds,51,2026-08-16 18:00:00,Sunday,16.0,False,1.0,1.0,False,796,3289.8,1,0.26,2026-08-17 17:30:00,23.5,False
580894930058,cust_zDqCqD0O4MvWzP,1666.42,INR,card,508227,ICICI,credit,False,,False,,False,,,,,,,,,False,70,1355.01,0,0.19,,,True
108900836532,cust_QdbIwoX9inIQWP,2102.92,INR,card,524105,Axis,debit,False,,False,,False,,,,,,,,,False,393,5869.08,1,0.16,,,True
912803324039,cust_9wha4cAczR8A5d,1399.71,INR,card,607332,SBI,credit,False,,False,,False,,,,,,,,,False,679,4323.99,1,,,,True
470526017961,cust_ddNJzBCjJnCjDQ,1068.26,INR,upi,,,,False,,False,,True,insufficient_funds,51,2026-08-15 18:00:00,Saturday,15.0,False,1.0,1.0,False,106,5134.73,0,0.19,2026-08-17 15:48:00,45.8,True
557918155023,cust_KfbL6o7tdWNeDW,1541.75,INR,upi,,,,False,,False,,False,,,,,,,,,False,186,2782.75,2,0.6,,,True
739419340069,cust_s4Ka9oBcfyhKFD,1433.23,INR,wallet,,,,False,,False,,False,,,,,,,,,False,538,1076.07,2,0.24,,,True
535696793068,cust_LqUFWuTwUQS0d1,2469.95,INR,netbanking,,,,True,True,False,,False,,,,,,,,,False,563,1532.33,0,,,,False
062240121008,cust_UAqVsmBKUUp4xo,361.54,INR,card,508228,ICICI,debit,False,,False,,False,,,,,,,,,False,153,3215.59,1,0.15,,,True
316253447288,cust_8lUj7mZKcwCNAN,3403.68,INR,card,400013,HDFC,debit,False,,False,,False,,,,,,,,,False,83,512.84,0,,,,True
894263910237,cust_CTVXhKS5ZeJcTA,2043.12,INR,wallet,,,,True,False,False,,False,,,,,,,,,False,148,5051.56,0,0.37,,,False
382390951316,cust_X3thTnZjX8vJp3,944.16,INR,upi,,,,False,,False,,True,insufficient_funds,51,2026-07-07 18:00:00,Tuesday,7.0,False,4.0,4.0,True,352,328.16,2,0.57,2026-07-09 02:00:00,32.0,False
140348997982,cust_Y3UuI9sf8DbzVv,283.85,INR,wallet,,,,False,,False,,True,insufficient_funds,51,2026-07-27 04:00:00,Monday,27.0,True,2.0,2.0,False,761,5783.21,1,,2026-07-27 13:00:00,9.0,False
649848264865,cust_Z4ZisuILXiCzzS,1255.22,INR,card,400013,HDFC,debit,True,False,False,,False,,,,,,,,,False,291,2612.59,1,0.37,,,False
835991322078,cust_zAQVVjrjcHFtLk,1426.06,INR,upi,,,,False,,False,,False,,,,,,,,,False,184,1364.44,2,0.65,,,True
913686712703,cust_jMbP4sfeqro5tP,1044.88,INR,netbanking,,,,False,,False,,True,insufficient_funds,51,2026-08-05 21:00:00,Wednesday,5.0,True,3.0,3.0,True,52,7168.04,0,,2026-08-05 23:42:00,2.7,False
601667501284,cust_mHzGSfzI4BaJoO,1960.2,INR,card,524105,Axis,debit,False,,False,,True,insufficient_funds,51,2026-06-13 07:00:00,Saturday,13.0,False,1.0,1.0,False,474,2822.08,1,,2026-06-15 14:36:00,55.6,False
752859480889,cust_jekciyK7EGyvXe,1116.0,INR,card,607332,SBI,debit,False,,False,,True,insufficient_funds,51,2026-08-03 14:00:00,Monday,3.0,True,1.0,1.0,False,55,1238.72,0,,2026-08-03 23:42:00,9.7,False
628181437509,cust_iS3uC4aoQDE6kG,1646.35,INR,card,524105,Axis,debit,True,False,False,,False,,,,,,,,,False,289,4849.78,1,0.42,,,False
920614869002,cust_T0sSTZYSHa6p3m,1838.05,INR,card,417612,Kotak,debit,True,False,False,,False,,,,,,,,,False,33,4526.22,4,0.61,,,False
167546471639,cust_HjTQLcbc7d0ND6,698.69,INR,upi,,,,False,,False,,True,insufficient_funds,51,2026-06-05 22:00:00,Friday,5.0,True,1.0,1.0,False,34,6161.67,1,0.51,2026-06-06 05:00:00,7.0,True
670506868330,cust_X0xoxHrD6JZkxq,698.6,INR,card,417612,Kotak,debit,False,,False,,True,insufficient_funds,51,2026-08-17 09:00:00,Monday,17.0,False,1.0,1.0,False,171,2143.42,2,0.44,2026-08-17 20:12:00,11.2,False
311415847475,cust_njovZnemR7dxqS,1938.26,INR,upi,,,,True,False,False,,False,,,,,,,,,False,126,1369.06,0,,,,False
491061691868,cust_lu4oILNaVoaRXy,3164.86,INR,card,417612,Kotak,debit,True,False,False,,False,,,,,,,,,False,271,1937.94,2,0.27,,,False
480851912075,cust_rfD3rmRMI8OtNX,1818.3,INR,upi,,,,True,False,False,,False,,,,,,,,,False,951,2655.93,3,,,,False
901281723191,cust_zVSezTwH0I0Wzs,1040.52,INR,card,417612,Kotak,credit,False,,False,,False,,,,,,,,,False,79,968.06,1,,,,True
826086346289,cust_1uAEiMLZQXkneo,3306.07,INR,upi,,,,False,,False,,False,,,,,,,,,False,297,1951.28,0,0.67,,,True
990014210401,cust_yKbZpObRubhTyd,1313.48,INR,wallet,,,,True,False,False,,False,,,,,,,,,False,690,4474.65,1,0.13,,,False
967818766852,cust_3K6YVt8gk0dHAf,1441.07,INR,upi,,,,False,,False,,True,insufficient_funds,51,2026-07-11 21:00:00,Saturday,11.0,False,2.0,2.0,False,117,4372.02,0,0.42,2026-07-16 10:48:00,109.8,False
209768832130,cust_6Kh63OyMsEGyLH,56.74,INR,upi,,,,False,,True,2.6,False,,,,,,,,,False,110,4464.8,1,0.74,,,True
779647286330,cust_YN9fFCGmxaDX9g,1493.0,INR,card,400013,HDFC,credit,False,,False,,False,,,,,,,,,False,238,2947.74,0,0.7,,,True
471587814537,cust_QzfnHBXkL1kVK3,3124.53,INR,card,400013,HDFC,credit,True,False,False,,False,,,,,,,,,False,4,693.47,1,0.35,,,True
302355323906,cust_LwEP6aWYrSYMak,1456.16,INR,card,417612,Kotak,debit,False,,False,,False,,,,,,,,,False,89,1227.67,1,0.35,,,True
227832740014,cust_UpgTK4VVvsnqlL,1569.88,INR,netbanking,,,,False,,False,,True,insufficient_funds,51,2026-07-14 19:00:00,Tuesday,14.0,False,4.0,4.0,False,268,1339.72,1,0.35,2026-07-16 03:06:00,32.1,True
438749747243,cust_FDUO4967luCPmS,1662.6,INR,upi,,,,False,,False,,True,insufficient_funds,51,2026-07-09 07:00:00,Thursday,9.0,False,4.0,4.0,False,725,3619.08,0,0.96,2026-07-14 09:06:00,122.1,True
782038763112,cust_vWsfoaHJQzuGKZ,3087.01,INR,upi,,,,True,False,False,,False,,,,,,,,,False,410,1765.9,1,,,,False
414589441486,cust_7RlM5jQZGES6x7,4082.87,INR,upi,,,,False,,False,,True,insufficient_funds,51,2026-08-14 14:00:00,Friday,14.0,False,1.0,1.0,False,159,565.11,0,0.32,2026-08-16 14:54:00,48.9,False
082379441625,cust_33F5lFPlu6OdRK,821.48,INR,netbanking,,,,False,,False,,False,,,,,,,,,False,365,3198.39,1,0.49,,,True
646029536167,cust_hAHKdq17lem8Wp,1589.09,INR,card,607331,SBI,debit,True,True,False,,False,,,,,,,,,False,38,4712.71,2,0.33,,,True
457938420163,cust_ttMxRxayAQIBov,3470.52,INR,card,417612,Kotak,credit,False,,False,,False,,,,,,,,,False,16,489.68,1,0.36,,,True
731858272848,cust_hR4yXxbC3Lf6K7,1038.96,INR,upi,,,,False,,False,,False,,,,,,,,,False,115,1193.11,1,,,,True
201911788646,cust_pZ4MKG5ThiE820,1221.76,INR,card,508227,ICICI,credit,False,,False,,False,,,,,,,,,False,54,1016.82,0,,,,True
183284501145,cust_8a3IkFMd19E7uF,1460.26,INR,upi,,,,True,False,False,,False,,,,,,,,,False,239,6296.96,2,0.65,,,False
818799709813,cust_1DS7IQXJVZEgET,713.23,INR,netbanking,,,,False,,False,,False,,,,,,,,,False,183,1528.54,1,0.53,,,True
058487980947,cust_dzbDHZ8y0hyq1m,1249.27,INR,upi,,,,False,,False,,False,,,,,,,,,False,26,416.3,2,0.19,,,True
921181932181,cust_9yAErgotKXrML6,3321.69,INR,upi,,,,False,,False,,False,,,,,,,,,False,163,2431.26,2,0.08,,,True
425590392137,cust_rccoDluFGYILHs,297.78,INR,card,524104,Axis,debit,False,,False,,False,,,,,,,,,False,264,1651.91,0,,,,True
179450813309,cust_VC3nKR3qiUXG5k,856.36,INR,netbanking,,,,True,False,False,,False,,,,,,,,,False,422,1183.51,1,,,,False
087468416324,cust_vkRy2pdKw9FxJK,868.27,INR,card,400014,HDFC,credit,False,,False,,False,,,,,,,,,False,29,5304.99,1,,,,True
307978000719,cust_XXv4joJ1LsaTvb,1811.88,INR,upi,,,,False,,False,,False,,,,,,,,,False,20,1206.42,1,0.1,,,True
179798202502,cust_SQWAnXLB1wOsoh,1043.81,INR,card,508227,ICICI,debit,False,,False,,True,insufficient_funds,51,2026-08-18 19:00:00,Tuesday,18.0,False,2.0,2.0,False,3,1395.65,1,0.47,2026-08-19 03:24:00,8.4,True
192013638067,cust_7gQq3YZ9TCgVla,895.88,INR,card,400012,HDFC,credit,False,,False,,True,insufficient_funds,51,2026-06-04 09:00:00,Thursday,4.0,True,4.0,4.0,False,73,1400.2,1,0.15,2026-06-04 12:18:00,3.3,True
588276728229,cust_gBl8DXK7gAXB4i,2996.31,INR,card,524104,Axis,credit,True,False,False,,False,,,,,,,,,False,64,1292.94,1,,,,True
579219221543,cust_2K65US3McPl9x8,119.66,INR,card,524104,Axis,debit,False,,False,,False,,,,,,,,,False,95,194.21,2,0.37,,,True
124143319358,cust_qErt0DFaclTttH,1140.5,INR,upi,,,,False,,False,,True,insufficient_funds,51,2026-08-28 19:00:00,Friday,28.0,True,2.0,2.0,False,281,4061.47,0,0.53,2026-08-29 10:36:00,15.6,True
939013024249,cust_XTbA1ELnIMFkz5,1108.61,INR,upi,,,,False,,False,,True,insufficient_funds,51,2026-06-16 21:00:00,Tuesday,16.0,False,2.0,2.0,False,60,1556.14,1,0.25,2026-06-24 09:06:00,180.1,False
186338106182,cust_B52zTD26FeEvvH,1286.0,INR,upi,,,,False,,False,,False,,,,,,,,,False,597,1476.57,1,0.32,,,True
175282170683,cust_rdRCJdnTBlX6Wa,602.99,INR,card,508227,ICICI,debit,False,,False,,True,insufficient_funds,51,2026-06-20 07:00:00,Saturday,20.0,False,2.0,2.0,False,299,4397.23,0,,2026-06-22 04:48:00,45.8,True
512854941493,cust_iRal7TqVQucP8V,950.29,INR,netbanking,,,,False,,False,,False,,,,,,,,,False,95,6063.23,0,0.34,,,True
105727397579,cust_tYq18KuXwYQLJN,2955.78,INR,upi,,,,False,,False,,False,,,,,,,,,False,276,994.07,0,0.64,,,True
404359875940,cust_TcQPGRXmP1JUjT,385.29,INR,card,417612,Kotak,credit,False,,False,,False,,,,,,,,,False,7,3144.68,0,,,,True
283577585934,cust_XAcxqYhZg76Vls,556.13,INR,card,508227,ICICI,credit,True,False,False,,False,,,,,,,,,False,178,1908.94,2,0.27,,,False
315132787051,cust_67GsgLgPmLuZGn,1321.82,INR,card,607331,SBI,debit,False,,False,,True,insufficient_funds,51,2026-06-19 09:00:00,Friday,19.0,False,1.0,1.0,False,24,3873.47,1,0.37,2026-06-22 08:18:00,71.3,False
537947945178,cust_XjPrA5hsupWEpU,6723.14,INR,card,508227,ICICI,debit,False,,False,,True,insufficient_funds,51,2026-08-07 03:00:00,Friday,7.0,False,1.0,1.0,False,655,3896.94,1,0.55,2026-08-10 05:18:00,74.3,True
905100741604,cust_nBRNtp3FaBNfBM,1090.04,INR,card,607331,SBI,credit,False,,False,,False,,,,,,,,,False,141,905.84,1,0.4,,,True
414207607527,cust_gOa0C7Q0rnG6xC,817.16,INR,upi,,,,True,True,False,,False,,,,,,,,,False,192,2701.36,0,,,,True
124053009914,cust_ERnhU9gclGr0ov,2897.46,INR,card,607332,SBI,debit,True,True,False,,False,,,,,,,,,False,28,1257.48,4,,,,False
978098325905,cust_FDUO4967luCPmS,1446.37,INR,upi,,,,True,False,False,,False,,,,,,,,,False,725,3619.08,0,,,,False
144412198716,cust_OmOt7UtML9WEBH,692.49,INR,card,400013,HDFC,credit,False,,False,,True,insufficient_funds,51,2026-07-20 20:00:00,Monday,20.0,False,3.0,3.0,True,177,2680.78,4,0.18,2026-07-21 17:06:00,21.1,False
120382911485,cust_cvsJ5PA1vfBfDI,726.25,INR,wallet,,,,False,,False,,False,,,,,,,,,False,161,945.6,0,0.34,,,True
874676198884,cust_SFjmhX2bIbT5sd,1207.91,INR,card,524105,Axis,debit,True,False,False,,False,,,,,,,,,False,97,1446.66,1,0.82,,,True
984612182237,cust_LbiZBVFlUXSYF3,374.21,INR,upi,,,,False,,False,,True,insufficient_funds,51,2026-08-05 01:00:00,Wednesday,5.0,True,1.0,1.0,False,357,1657.45,1,,2026-08-05 02:18:00,1.3,False
124318547032,cust_IzlLP7qt0wzN6h,1435.78,INR,card,508228,ICICI,debit,True,False,False,,False,,,,,,,,,False,140,1716.24,2,0.12,,,False
452414700952,cust_ePt8WuM7n72q3b,264.31,INR,upi,,,,False,,False,,False,,,,,,,,,False,23,1555.6,0,,,,True
372072768074,cust_LbiZBVFlUXSYF3,3348.56,INR,card,417612,Kotak,credit,False,,False,,False,,,,,,,,,False,357,1657.45,0,0.21,,,True
464025922070,cust_H7H1iWTsimoYUz,1125.92,INR,netbanking,,,,True,True,False,,False,,,,,,,,,False,280,1994.16,4,0.13,,,True
934881874997,cust_SOvPQHwoItQFEs,825.94,INR,upi,,,,False,,False,,False,,,,,,,,,False,336,4566.71,2,0.26,,,True
803560049180,cust_GwGHl5PXdrQR8H,2600.82,INR,card,400014,HDFC,credit,False,,False,,False,,,,,,,,,False,575,665.6,1,0.53,,,True
683224808222,cust_hqTAlsWH8mgttP,1381.02,INR,upi,,,,False,,False,,True,insufficient_funds,51,2026-07-27 19:00:00,Monday,27.0,True,5.0,5.0,True,119,2800.49,2,,2026-07-28 14:30:00,19.5,False
204428479517,cust_LXQrVx3u7UGk4r,1165.52,INR,card,417612,Kotak,debit,True,False,False,,False,,,,,,,,,False,613,964.18,0,,,,True
674642768042,cust_1R76S383dI6APi,135.67,INR,card,508228,ICICI,credit,True,True,False,,False,,,,,,,,,False,495,702.79,1,,,,False
087688651142,cust_k2wbJG87thm75f,3035.15,INR,card,400014,HDFC,credit,False,,False,,True,insufficient_funds,51,2026-06-06 23:00:00,Saturday,6.0,False,3.0,3.0,True,255,2414.61,2,0.59,2026-06-08 07:24:00,32.4,False
644287419684,cust_fCdau1nMT1kzwC,396.91,INR,upi,,,,False,,False,,False,,,,,,,,,False,542,2936.78,1,0.39,,,True
756655111797,cust_ymaaCVcNqJengS,1851.47,INR,upi,,,,True,True,False,,False,,,,,,,,,False,418,3516.97,0,0.76,,,False
490486151265,cust_SkcpmQ72LLul2G,274.1,INR,wallet,,,,False,,False,,True,insufficient_funds,51,2026-06-15 09:00:00,Monday,15.0,False,1.0,1.0,False,102,1550.19,0,0.78,2026-06-19 07:18:00,94.3,False
079396027640,cust_kXXkCrn1AaUoG4,1130.48,INR,upi,,,,True,True,False,,False,,,,,,,,,False,2258,3819.91,2,,,,False
035139592557,cust_Ir1HNdu6W7lZHj,1770.81,INR,netbanking,,,,True,False,False,,False,,,,,,,,,False,163,1990.81,3,0.26,,,False
676807148069,cust_iLMh6HNWKYTYcE,556.89,INR,upi,,,,False,,False,,True,insufficient_funds,51,2026-06-24 18:00:00,Wednesday,24.0,False,1.0,1.0,False,199,5256.64,1,0.16,2026-06-25 17:12:00,23.2,False
636579038857,cust_brKNYUirrJ7AFJ,795.57,INR,netbanking,,,,False,,False,,True,insufficient_funds,51,2026-06-13 00:00:00,Saturday,13.0,False,2.0,2.0,False,198,3481.5,1,,2026-06-13 06:48:00,6.8,False
600971051608,cust_nSD2O6nZVoUkr0,976.75,INR,card,524104,Axis,debit,False,,False,,False,,,,,,,,,False,164,2412.54,0,,,,True
445641822570,cust_7YsEqmGv0lH8wV,2253.11,INR,upi,,,,False,,False,,True,insufficient_funds,51,2026-08-18 10:00:00,Tuesday,18.0,False,5.0,5.0,True,441,1906.07,2,0.23,2026-08-26 10:54:00,192.9,False
569916604096,cust_jXce7YvSQnlxbX,3429.69,INR,netbanking,,,,False,,False,,True,insufficient_funds,51,2026-08-07 13:00:00,Friday,7.0,False,2.0,2.0,False,354,1700.48,1,0.25,2026-08-08 11:12:00,22.2,False
143001064689,cust_iuhYrMFl2ZQshY,187.3,INR,card,607332,SBI,credit,False,,False,,True,insufficient_funds,51,2026-08-16 13:00:00,Sunday,16.0,False,1.0,1.0,False,17,7348.11,2,,2026-08-18 23:36:00,58.6,False
283663584017,cust_gll7p2gNE0f7aX,1561.45,INR,netbanking,,,,True,True,False,,False,,,,,,,,,False,1301,2457.1,3,0.72,,,True
911825591230,cust_UAp8JRH0krW7s0,1287.35,INR,netbanking,,,,True,False,False,,False,,,,,,,,,False,455,3666.47,2,0.46,,,False
548723709231,cust_5ysEA5JoTYswdE,676.57,INR,card,607331,SBI,credit,False,,False,,False,,,,,,,,,False,1026,7308.22,1,0.3,,,True
276877202478,cust_xfRSJhJphRgvJz,2621.98,INR,upi,,,,False,,True,36.1,False,,,,,,,,,False,364,3696.78,1,,,,False
185923941114,cust_ScLBycjaYzPXUq,1091.75,INR,card,417612,Kotak,credit,False,,False,,False,,,,,,,,,False,424,1299.72,2,,,,True
515549891026,cust_naR8qPzztgcEXJ,831.2,INR,card,417612,Kotak,debit,False,,False,,True,insufficient_funds,51,2026-06-16 20:00:00,Tuesday,16.0,False,3.0,3.0,True,34,1135.21,0,0.28,2026-06-19 12:36:00,64.6,False
339954136586,cust_tCcvg8dqTUnC6g,963.62,INR,upi,,,,False,,False,,False,,,,,,,,,False,267,613.62,0,0.21,,,True
777235495446,cust_0IgzAZJE8TLrhU,1311.35,INR,netbanking,,,,False,,False,,False,,,,,,,,,False,435,1668.36,0,0.62,,,True
432509888025,cust_F6oz6nrH1Io3j7,1315.57,INR,wallet,,,,False,,False,,False,,,,,,,,,False,94,4823.15,1,0.16,,,True
511000266438,cust_FfycfcDcysYyuj,1152.47,INR,wallet,,,,False,,False,,False,,,,,,,,,False,454,1510.3,1,,,,True
362029030553,cust_KdgFcw3dTuWmdX,1712.56,INR,upi,,,,True,True,False,,False,,,,,,,,,False,886,471.91,1,0.16,,,False
064362766206,cust_1Ud8hQb8rKlnni,1880.05,INR,card,508227,ICICI,credit,True,False,False,,False,,,,,,,,,False,526,2297.91,0,,,,False
809949195619,cust_Kjjmt27txoknOi,1442.98,INR,netbanking,,,,False,,False,,False,,,,,,,,,False,45,937.67,0,0.41,,,True
909358062944,cust_xx9wWhe4fYLTN3,265.89,INR,netbanking,,,,True,True,False,,False,,,,,,,,,False,31,3927.67,1,0.14,,,True
434767928373,cust_xDTb7uT2wJTVWA,2272.31,INR,card,508228,ICICI,debit,False,,False,,False,,,,,,,,,False,392,3098.27,3,0.12,,,True
964680041149,cust_pX8y7xSRsVbPdM,1173.19,INR,card,400014,HDFC,debit,False,,False,,True,insufficient_funds,51,2026-06-26 21:00:00,Friday,26.0,True,2.0,2.0,False,568,2366.57,3,0.43,2026-06-27 03:24:00,6.4,True
913685014202,cust_hpdLX50J9pIEAs,1399.89,INR,netbanking,,,,True,False,False,,False,,,,,,,,,False,583,5160.1,1,0.9,,,False
838267407587,cust_JmexI1h8wFFT5K,879.01,INR,wallet,,,,False,,False,,False,,,,,,,,,False,405,1172.96,0,0.62,,,True
986437676968,cust_fwfkVNzCtX9EE6,652.91,INR,card,508227,ICICI,credit,True,False,False,,False,,,,,,,,,False,299,2672.23,1,0.12,,,False
031260753507,cust_cR0UiAMiSmckev,1619.15,INR,card,417612,Kotak,credit,False,,False,,True,insufficient_funds,51,2026-07-15 16:00:00,Wednesday,15.0,False,1.0,1.0,False,14,2357.29,0,,2026-07-16 15:54:00,23.9,True
766269044002,cust_8h6H8L7QGatTlf,1338.24,INR,upi,,,,False,,False,,True,insufficient_funds,51,2026-06-08 13:00:00,Monday,8.0,False,1.0,1.0,False,693,2122.16,0,,2026-06-10 22:18:00,57.3,False
335992971056,cust_AJ2SEOMFPq0XdV,1921.77,INR,card,508227,ICICI,debit,False,,False,,True,insufficient_funds,51,2026-08-29 02:00:00,Saturday,29.0,True,1.0,1.0,False,20,4593.7,0,,2026-08-30 01:12:00,23.2,False
595396604513,cust_c8xR8eqcJ7mpSR,1303.79,INR,card,417612,Kotak,credit,True,True,False,,False,,,,,,,,,False,1125,881.17,3,0.21,,,False
722271019285,cust_bKzbTl5xzMSvcF,248.49,INR,netbanking,,,,False,,False,,False,,,,,,,,,False,123,1622.5,2,0.12,,,True
784595901975,cust_ZrFhmRTfMyhYnz,2430.2,INR,upi,,,,True,True,False,,False,,,,,,,,,False,8,5376.24,0,0.36,,,False
768220698305,cust_OHRo3VQ1zqnNsR,542.81,INR,card,400013,HDFC,debit,False,,False,,False,,,,,,,,,False,331,7075.38,1,0.82,,,True
826160976102,cust_MwzLoePeQjhJlP,3031.02,INR,upi,,,,True,False,False,,False,,,,,,,,,False,24,3440.39,2,,,,False
493246786616,cust_FWvhNvoRMxq8dK,1300.07,INR,card,400013,HDFC,credit,False,,False,,False,,,,,,,,,False,826,1682.34,0,0.14,,,True
785754789142,cust_R40VKP47QazNhW,1119.94,INR,card,400013,HDFC,debit,False,,False,,True,insufficient_funds,51,2026-07-05 22:00:00,Sunday,5.0,True,2.0,2.0,False,76,3376.56,1,0.7,2026-07-06 03:06:00,5.1,False
913731454234,cust_KL3W3951QwG6EU,2304.09,INR,netbanking,,,,False,,False,,False,,,,,,,,,False,215,1180.74,0,0.12,,,True
023283156648,cust_Kjjmt27txoknOi,3533.01,INR,upi,,,,True,False,False,,False,,,,,,,,,False,45,937.67,1,0.41,,,False
020118203021,cust_OiAt6ISoFdSr1u,2046.89,INR,upi,,,,True,False,False,,False,,,,,,,,,False,53,7019.54,4,,,,False
434521613074,cust_VZofJNzMLx0059,794.99,INR,netbanking,,,,False,,False,,True,insufficient_funds,51,2026-07-30 07:00:00,Thursday,30.0,True,1.0,1.0,False,374,1557.33,1,0.22,2026-07-30 20:00:00,13.0,True
499962269025,cust_UblYlFa55914tS,2531.9,INR,upi,,,,False,,False,,True,insufficient_funds,51,2026-08-13 18:00:00,Thursday,13.0,False,1.0,1.0,False,100,738.58,1,,2026-08-15 07:24:00,37.4,False
920561536528,cust_Pd3HIhsFq25vln,1798.26,INR,upi,,,,True,False,False,,False,,,,,,,,,False,588,8940.94,0,0.51,,,False
348561443409,cust_6za0S9FnYd6RoU,1206.75,INR,card,417612,Kotak,credit,False,,False,,False,,,,,,,,,False,640,2530.52,1,0.43,,,True
500467941393,cust_LSOSexYWdFG2uR,841.3,INR,card,607331,SBI,debit,False,,False,,True,insufficient_funds,51,2026-07-22 12:00:00,Wednesday,22.0,False,2.0,2.0,False,69,8488.81,3,0.07,2026-07-24 00:30:00,36.5,False
027948305531,cust_s4EZ5fBlrHCjxr,1519.93,INR,card,508228,ICICI,credit,False,,False,,True,insufficient_funds,51,2026-07-25 03:00:00,Saturday,25.0,True,2.0,2.0,False,273,1736.37,1,,2026-07-25 06:06:00,3.1,False
427973086940,cust_hgjPi6tqweUzX6,1874.87,INR,card,400014,HDFC,credit,True,True,False,,False,,,,,,,,,False,138,384.34,4,0.76,,,True
473754312874,cust_QOKTLt7pkk49bA,1528.36,INR,upi,,,,False,,False,,True,insufficient_funds,51,2026-06-14 11:00:00,Sunday,14.0,False,3.0,3.0,True,110,146.84,1,0.28,2026-06-18 22:06:00,107.1,False
506012744752,cust_NI6jdwyLGaactp,569.56,INR,netbanking,,,,True,False,False,,False,,,,,,,,,False,10,636.14,0,0.64,,,False
110342817626,cust_zAgXeV4GJNL3mz,134.04,INR,upi,,,,True,False,False,,False,,,,,,,,,False,840,633.61,1,,,,False
820893789846,cust_Ff0RIR1AGKkJby,1132.68,INR,card,417612,Kotak,debit,False,,False,,False,,,,,,,,,False,710,2637.51,1,0.16,,,True
672531160060,cust_6TW7I19PhH8wfd,824.75,INR,upi,,,,True,False,False,,False,,,,,,,,,False,447,2290.25,0,,,,False
275222665806,cust_lyQKIcH1u37ZbH,2511.7,INR,netbanking,,,,False,,False,,True,insufficient_funds,51,2026-06-23 05:00:00,Tuesday,23.0,False,1.0,1.0,False,2,351.36,2,0.32,2026-06-25 05:06:00,48.1,False
832380935605,cust_DMZzoPlZHLPzci,485.75,INR,card,400014,HDFC,credit,False,,False,,True,insufficient_funds,51,2026-06-08 19:00:00,Monday,8.0,False,4.0,4.0,False,48,4624.09,1,0.67,2026-06-09 09:54:00,14.9,True
792174679442,cust_awj1FgCN13dCE5,3241.06,INR,card,524104,Axis,credit,True,False,False,,False,,,,,,,,,False,317,4829.32,0,0.29,,,False
424942327336,cust_8wwGuXo1niyNQk,3672.67,INR,card,607331,SBI,debit,False,,False,,True,insufficient_funds,51,2026-06-17 15:00:00,Wednesday,17.0,False,1.0,1.0,False,648,1240.09,1,0.13,2026-06-27 17:42:00,242.7,False
672082684754,cust_y01UmtzOzGsnTe,1604.73,INR,card,524104,Axis,credit,False,,False,,True,insufficient_funds,51,2026-07-17 19:00:00,Friday,17.0,False,2.0,2.0,False,101,1654.37,1,,2026-07-19 08:54:00,37.9,False
800715967987,cust_aoj5C4XCMLICxK,1829.01,INR,upi,,,,True,False,False,,False,,,,,,,,,False,355,7888.31,0,0.43,,,True
243451996545,cust_AVCMniLGS0gXk9,2645.83,INR,upi,,,,True,False,False,,False,,,,,,,,,False,170,6845.0,1,0.2,,,True
850574563385,cust_Z4ZisuILXiCzzS,3089.34,INR,card,417612,Kotak,credit,True,True,False,,False,,,,,,,,,False,291,2612.59,1,,,,False
212581175956,cust_n2bQPEPGAXt82e,2520.48,INR,card,607332,SBI,debit,False,,False,,False,,,,,,,,,False,201,6274.09,2,,,,True
200646919897,cust_risZlUDyzN7K8h,2607.79,INR,netbanking,,,,False,,False,,False,,,,,,,,,False,29,956.54,3,0.29,,,True
389134548759,cust_sJJUD5mpejWwTN,410.28,INR,card,524105,Axis,debit,False,,False,,False,,,,,,,,,False,444,4629.71,1,0.33,,,True
358053076264,cust_a1wBp5Yl1uHmx3,1273.38,INR,upi,,,,False,,False,,True,insufficient_funds,51,2026-07-19 09:00:00,Sunday,19.0,False,1.0,1.0,False,15,1353.27,2,,2026-07-23 10:06:00,97.1,False
558206566571,cust_AVCMniLGS0gXk9,1382.5,INR,card,400014,HDFC,credit,False,,False,,False,,,,,,,,,False,170,6845.0,3,0.2,,,True
131808431039,cust_el37QbwxRI0DPn,828.95,INR,upi,,,,False,,False,,False,,,,,,,,,False,39,381.51,1,0.45,,,True
424993734092,cust_Mq5AOyz99zXzCI,4193.6,INR,card,400012,HDFC,credit,False,,False,,False,,,,,,,,,False,15,3014.77,2,,,,True
537451634331,cust_FuOloAXx2mV6wc,609.29,INR,netbanking,,,,False,,True,3.6,False,,,,,,,,,False,342,2806.96,4,0.32,,,True
275421825990,cust_ymaaCVcNqJengS,566.85,INR,netbanking,,,,False,,False,,False,,,,,,,,,False,418,3516.97,2,,,,True
887494068295,cust_Z2GOLoU8pgj2vI,4135.97,INR,card,400014,HDFC,credit,False,,False,,False,,,,,,,,,False,157,2526.14,2,0.58,,,True
757297202554,cust_IJulZidhpNPu2F,1677.08,INR,netbanking,,,,False,,False,,True,insufficient_funds,51,2026-06-15 04:00:00,Monday,15.0,False,3.0,3.0,True,74,815.05,0,,2026-06-21 09:24:00,149.4,False
448854831223,cust_yns3YTDAvv5XOF,204.22,INR,upi,,,,False,,True,19.4,False,,,,,,,,,False,279,2783.07,0,0.65,,,False
294377499036,cust_aIK8bPkeX6Taq7,972.56,INR,upi,,,,False,,False,,True,insufficient_funds,51,2026-08-15 18:00:00,Saturday,15.0,False,1.0,1.0,False,550,836.36,0,0.55,2026-08-16 00:30:00,6.5,True
685651907218,cust_JDG3VsfKPbbgJX,1186.14,INR,netbanking,,,,False,,False,,False,,,,,,,,,False,344,1540.99,0,0.09,,,True
935915684812,cust_1onLn25rRlXPQl,955.45,INR,upi,,,,False,,False,,False,,,,,,,,,False,23,699.78,2,0.2,,,True
645469135429,cust_0yNwwai7DmBiJn,4385.33,INR,upi,,,,False,,False,,False,,,,,,,,,False,95,3843.63,1,0.13,,,True
257167535914,cust_kgYQeab5e8zIHs,306.45,INR,upi,,,,True,False,False,,False,,,,,,,,,False,39,738.89,2,0.68,,,False
294735771449,cust_fvLFuh2zqSqqFj,1925.02,INR,card,417612,Kotak,debit,False,,False,,True,insufficient_funds,51,2026-06-16 15:00:00,Tuesday,16.0,False,2.0,2.0,False,518,1681.91,0,0.18,2026-06-16 22:48:00,7.8,True
315666395874,cust_RRKvdvEcSNM107,848.78,INR,card,508228,ICICI,credit,True,False,False,,False,,,,,,,,,False,200,1223.49,6,0.19,,,True
854589924161,cust_SvPxkmp7jWXm3U,753.45,INR,netbanking,,,,True,True,False,,False,,,,,,,,,False,84,2733.13,0,0.13,,,False
011480779327,cust_ee09Nbnb6nJAWf,491.58,INR,upi,,,,False,,False,,False,,,,,,,,,False,40,2973.88,1,0.28,,,True
465895707432,cust_5NiyGz2vyTU5H0,1007.46,INR,card,524104,Axis,credit,True,True,False,,False,,,,,,,,,False,75,1730.12,0,,,,True
740536535673,cust_wgx0F5l9uvaRb2,1125.66,INR,netbanking,,,,False,,False,,True,insufficient_funds,51,2026-08-18 05:00:00,Tuesday,18.0,False,1.0,1.0,False,482,517.3,1,0.51,2026-08-18 14:48:00,9.8,False
225458963156,cust_N1m4Yrpw2cBdVc,2297.6,INR,card,524104,Axis,credit,False,,False,,False,,,,,,,,,False,1022,4059.87,1,0.44,,,True
758096568707,cust_hZLWumvMi5brH8,65.0,INR,upi,,,,False,,False,,False,,,,,,,,,False,300,387.78,2,,,,True
493790141415,cust_8n2X8E5uaB6Po2,555.26,INR,upi,,,,False,,True,103.4,False,,,,,,,,,False,243,350.47,1,,,,False
829594399234,cust_kSzn7VBLUxWEoX,2003.3,INR,upi,,,,False,,False,,True,insufficient_funds,51,2026-07-21 01:00:00,Tuesday,21.0,False,3.0,3.0,True,455,544.47,1,0.38,2026-07-21 04:18:00,3.3,False
687891348477,cust_ok4ESUBUc1j3Qr,1225.41,INR,card,607332,SBI,debit,False,,False,,True,insufficient_funds,51,2026-07-24 07:00:00,Friday,24.0,False,1.0,1.0,False,323,3425.67,3,,2026-07-24 07:12:00,0.2,True
674936566757,cust_Al9v5dUaW39y6p,468.76,INR,card,607332,SBI,debit,False,,False,,True,insufficient_funds,51,2026-08-08 00:00:00,Saturday,8.0,False,1.0,1.0,False,259,2960.08,0,0.49,2026-08-08 07:00:00,7.0,False
100896779978,cust_qDI0cKV2lwnlK8,1509.59,INR,card,417612,Kotak,credit,False,,False,,False,,,,,,,,,False,530,1416.61,2,,,,True
639500684408,cust_XYL71F0KwRuoHe,1580.91,INR,upi,,,,True,False,False,,False,,,,,,,,,False,540,3956.7,2,0.31,,,False
372424480727,cust_LJyBCh76yTSVLg,2853.27,INR,wallet,,,,False,,False,,False,,,,,,,,,False,694,2171.62,1,,,,True
802132468393,cust_t8kg9SSN1ByqRi,1922.62,INR,upi,,,,True,True,False,,False,,,,,,,,,False,133,1183.3,1,0.21,,,False
714135771833,cust_8wwGuXo1niyNQk,3017.82,INR,upi,,,,False,,False,,False,,,,,,,,,False,648,1240.09,3,,,,True
921087037557,cust_kSOrrcq5wmo5ah,1254.46,INR,netbanking,,,,False,,False,,True,insufficient_funds,51,2026-08-07 19:00:00,Friday,7.0,False,2.0,2.0,False,560,2923.95,0,0.19,2026-08-09 11:12:00,40.2,True
927873736320,cust_HGbJEvqjsaHn6i,1985.28,INR,card,524104,Axis,credit,False,,False,,False,,,,,,,,,False,66,1575.8,2,0.07,,,True
000115050829,cust_m4WqcAIUqqsrtP,642.76,INR,upi,,,,False,,False,,True,insufficient_funds,51,2026-08-19 06:00:00,Wednesday,19.0,False,1.0,1.0,False,57,6267.4,2,0.45,2026-08-23 22:54:00,112.9,False
224605824409,cust_84vQ78cIZruSr1,1077.2,INR,upi,,,,False,,False,,False,,,,,,,,,False,163,4634.09,0,0.37,,,True
262298483907,cust_zVSezTwH0I0Wzs,67.09,INR,card,508227,ICICI,debit,True,False,False,,False,,,,,,,,,False,79,968.06,0,0.18,,,False
441794909792,cust_e4RxlVnmqsozm4,1329.35,INR,card,508227,ICICI,debit,False,,False,,True,insufficient_funds,51,2026-07-10 12:00:00,Friday,10.0,False,2.0,2.0,False,54,715.86,2,0.51,2026-07-14 12:48:00,96.8,False
250824424370,cust_u8UZuehgnYJzyb,1867.07,INR,upi,,,,True,True,False,,False,,,,,,,,,False,306,791.69,1,0.14,,,True
362420128033,cust_RdILv46F3kWoXb,4026.83,INR,card,607331,SBI,credit,False,,False,,False,,,,,,,,,False,1196,2095.07,0,0.38,,,True
813412573936,cust_sYGt2QMwVRktFf,1220.7,INR,card,508227,ICICI,credit,False,,False,,True,insufficient_funds,51,2026-07-08 16:00:00,Wednesday,8.0,False,5.0,5.0,True,1021,4278.08,1,,2026-07-14 06:12:00,134.2,False
638820287839,cust_sYGt2QMwVRktFf,642.23,INR,card,508228,ICICI,credit,True,True,False,,False,,,,,,,,,False,1021,4278.08,2,,,,True
925419204222,cust_fk6GSVi3j0aUTL,2340.59,INR,card,400013,HDFC,credit,False,,False,,False,,,,,,,,,False,39,2181.24,1,,,,True
281027455308,cust_Dkf0J7ELkpOH3P,1339.68,INR,card,524105,Axis,credit,False,,False,,True,insufficient_funds,51,2026-07-17 02:00:00,Friday,17.0,False,5.0,5.0,True,3,77.72,1,0.38,2026-07-18 03:18:00,25.3,False
244016850759,cust_zWzCsh9GzuS9bV,664.15,INR,card,524104,Axis,credit,False,,False,,False,,,,,,,,,False,56,2008.74,2,,,,True
002446907040,cust_toEoVgqyaBjAzB,1369.57,INR,upi,,,,True,False,False,,False,,,,,,,,,False,63,1428.62,0,0.2,,,False
333406608862,cust_M4iwXhWQfeG8d0,989.06,INR,card,607331,SBI,debit,False,,False,,False,,,,,,,,,False,430,2936.93,0,0.33,,,True
001094369903,cust_ddNJzBCjJnCjDQ,969.4,INR,card,400012,HDFC,credit,False,,False,,False,,,,,,,,,False,106,5134.73,2,0.19,,,True
704032750948,cust_t3IiTY0bFDnkN6,1462.77,INR,netbanking,,,,True,True,False,,False,,,,,,,,,False,171,1422.94,0,,,,True
518203851131,cust_Qz8PiX5f21RwZ5,1684.66,INR,card,524104,Axis,debit,False,,False,,True,insufficient_funds,51,2026-06-09 01:00:00,Tuesday,9.0,False,3.0,3.0,True,130,3887.05,2,0.67,2026-06-10 23:12:00,46.2,False
125251635912,cust_9GDXmVCoHStc8x,4387.4,INR,upi,,,,False,,False,,False,,,,,,,,,False,111,5681.42,3,,,,True
284213528640,cust_wZZjodfvJYOudf,564.26,INR,upi,,,,False,,True,43.0,False,,,,,,,,,False,1829,254.34,1,,,,True
411089276498,cust_jMbP4sfeqro5tP,1269.3,INR,upi,,,,False,,False,,False,,,,,,,,,False,52,7168.04,1,0.78,,,True
561424731393,cust_ME8DANyLGMkg1v,1568.96,INR,upi,,,,False,,False,,False,,,,,,,,,False,78,5547.06,4,,,,True
048932609414,cust_eYXhGN8YOWinUy,4405.43,INR,card,417612,Kotak,debit,True,True,False,,False,,,,,,,,,False,53,3665.44,1,,,,False
249274322569,cust_t1uiOwxRp5Y78T,1184.02,INR,upi,,,,True,True,False,,False,,,,,,,,,False,160,4690.8,1,,,,False
858712973911,cust_YVXes4FPOW9dK0,919.89,INR,card,417612,Kotak,debit,False,,False,,True,insufficient_funds,51,2026-08-09 17:00:00,Sunday,9.0,False,2.0,2.0,False,452,187.1,1,,2026-08-10 22:24:00,29.4,False
752292554607,cust_fGlU5Jc7ACp191,150.39,INR,upi,,,,True,False,False,,False,,,,,,,,,False,9,2891.82,1,0.74,,,False
155268564329,cust_rMuyDG2LUcQ1gn,993.97,INR,card,524104,Axis,credit,False,,False,,True,insufficient_funds,51,2026-06-03 04:00:00,Wednesday,3.0,True,2.0,2.0,False,201,483.69,1,0.22,2026-06-03 18:36:00,14.6,True
024210677926,cust_5eEc3m807Qi3yU,1463.88,INR,wallet,,,,False,,False,,False,,,,,,,,,False,10,2468.05,1,0.49,,,True
908322112752,cust_ZV6sieQ44FpTfH,668.3,INR,card,607332,SBI,debit,True,False,False,,False,,,,,,,,,False,159,969.92,3,,,,False
796373491119,cust_WSGAi1UtWwgXoN,317.24,INR,card,417612,Kotak,debit,False,,False,,True,insufficient_funds,51,2026-06-06 04:00:00,Saturday,6.0,False,1.0,1.0,False,433,2249.12,2,,2026-06-12 07:48:00,147.8,True
916732464648,cust_zON34n2vZC1z6d,1016.29,INR,card,508227,ICICI,debit,True,False,False,,False,,,,,,,,,False,242,6589.38,1,0.24,,,False
131751726707,cust_xNxay8qU8jIzxv,1198.39,INR,card,607332,SBI,debit,True,False,False,,False,,,,,,,,,False,908,3375.95,1,0.71,,,False
468626510572,cust_pX8y7xSRsVbPdM,1269.02,INR,wallet,,,,False,,False,,True,insufficient_funds,51,2026-08-24 22:00:00,Monday,24.0,False,5.0,5.0,True,568,2366.57,0,0.43,2026-08-29 11:00:00,109.0,False
842025102656,cust_eECaTPF7zj69pQ,1253.8,INR,card,607331,SBI,debit,False,,False,,False,,,,,,,,,False,1398,1361.57,1,,,,True
158894509862,cust_2yjr7ivu7cckBH,1337.04,INR,card,508228,ICICI,credit,False,,False,,False,,,,,,,,,False,931,1676.38,3,0.23,,,True
321030049089,cust_2CmPSZiDRIM2gn,1142.22,INR,card,524105,Axis,debit,True,True,False,,False,,,,,,,,,False,245,2028.72,0,0.79,,,False
070704217538,cust_QThIOrrDZhZMa4,2833.64,INR,wallet,,,,False,,False,,True,insufficient_funds,51,2026-08-28 18:00:00,Friday,28.0,True,4.0,4.0,False,572,4326.84,1,,2026-08-29 00:54:00,6.9,True
348195621846,cust_cn3cFt45vMUT9e,414.08,INR,card,417612,Kotak,debit,True,False,False,,False,,,,,,,,,False,122,1402.64,0,0.17,,,False
945424627094,cust_QzfnHBXkL1kVK3,2746.51,INR,upi,,,,False,,False,,False,,,,,,,,,False,4,693.47,2,0.35,,,True
379161207033,cust_oWmsdu0MNI6NFF,2565.3,INR,upi,,,,True,True,False,,False,,,,,,,,,False,434,3106.84,1,,,,True
463423137430,cust_lxyLoQsVckOXGM,653.52,INR,upi,,,,False,,False,,False,,,,,,,,,False,263,1331.25,0,0.35,,,True
270755659332,cust_wQAxTaWuV3jwTT,2923.36,INR,wallet,,,,False,,False,,True,insufficient_funds,51,2026-06-30 04:00:00,Tuesday,30.0,True,2.0,2.0,False,339,5155.45,2,0.45,2026-06-30 18:54:00,14.9,True
590197349923,cust_ut5e9x3GfOjAr5,374.02,INR,card,508227,ICICI,credit,False,,False,,False,,,,,,,,,False,762,881.31,1,,,,True
601473328460,cust_OEsTsPKPRbnQwE,2070.78,INR,card,508227,ICICI,credit,True,False,False,,False,,,,,,,,,False,23,1133.65,1,0.53,,,True
594107488068,cust_IPjHJrvDx1oXZJ,627.87,INR,upi,,,,False,,False,,False,,,,,,,,,False,253,1851.45,3,0.53,,,True
029745041718,cust_sxKzqj4kStjEDv,3176.3,INR,card,508227,ICICI,debit,False,,False,,True,insufficient_funds,51,2026-07-12 04:00:00,Sunday,12.0,False,2.0,2.0,False,242,863.46,0,0.73,2026-07-13 21:36:00,41.6,True
110231195200,cust_9XaKPdGzPaGivx,1511.66,INR,card,524104,Axis,debit,False,,False,,False,,,,,,,,,False,802,3502.71,1,,,,True
377930871999,cust_IrBkpCKRwmDoAY,2600.77,INR,upi,,,,False,,False,,False,,,,,,,,,False,943,2780.56,0,0.51,,,True
518741769507,cust_aBxwZvhJoFijVn,2874.92,INR,card,508227,ICICI,debit,False,,False,,False,,,,,,,,,False,95,2338.85,1,0.93,,,True
036973368177,cust_cR0UiAMiSmckev,1365.4,INR,netbanking,,,,True,True,False,,False,,,,,,,,,False,14,2357.29,1,0.33,,,False
244476516692,cust_dUhWw8gXpJU5kM,1039.39,INR,card,607332,SBI,debit,False,,False,,True,insufficient_funds,51,2026-08-18 15:00:00,Tuesday,18.0,False,1.0,1.0,False,758,1767.51,2,,2026-08-21 20:24:00,77.4,True
625760869499,cust_8Coq4eRlXGnRW5,370.02,INR,upi,,,,False,,False,,True,insufficient_funds,51,2026-07-26 03:00:00,Sunday,26.0,True,4.0,4.0,True,1042,3602.79,1,,2026-07-26 23:06:00,20.1,False
085997537525,cust_ohNkyAxrVJ7UFF,678.56,INR,netbanking,,,,False,,False,,False,,,,,,,,,False,7,5011.83,1,,,,True
646631650003,cust_8IVnu0j8xzYz29,5169.55,INR,card,417612,Kotak,credit,False,,False,,True,insufficient_funds,51,2026-06-28 14:00:00,Sunday,28.0,True,1.0,1.0,False,61,3001.0,0,0.53,2026-06-29 01:48:00,11.8,True
403149452803,cust_QyhdbtQ0zF2Pcl,1776.35,INR,upi,,,,True,False,False,,False,,,,,,,,,False,174,1469.64,0,,,,False
176163248818,cust_Ec99ENQ522WJzr,1074.7,INR,upi,,,,False,,False,,False,,,,,,,,,False,207,945.12,0,0.28,,,True
621225724113,cust_cbb1UxpZOYh73t,2381.52,INR,netbanking,,,,False,,True,6.1,False,,,,,,,,,False,263,2331.15,0,0.37,,,True
315329938531,cust_1yArGbBMhMgQdt,1693.89,INR,card,400012,HDFC,debit,True,False,False,,False,,,,,,,,,False,904,962.59,2,0.63,,,False
217621206913,cust_E0Gvz2CUvIXKzv,2288.76,INR,card,508228,ICICI,credit,False,,False,,False,,,,,,,,,False,142,1790.1,0,0.69,,,True
186014968004,cust_urTBZeOc6NSGww,1781.46,INR,netbanking,,,,False,,False,,False,,,,,,,,,False,12,2937.52,2,0.63,,,True
321464902130,cust_emIGDEq8XqJmFE,1134.18,INR,card,508227,ICICI,debit,False,,False,,False,,,,,,,,,False,359,753.05,1,0.31,,,True
378014605626,cust_lla6xcshhuCUZm,2860.6,INR,upi,,,,False,,False,,True,insufficient_funds,51,2026-08-10 14:00:00,Monday,10.0,False,4.0,4.0,True,204,1859.97,1,,2026-08-11 01:18:00,11.3,False
000076431376,cust_AOwx67HbHvwcHp,3176.82,INR,card,607332,SBI,credit,False,,False,,False,,,,,,,,,False,20,3145.79,1,0.64,,,True
049810738270,cust_jXce7YvSQnlxbX,723.48,INR,upi,,,,False,,False,,True,insufficient_funds,51,2026-07-13 00:00:00,Monday,13.0,False,1.0,1.0,False,354,1700.48,2,0.25,2026-07-15 21:30:00,69.5,False
495032784712,cust_le1XCMLaDShVBl,1467.24,INR,card,524104,Axis,debit,False,,False,,False,,,,,,,,,False,48,788.62,0,0.32,,,True
694440148417,cust_UXvatliNv5P7bY,1154.47,INR,upi,,,,True,True,False,,False,,,,,,,,,False,117,4117.29,1,0.7,,,False
864067612636,cust_8mtBX4XCprUx0w,1097.21,INR,card,417612,Kotak,debit,True,False,False,,False,,,,,,,,,False,490,2873.08,0,,,,False
311455018525,cust_WO6gXGKnm0uJ6l,689.2,INR,card,417612,Kotak,debit,False,,False,,False,,,,,,,,,False,425,1274.53,1,0.21,,,True
213007439559,cust_Wi5PBH17MjoKwW,264.51,INR,netbanking,,,,False,,False,,True,insufficient_funds,51,2026-06-22 03:00:00,Monday,22.0,False,4.0,4.0,True,128,2106.48,1,0.42,2026-06-24 04:00:00,49.0,False
701456832975,cust_kqDfz1aMM4wVpr,5744.08,INR,card,524104,Axis,credit,False,,False,,True,insufficient_funds,51,2026-07-06 07:00:00,Monday,6.0,False,2.0,2.0,False,234,3872.95,2,0.59,2026-07-07 00:24:00,17.4,False
458325002888,cust_m9bJCyMXu0GD65,1103.1,INR,upi,,,,False,,False,,False,,,,,,,,,False,301,8635.98,0,0.38,,,True
314728011292,cust_FTZKmUBDYTZUXz,1702.35,INR,upi,,,,False,,False,,False,,,,,,,,,False,176,979.95,1,0.06,,,True
863769242418,cust_TjIdRbIXCFtluX,1366.93,INR,card,607331,SBI,debit,False,,False,,False,,,,,,,,,False,491,255.16,1,0.48,,,True
363959439816,cust_5G7y3SjF9bChpQ,606.85,INR,upi,,,,False,,False,,False,,,,,,,,,False,525,3252.45,0,,,,True
787197765262,cust_L7liBspRFb91Kz,1381.63,INR,card,524104,Axis,credit,False,,False,,True,insufficient_funds,51,2026-07-14 23:00:00,Tuesday,14.0,False,3.0,3.0,False,669,4676.67,0,0.39,2026-07-15 09:00:00,10.0,True
473011849686,cust_NI6jdwyLGaactp,2266.05,INR,card,607332,SBI,credit,True,False,False,,False,,,,,,,,,False,10,636.14,0,,,,False
811560026125,cust_7RlM5jQZGES6x7,932.6,INR,upi,,,,False,,False,,True,insufficient_funds,51,2026-07-20 05:00:00,Monday,20.0,False,1.0,1.0,False,159,565.11,0,0.32,2026-07-27 05:00:00,168.0,True
168696209474,cust_rjkvJRNWWS6Jnd,315.29,INR,card,508227,ICICI,credit,True,True,False,,False,,,,,,,,,False,372,2517.05,1,0.15,,,False
219880908629,cust_pMuJRP0qSuCyG1,2610.12,INR,card,607331,SBI,debit,True,False,False,,False,,,,,,,,,False,236,2806.71,0,0.15,,,False
928639596647,cust_zWzCsh9GzuS9bV,1487.02,INR,upi,,,,True,False,False,,False,,,,,,,,,False,56,2008.74,2,0.63,,,False
386298850992,cust_TlaqVC1V9R86En,818.99,INR,card,508227,ICICI,credit,False,,False,,True,insufficient_funds,51,2026-06-11 03:00:00,Thursday,11.0,False,3.0,3.0,True,181,7324.94,2,0.61,2026-06-13 20:00:00,65.0,False
670520680133,cust_nly08WvF4FrDE5,1329.74,INR,card,524104,Axis,debit,False,,False,,False,,,,,,,,,False,441,3334.2,2,0.27,,,True
255670202204,cust_q9UCABpByBTuyk,1674.33,INR,card,508228,ICICI,debit,False,,False,,True,insufficient_funds,51,2026-06-01 13:00:00,Monday,1.0,True,2.0,2.0,False,31,1988.9,1,,2026-06-03 07:54:00,42.9,True
562644300614,cust_rdRCJdnTBlX6Wa,5164.41,INR,card,417612,Kotak,credit,True,False,False,,False,,,,,,,,,False,299,4397.23,2,,,,False
842090876466,cust_sR80qpJOCTHQLi,1083.54,INR,upi,,,,False,,False,,False,,,,,,,,,False,122,2065.3,1,0.63,,,True
103947915484,cust_O3BqXaH4fnpixd,883.04,INR,upi,,,,False,,False,,False,,,,,,,,,False,301,8635.24,0,0.26,,,True
561087839213,cust_Vcm6HkdDtIdQI0,1285.33,INR,card,607332,SBI,credit,False,,False,,True,insufficient_funds,51,2026-07-27 02:00:00,Monday,27.0,True,5.0,5.0,False,409,1293.99,0,0.27,2026-07-27 06:06:00,4.1,True
413322675236,cust_sOfC1PdXJ51i4t,3469.94,INR,upi,,,,False,,False,,False,,,,,,,,,False,161,4315.78,0,0.64,,,True
745038944808,cust_qhSmx6y6E3cE3R,969.34,INR,card,524105,Axis,debit,False,,False,,True,insufficient_funds,51,2026-06-18 05:00:00,Thursday,18.0,False,2.0,2.0,False,614,3720.65,0,0.75,2026-06-22 01:48:00,92.8,True
181745620370,cust_8GN8ahKXV78jAy,3234.52,INR,card,524105,Axis,credit,True,True,False,,False,,,,,,,,,False,43,1029.35,3,,,,False
490589099170,cust_c584Hn7x25KGsc,400.29,INR,upi,,,,False,,False,,True,insufficient_funds,51,2026-08-21 19:00:00,Friday,21.0,False,1.0,1.0,False,260,5302.7,0,0.93,2026-08-26 22:00:00,123.0,True
288974991851,cust_7SLqLKfXaiIkPU,476.68,INR,upi,,,,True,True,False,,False,,,,,,,,,False,631,7150.51,2,,,,False
453060910181,cust_gll7p2gNE0f7aX,577.29,INR,upi,,,,True,False,False,,False,,,,,,,,,False,1301,2457.1,1,0.72,,,False
489368644787,cust_17LmLNV24lj3r2,641.71,INR,netbanking,,,,False,,True,95.1,False,,,,,,,,,False,806,293.78,1,0.25,,,False
654374744267,cust_YzpEzftFbRMfKu,725.35,INR,upi,,,,False,,False,,False,,,,,,,,,False,236,260.55,3,0.74,,,True
222071989937,cust_Z6lCLe6mwVAOHg,2047.27,INR,upi,,,,False,,True,11.0,False,,,,,,,,,False,299,3958.56,0,,,,True
691857260064,cust_9GDXmVCoHStc8x,895.13,INR,card,400013,HDFC,credit,False,,False,,True,insufficient_funds,51,2026-06-23 15:00:00,Tuesday,23.0,False,3.0,3.0,True,111,5681.42,5,0.35,2026-06-28 20:30:00,125.5,False
750907038105,cust_It2cWSiKl01IhQ,1599.92,INR,card,524104,Axis,credit,False,,False,,True,insufficient_funds,51,2026-07-06 06:00:00,Monday,6.0,False,1.0,1.0,False,99,3658.86,0,0.2,2026-07-06 13:54:00,7.9,False
895892357386,cust_3sf3xqmHuK98yH,1704.86,INR,card,417612,Kotak,debit,False,,False,,False,,,,,,,,,False,4,4277.08,1,,,,True
839799328802,cust_iHIe9tVmCzTTyS,433.79,INR,upi,,,,False,,False,,False,,,,,,,,,False,548,830.26,0,0.56,,,True
843713385176,cust_rg9VhNGyOLSz7l,76.41,INR,card,400014,HDFC,debit,False,,False,,False,,,,,,,,,False,86,6499.93,1,0.67,,,True
030377355321,cust_LqUFWuTwUQS0d1,709.69,INR,card,508227,ICICI,debit,False,,False,,False,,,,,,,,,False,563,1532.33,0,0.66,,,True
934625788007,cust_Wxq7IlwCEwWXjl,684.87,INR,upi,,,,True,False,False,,False,,,,,,,,,False,136,8061.82,1,,,,False
525578389169,cust_QEq0k8kePGyj9z,878.46,INR,upi,,,,False,,True,8.4,False,,,,,,,,,False,117,1510.97,0,0.44,,,False
238616629764,cust_VqDGwcH1bA7MqI,60.39,INR,card,417612,Kotak,debit,False,,False,,True,insufficient_funds,51,2026-08-19 17:00:00,Wednesday,19.0,False,3.0,3.0,True,1052,3966.67,1,0.12,2026-08-23 17:12:00,96.2,False
565811653973,cust_X3thTnZjX8vJp3,2137.52,INR,netbanking,,,,False,,False,,True,insufficient_funds,51,2026-06-06 12:00:00,Saturday,6.0,False,1.0,1.0,False,352,328.16,1,0.57,2026-06-09 06:54:00,66.9,False
978892980969,cust_UkzWGszFD3dbWg,1067.71,INR,card,524105,Axis,credit,False,,False,,True,insufficient_funds,51,2026-06-19 16:00:00,Friday,19.0,False,3.0,3.0,True,154,3808.84,3,,2026-06-24 05:54:00,109.9,False
966215971429,cust_lVEbfOUXzZn2IU,924.77,INR,upi,,,,True,True,False,,False,,,,,,,,,False,536,2292.0,2,0.62,,,False
718460438659,cust_IPjHJrvDx1oXZJ,956.41,INR,netbanking,,,,True,False,False,,False,,,,,,,,,False,253,1851.45,2,0.53,,,False
456306871911,cust_hqTAlsWH8mgttP,1968.64,INR,card,417612,Kotak,debit,False,,False,,True,insufficient_funds,51,2026-06-05 05:00:00,Friday,5.0,True,1.0,1.0,False,119,2800.49,0,,2026-06-05 14:48:00,9.8,True
439931968564,cust_MvBzZLWy67kbEB,1698.25,INR,upi,,,,False,,True,98.2,False,,,,,,,,,False,101,5640.07,0,0.59,,,False
851364136425,cust_bnNtVnuHKYSuuh,2959.75,INR,netbanking,,,,False,,False,,True,insufficient_funds,51,2026-06-26 02:00:00,Friday,26.0,True,1.0,1.0,False,18,3700.94,0,0.56,2026-06-26 05:18:00,3.3,False
370007914873,cust_UAp8JRH0krW7s0,1413.93,INR,upi,,,,False,,False,,False,,,,,,,,,False,455,3666.47,1,0.46,,,True
591988305019,cust_fl4Y9H8YMFLlzz,376.58,INR,card,400014,HDFC,credit,False,,False,,False,,,,,,,,,False,80,3541.69,0,0.5,,,True
706256548469,cust_ymaaCVcNqJengS,3191.75,INR,upi,,,,False,,False,,False,,,,,,,,,False,418,3516.97,1,0.76,,,True
750183063641,cust_DJiS9HvlxNgbb1,1747.16,INR,card,524105,Axis,debit,True,False,False,,False,,,,,,,,,False,846,2619.79,0,,,,False
918421538096,cust_aWfV0yG7nzrbt7,1602.59,INR,netbanking,,,,False,,False,,True,insufficient_funds,51,2026-08-26 09:00:00,Wednesday,26.0,True,1.0,1.0,False,234,6178.83,0,,2026-08-26 13:00:00,4.0,True
879642842972,cust_o4zEKTujRHqr6f,409.38,INR,upi,,,,False,,False,,False,,,,,,,,,False,298,3268.61,1,0.41,,,True
386873993474,cust_OZpF8Egf9iYdn8,1763.46,INR,upi,,,,True,False,False,,False,,,,,,,,,False,265,10856.59,2,0.39,,,False
542623272689,cust_Wp4aYuVw0jg6ym,1774.48,INR,card,524104,Axis,credit,False,,False,,True,insufficient_funds,51,2026-08-09 06:00:00,Sunday,9.0,False,1.0,1.0,False,2,5242.13,1,0.51,2026-08-16 11:12:00,173.2,True
575869696882,cust_K4Xo8ZnmIm9lt6,1333.91,INR,netbanking,,,,False,,False,,False,,,,,,,,,False,130,2954.69,1,,,,True
520643499218,cust_6za0S9FnYd6RoU,3123.98,INR,upi,,,,True,False,False,,False,,,,,,,,,False,640,2530.52,0,0.43,,,False
628229453537,cust_oBKLYlEEP48Ggt,1023.26,INR,card,400013,HDFC,debit,True,True,False,,False,,,,,,,,,False,16,6710.28,1,,,,True
554180119610,cust_a1wBp5Yl1uHmx3,810.74,INR,card,417612,Kotak,credit,False,,False,,True,insufficient_funds,51,2026-07-29 09:00:00,Wednesday,29.0,True,3.0,3.0,False,15,1353.27,3,0.54,2026-07-29 19:42:00,10.7,True
273662901533,cust_xtX6iiHAkh6Su4,1112.06,INR,upi,,,,False,,False,,False,,,,,,,,,False,185,303.49,3,0.6,,,True
623690220957,cust_axTqIpzfe2diau,1582.41,INR,netbanking,,,,False,,False,,True,insufficient_funds,51,2026-07-27 14:00:00,Monday,27.0,True,1.0,1.0,False,1034,871.05,0,0.11,2026-07-27 18:42:00,4.7,False
768307912309,cust_X7lmOOJ84UhMIh,803.01,INR,card,508228,ICICI,credit,False,,False,,True,insufficient_funds,51,2026-06-02 12:00:00,Tuesday,2.0,True,5.0,5.0,True,138,2223.81,3,0.56,2026-06-02 18:00:00,6.0,False
146983654556,cust_rGd4QBUQUvIht5,843.12,INR,card,400013,HDFC,credit,False,,False,,False,,,,,,,,,False,33,519.71,1,0.39,,,True
978653069337,cust_mcvLBr1jN7uc6h,732.31,INR,upi,,,,True,False,False,,False,,,,,,,,,False,55,440.19,2,0.46,,,True
694451422088,cust_rdRCJdnTBlX6Wa,2616.92,INR,netbanking,,,,False,,False,,True,insufficient_funds,51,2026-08-28 00:00:00,Friday,28.0,True,3.0,3.0,True,299,4397.23,1,0.66,2026-08-28 05:36:00,5.6,False
347814814555,cust_ZV6sieQ44FpTfH,737.5,INR,card,400014,HDFC,debit,False,,False,,True,insufficient_funds,51,2026-07-08 10:00:00,Wednesday,8.0,False,2.0,2.0,False,159,969.92,1,0.4,2026-07-11 11:12:00,73.2,False
426408959440,cust_QEq0k8kePGyj9z,1719.21,INR,card,607331,SBI,debit,False,,False,,False,,,,,,,,,False,117,1510.97,1,0.44,,,True
974289927855,cust_zFFtyikiUHVpu1,3397.49,INR,card,607331,SBI,credit,True,True,False,,False,,,,,,,,,False,414,2096.04,2,0.48,,,False
603843811712,cust_a8kdXHLWxD0RiQ,3009.64,INR,card,607332,SBI,credit,False,,False,,False,,,,,,,,,False,72,1083.47,1,,,,True
460720228576,cust_FTZKmUBDYTZUXz,1630.55,INR,card,524105,Axis,debit,False,,False,,False,,,,,,,,,False,176,979.95,1,,,,True
900619416346,cust_LqUFWuTwUQS0d1,869.09,INR,netbanking,,,,False,,True,27.9,False,,,,,,,,,False,563,1532.33,2,0.66,,,False
963730485816,cust_QQb9R4eH0c3bFq,1174.39,INR,upi,,,,False,,False,,True,insufficient_funds,51,2026-07-21 10:00:00,Tuesday,21.0,False,2.0,2.0,False,685,1545.53,1,,2026-07-30 03:30:00,209.5,False
481053874644,cust_lOJiiF94cHzesf,1064.45,INR,card,524105,Axis,credit,False,,False,,True,insufficient_funds,51,2026-06-07 03:00:00,Sunday,7.0,False,3.0,3.0,True,29,4027.0,3,0.51,2026-06-10 08:12:00,77.2,False
063567312309,cust_NI6jdwyLGaactp,788.96,INR,card,417612,Kotak,credit,False,,False,,True,insufficient_funds,51,2026-06-05 23:00:00,Friday,5.0,True,1.0,1.0,False,10,636.14,0,,2026-06-06 23:48:00,24.8,True
502968133706,cust_2iG00RvQ4Jb6Nb,4921.57,INR,card,524104,Axis,credit,True,False,False,,False,,,,,,,,,False,113,4477.3,2,0.18,,,False
466207175002,cust_AZdNkF7JDJJMHq,3147.27,INR,upi,,,,True,True,False,,False,,,,,,,,,False,334,2072.38,1,0.44,,,True
408322051026,cust_E591eUcPZCtXTl,1413.19,INR,card,508227,ICICI,debit,False,,False,,False,,,,,,,,,False,8,2599.84,2,,,,True
776073174405,cust_yb9wOykVsnKIMM,213.73,INR,upi,,,,False,,False,,False,,,,,,,,,False,289,1202.56,0,0.36,,,True
797645764103,cust_5qhxW3hnFvoWoC,3172.08,INR,card,400012,HDFC,credit,False,,False,,True,insufficient_funds,51,2026-08-25 03:00:00,Tuesday,25.0,True,1.0,1.0,False,86,2917.4,2,,2026-08-25 09:48:00,6.8,False
944237768314,cust_TktKjC1SCyaRDc,1253.02,INR,card,400014,HDFC,debit,True,False,False,,False,,,,,,,,,False,153,3830.66,1,,,,False
673236133864,cust_hDNpLgVZk4RP1H,471.05,INR,card,417612,Kotak,debit,True,False,False,,False,,,,,,,,,False,1085,1733.77,3,0.15,,,False
665782317737,cust_KdgFcw3dTuWmdX,861.79,INR,card,400013,HDFC,credit,False,,False,,True,insufficient_funds,51,2026-08-17 18:00:00,Monday,17.0,False,1.0,1.0,False,886,471.91,0,,2026-08-21 09:42:00,87.7,True
441857807267,cust_xLyBihyegkswHu,2206.75,INR,upi,,,,True,False,False,,False,,,,,,,,,False,239,3859.19,0,0.13,,,False
937814709184,cust_8FFIyEja7OQTxr,2305.6,INR,upi,,,,True,False,False,,False,,,,,,,,,False,294,9746.96,0,,,,False
163226972920,cust_9wha4cAczR8A5d,772.04,INR,card,417612,Kotak,credit,False,,False,,False,,,,,,,,,False,679,4323.99,2,,,,True
925720546642,cust_PmkMGS6UmxUUy1,712.95,INR,upi,,,,False,,True,4.0,False,,,,,,,,,False,11,2573.64,4,0.23,,,True
519779164032,cust_52AjG8R9he60dL,663.59,INR,card,607331,SBI,credit,True,True,False,,False,,,,,,,,,False,116,315.81,1,0.32,,,True
765041145054,cust_BkH6I2vW0njzLA,904.66,INR,upi,,,,False,,False,,True,insufficient_funds,51,2026-06-17 03:00:00,Wednesday,17.0,False,5.0,5.0,False,214,534.61,0,0.47,2026-06-27 22:42:00,259.7,True
968465785258,cust_NRyhGm5kvdgAvv,887.95,INR,upi,,,,False,,False,,True,insufficient_funds,51,2026-06-09 10:00:00,Tuesday,9.0,False,5.0,5.0,True,230,432.39,5,0.29,2026-06-10 09:54:00,23.9,False
601811287937,cust_5aWKOeDlDs7a1B,1808.7,INR,upi,,,,False,,False,,False,,,,,,,,,False,54,890.78,3,,,,True
698002888380,cust_uTL9xWPGcAxY1V,1678.71,INR,card,400012,HDFC,credit,False,,False,,True,insufficient_funds,51,2026-06-14 19:00:00,Sunday,14.0,False,4.0,4.0,True,133,3722.68,1,,2026-06-19 00:06:00,101.1,False
933877156295,cust_VqDGwcH1bA7MqI,1409.23,INR,upi,,,,False,,True,37.1,False,,,,,,,,,False,1052,3966.67,0,0.12,,,True
856555391076,cust_XjPrA5hsupWEpU,5437.42,INR,upi,,,,False,,False,,True,insufficient_funds,51,2026-06-04 14:00:00,Thursday,4.0,True,4.0,4.0,True,655,3896.94,2,0.55,2026-06-04 20:54:00,6.9,False
441613864180,cust_IY1pkViF2sz558,3344.72,INR,card,524104,Axis,debit,False,,False,,True,insufficient_funds,51,2026-08-25 12:00:00,Tuesday,25.0,True,3.0,3.0,False,937,5497.84,2,0.6,2026-08-25 13:18:00,1.3,True
360413253269,cust_SkcpmQ72LLul2G,2284.35,INR,upi,,,,False,,False,,True,insufficient_funds,51,2026-08-17 22:00:00,Monday,17.0,False,1.0,1.0,False,102,1550.19,1,0.78,2026-08-21 02:18:00,76.3,False
958189261393,cust_XpQuiJYwMZd1I5,484.25,INR,netbanking,,,,False,,False,,False,,,,,,,,,False,225,611.44,1,0.07,,,True
067380799244,cust_dpGDaLkkzrmTys,1103.6,INR,netbanking,,,,True,False,False,,False,,,,,,,,,False,12,3235.52,1,,,,False
171181525302,cust_fCB4xiGYvFKghg,1700.39,INR,card,508227,ICICI,credit,False,,False,,False,,,,,,,,,False,117,2324.43,0,,,,True
376074363905,cust_ylXBzvnCPFImA7,861.42,INR,card,524105,Axis,debit,False,,False,,True,insufficient_funds,51,2026-08-21 14:00:00,Friday,21.0,False,1.0,1.0,False,166,3121.26,0,0.28,2026-08-27 01:54:00,131.9,False
690968746839,cust_qErt0DFaclTttH,1952.6,INR,card,524104,Axis,debit,False,,False,,True,insufficient_funds,51,2026-06-20 01:00:00,Saturday,20.0,False,2.0,2.0,False,281,4061.47,0,0.53,2026-06-20 01:48:00,0.8,False
826140616797,cust_N1m4Yrpw2cBdVc,75.08,INR,card,508227,ICICI,credit,False,,False,,True,insufficient_funds,51,2026-06-30 20:00:00,Tuesday,30.0,True,3.0,3.0,False,1022,4059.87,1,0.44,2026-06-30 23:00:00,3.0,True
068828491239,cust_yQDsjEcWejWPGj,152.51,INR,netbanking,,,,False,,False,,True,insufficient_funds,51,2026-07-18 00:00:00,Saturday,18.0,False,2.0,2.0,False,101,4890.85,4,,2026-07-23 09:54:00,129.9,False
072175819062,cust_SOvPQHwoItQFEs,727.67,INR,card,524105,Axis,credit,True,False,False,,False,,,,,,,,,False,336,4566.71,4,,,,False
479174039082,cust_j7RF9LXTaqZxUx,111.41,INR,upi,,,,False,,False,,False,,,,,,,,,False,224,1005.83,2,0.42,,,True
157843818966,cust_CezIwrFJbanEvc,1275.49,INR,netbanking,,,,True,False,False,,False,,,,,,,,,False,249,4959.12,1,0.7,,,False
186806332751,cust_9VIigneLlr8ABm,425.97,INR,card,417612,Kotak,credit,False,,False,,True,insufficient_funds,51,2026-07-18 14:00:00,Saturday,18.0,False,2.0,2.0,False,208,818.96,0,0.12,2026-07-21 05:42:00,63.7,False
594113235008,cust_Qr4jf6eb0wwhA7,1765.86,INR,upi,,,,False,,False,,False,,,,,,,,,False,363,1171.7,2,0.7,,,True
062716823651,cust_TwU3C24CXlgJA3,1280.33,INR,card,607331,SBI,debit,False,,False,,True,insufficient_funds,51,2026-08-28 21:00:00,Friday,28.0,True,3.0,3.0,False,96,1912.61,3,0.11,2026-08-29 03:24:00,6.4,True
241954675732,cust_xglNYhcI6zeclJ,720.47,INR,card,524104,Axis,credit,False,,False,,True,insufficient_funds,51,2026-06-20 11:00:00,Saturday,20.0,False,1.0,1.0,False,113,3244.28,1,0.49,2026-06-22 00:18:00,37.3,False
995342808175,cust_cZ3nKNi9OlUp4o,1729.53,INR,netbanking,,,,False,,False,,False,,,,,,,,,False,38,7899.64,1,0.21,,,True
968988249843,cust_R2QzxZO3ZAJXyy,423.23,INR,upi,,,,False,,False,,False,,,,,,,,,False,97,6383.06,0,,,,True
843215205525,cust_2PfTNLUesscYu5,1099.54,INR,card,607332,SBI,credit,False,,False,,False,,,,,,,,,False,94,8462.6,2,0.7,,,True
654455441780,cust_mbIlC5vLNTj6V6,933.43,INR,upi,,,,False,,False,,False,,,,,,,,,False,528,2834.18,1,0.19,,,True
024007729791,cust_UPjdFWu2oi10KW,1292.41,INR,upi,,,,False,,False,,False,,,,,,,,,False,145,595.59,1,0.12,,,True
343607400425,cust_KvlHGyxUoxhYZm,3626.01,INR,card,508228,ICICI,credit,False,,False,,True,insufficient_funds,51,2026-08-19 18:00:00,Wednesday,19.0,False,1.0,1.0,False,375,1404.06,0,,2026-08-22 17:06:00,71.1,False
538927034859,cust_KJUXFFxAheF8yo,3872.19,INR,card,400012,HDFC,credit,False,,False,,False,,,,,,,,,False,583,1492.6,3,0.82,,,True
974475881983,cust_0bZvPyVfFXuWpJ,695.74,INR,upi,,,,False,,False,,True,insufficient_funds,51,2026-07-19 08:00:00,Sunday,19.0,False,3.0,3.0,True,155,3365.14,2,0.54,2026-07-20 22:48:00,38.8,False
894138576726,cust_yEt5DgOvdOVkXu,1828.75,INR,card,417612,Kotak,credit,False,,False,,True,insufficient_funds,51,2026-07-19 03:00:00,Sunday,19.0,False,2.0,2.0,False,352,5784.93,2,0.13,2026-07-21 17:48:00,62.8,False
152707815339,cust_icBAQ7zdo3ZeqP,1930.53,INR,card,607332,SBI,debit,True,True,False,,False,,,,,,,,,False,717,3701.82,2,,,,False
994334834014,cust_jqjEHEQjOgwLq9,811.25,INR,card,607331,SBI,credit,True,True,False,,False,,,,,,,,,False,354,1290.86,2,,,,False
473721091360,cust_2iG00RvQ4Jb6Nb,1702.42,INR,card,508227,ICICI,credit,False,,False,,True,insufficient_funds,51,2026-06-28 03:00:00,Sunday,28.0,True,1.0,1.0,False,113,4477.3,1,0.18,2026-06-28 05:42:00,2.7,False
384814123565,cust_9XaKPdGzPaGivx,2369.5,INR,netbanking,,,,False,,False,,True,insufficient_funds,51,2026-06-06 09:00:00,Saturday,6.0,False,1.0,1.0,False,802,3502.71,1,0.12,2026-06-08 09:00:00,48.0,False
682473222253,cust_Ax6FPhUYmWowyl,1489.34,INR,netbanking,,,,True,True,False,,False,,,,,,,,,False,339,3571.74,0,0.42,,,False
442807234408,cust_1e2jdbLD6dyYEn,1674.9,INR,wallet,,,,False,,False,,False,,,,,,,,,False,210,3369.09,3,,,,True
440532077626,cust_odh0a2tvWYjMiE,1152.9,INR,upi,,,,False,,True,1.6,False,,,,,,,,,False,532,3029.3,2,0.84,,,False
608773352222,cust_FaJffDQGotaSYk,1034.23,INR,upi,,,,False,,False,,False,,,,,,,,,False,211,2831.84,0,0.53,,,True
429981496960,cust_w1gc7DdYqe4EFl,3224.27,INR,card,400014,HDFC,debit,True,False,False,,False,,,,,,,,,False,193,1035.76,2,0.56,,,False
078573406557,cust_RJc2Fs2yovJ7gt,2618.75,INR,wallet,,,,False,,False,,False,,,,,,,,,False,173,1217.36,1,0.85,,,True
018574940744,cust_qErt0DFaclTttH,1527.67,INR,upi,,,,True,False,False,,False,,,,,,,,,False,281,4061.47,1,0.53,,,False
744077468851,cust_zh3udQPnvgmRER,609.98,INR,upi,,,,False,,False,,False,,,,,,,,,False,740,2267.24,3,0.59,,,True
733635621227,cust_Jsbvmt8qmyFbvv,2499.89,INR,upi,,,,False,,True,65.1,False,,,,,,,,,False,213,3215.59,1,0.51,,,False
498386649000,cust_cpWDhNaNQzUjje,1948.97,INR,upi,,,,True,False,False,,False,,,,,,,,,False,202,1164.05,3,,,,False
333825047322,cust_tYq18KuXwYQLJN,921.62,INR,netbanking,,,,False,,False,,False,,,,,,,,,False,276,994.07,1,0.64,,,True
032197692568,cust_ddbrTSyH0opK9P,264.79,INR,upi,,,,False,,False,,True,insufficient_funds,51,2026-06-02 12:00:00,Tuesday,2.0,True,1.0,1.0,False,90,5263.88,0,0.71,2026-06-02 12:00:00,0.0,True
768498400235,cust_bnNtVnuHKYSuuh,1341.27,INR,card,607332,SBI,debit,False,,False,,False,,,,,,,,,False,18,3700.94,2,0.56,,,True
294383997311,cust_bsp5v5MmtCjaUh,1042.96,INR,upi,,,,False,,False,,False,,,,,,,,,False,112,4795.33,0,0.6,,,True
366857699953,cust_fk6GSVi3j0aUTL,3190.22,INR,netbanking,,,,False,,False,,False,,,,,,,,,False,39,2181.24,2,0.28,,,True
891471590259,cust_D37eGekg895I1j,248.33,INR,upi,,,,False,,False,,True,insufficient_funds,51,2026-07-13 20:00:00,Monday,13.0,False,2.0,2.0,False,148,476.73,1,0.48,2026-07-16 17:00:00,69.0,False
700158811683,cust_SQWAnXLB1wOsoh,3659.93,INR,card,524105,Axis,credit,False,,False,,False,,,,,,,,,False,3,1395.65,0,0.47,,,True
727059151929,cust_XH4PhvHSSNtjNS,547.2,INR,upi,,,,True,False,False,,False,,,,,,,,,False,31,1046.95,3,0.5,,,False
023638930030,cust_e4DOTbaCuvcEiI,1113.48,INR,upi,,,,True,False,False,,False,,,,,,,,,False,383,1921.49,1,0.19,,,False
600973563477,cust_6VrBRLVON4Vl0o,1180.21,INR,upi,,,,False,,False,,False,,,,,,,,,False,88,348.12,1,0.88,,,True
393771519853,cust_zE8nbqV2wnL7a4,2591.18,INR,card,400014,HDFC,debit,True,False,False,,False,,,,,,,,,False,76,5859.25,0,0.42,,,False
099793608887,cust_xtX6iiHAkh6Su4,1224.27,INR,card,607331,SBI,debit,True,False,False,,False,,,,,,,,,False,185,303.49,1,,,,False
418910836178,cust_dWrXrVEEqDzhvy,1217.01,INR,upi,,,,False,,False,,False,,,,,,,,,False,305,7398.64,1,,,,True
901259003266,cust_rfD3rmRMI8OtNX,805.17,INR,upi,,,,False,,False,,False,,,,,,,,,False,951,2655.93,2,,,,True
754710969234,cust_sJJUD5mpejWwTN,3059.57,INR,card,508228,ICICI,debit,False,,False,,True,insufficient_funds,51,2026-07-09 03:00:00,Thursday,9.0,False,2.0,2.0,False,444,4629.71,0,0.33,2026-07-11 04:24:00,49.4,False
132170659671,cust_knMNZUN20s74lf,2025.26,INR,card,417612,Kotak,credit,False,,False,,False,,,,,,,,,False,187,3805.85,0,,,,True
519107882939,cust_jSuYYAy2cDDzoU,1876.26,INR,card,524104,Axis,credit,True,False,False,,False,,,,,,,,,False,117,1563.73,1,0.2,,,True
869533620363,cust_It2cWSiKl01IhQ,470.37,INR,card,524105,Axis,credit,False,,False,,False,,,,,,,,,False,99,3658.86,4,0.2,,,True
734996226068,cust_ddNJzBCjJnCjDQ,1587.17,INR,netbanking,,,,False,,True,12.1,False,,,,,,,,,False,106,5134.73,1,0.19,,,False
000713945648,cust_fo2txjakfJ2qD9,319.15,INR,upi,,,,True,False,False,,False,,,,,,,,,False,55,737.73,0,0.16,,,False
203778577759,cust_IgjLSXX1wtiaeD,1297.21,INR,card,400014,HDFC,debit,False,,False,,True,insufficient_funds,51,2026-08-29 08:00:00,Saturday,29.0,True,3.0,3.0,True,480,1449.87,4,,2026-08-29 15:12:00,7.2,False
287924558942,cust_njovZnemR7dxqS,3420.02,INR,netbanking,,,,True,True,False,,False,,,,,,,,,False,126,1369.06,0,0.29,,,False
326305874674,cust_gjo8TtOQSFi2ot,834.06,INR,card,508227,ICICI,credit,False,,False,,True,insufficient_funds,51,2026-06-17 05:00:00,Wednesday,17.0,False,1.0,1.0,False,355,3182.42,0,,2026-06-19 07:00:00,50.0,False
795185150751,cust_ZPhoEJtRQGxkvU,2822.42,INR,card,417612,Kotak,credit,False,,False,,False,,,,,,,,,False,210,3588.28,0,0.24,,,True
529496563354,cust_UbPfcEruXu1YAH,1238.42,INR,upi,,,,False,,True,37.1,False,,,,,,,,,False,15,1604.58,1,0.29,,,True
584126048675,cust_3ExDi6ZWrzQCES,92.21,INR,netbanking,,,,False,,True,62.8,False,,,,,,,,,False,157,2147.99,2,0.28,,,False
745429069389,cust_OyLZW45y4r0Ggp,1124.83,INR,card,400014,HDFC,debit,False,,False,,True,insufficient_funds,51,2026-06-15 15:00:00,Monday,15.0,False,3.0,3.0,False,486,2391.16,1,0.67,2026-06-17 19:24:00,52.4,True
764324703631,cust_GIuUwZJJSMFPjv,1712.43,INR,card,524105,Axis,debit,False,,False,,False,,,,,,,,,False,41,1679.96,1,0.74,,,True
908527801780,cust_2auymlajXnDKCf,1857.11,INR,upi,,,,False,,True,4.1,False,,,,,,,,,False,191,3549.05,0,,,,True
619157727644,cust_zrIrbAEPzitgGR,541.57,INR,upi,,,,False,,False,,False,,,,,,,,,False,385,4590.39,0,0.72,,,True
526006500295,cust_M4iwXhWQfeG8d0,1703.11,INR,netbanking,,,,True,True,False,,False,,,,,,,,,False,430,2936.93,1,0.33,,,True
327383949328,cust_j5wgIU7VmZC0JF,595.4,INR,card,508228,ICICI,debit,True,False,False,,False,,,,,,,,,False,358,4288.67,1,,,,True
648984740329,cust_MryrfL9knOIC95,1065.75,INR,upi,,,,False,,False,,False,,,,,,,,,False,53,505.17,1,0.43,,,True
051594791571,cust_zWzCsh9GzuS9bV,740.37,INR,netbanking,,,,False,,False,,False,,,,,,,,,False,56,2008.74,0,0.63,,,True
997866586485,cust_oJ5QoPX4KYSrOo,1279.13,INR,netbanking,,,,True,False,False,,False,,,,,,,,,False,354,2440.66,1,,,,False
342636270570,cust_DgHbevCwtjE85X,1932.02,INR,netbanking,,,,True,False,False,,False,,,,,,,,,False,28,2797.18,0,0.38,,,False
075515430562,cust_mHzGSfzI4BaJoO,2619.26,INR,upi,,,,True,True,False,,False,,,,,,,,,False,474,2822.08,2,,,,False
121961775664,cust_j292EISYJ9xp7T,577.15,INR,card,607332,SBI,credit,False,,False,,False,,,,,,,,,False,29,4822.06,1,0.21,,,True
500372728275,cust_AOwx67HbHvwcHp,2630.64,INR,card,417612,Kotak,debit,True,False,False,,False,,,,,,,,,False,20,3145.79,1,0.64,,,False
782684962125,cust_2I51xLddGYnhxJ,2327.99,INR,card,400014,HDFC,debit,True,False,False,,False,,,,,,,,,False,91,2502.15,1,0.17,,,False
196487626866,cust_hWuZUFKd5ET3by,959.5,INR,card,607332,SBI,credit,True,True,False,,False,,,,,,,,,False,7,3472.94,2,,,,True
932229633364,cust_RJc2Fs2yovJ7gt,1593.28,INR,card,508228,ICICI,credit,False,,False,,True,insufficient_funds,51,2026-07-18 01:00:00,Saturday,18.0,False,1.0,1.0,False,173,1217.36,1,0.85,2026-07-18 12:36:00,11.6,False
307778458356,cust_8Coq4eRlXGnRW5,1230.51,INR,card,524105,Axis,debit,False,,False,,True,insufficient_funds,51,2026-07-20 23:00:00,Monday,20.0,False,1.0,1.0,False,1042,3602.79,0,0.29,2026-07-21 19:00:00,20.0,False
742769300145,cust_9KnklfRaztgo8P,1554.72,INR,upi,,,,False,,False,,True,insufficient_funds,51,2026-07-14 09:00:00,Tuesday,14.0,False,3.0,3.0,False,298,5204.15,0,0.82,2026-07-17 23:30:00,86.5,True
074578691333,cust_rZHBUxmz5F0Pkg,342.58,INR,upi,,,,False,,True,18.7,False,,,,,,,,,False,682,2595.14,1,,,,True
293704181036,cust_08ymnB5zQLrTVA,2699.85,INR,upi,,,,False,,False,,True,insufficient_funds,51,2026-06-05 03:00:00,Friday,5.0,True,1.0,1.0,False,228,3152.47,0,0.93,2026-06-06 00:18:00,21.3,False
403565445936,cust_t28DjPPtqoPqcC,1080.34,INR,netbanking,,,,False,,True,15.3,False,,,,,,,,,False,417,2471.67,1,,,,True
173825754631,cust_OyLZW45y4r0Ggp,1349.83,INR,upi,,,,False,,False,,True,insufficient_funds,51,2026-08-12 06:00:00,Wednesday,12.0,False,3.0,3.0,False,486,2391.16,1,0.67,2026-08-13 01:00:00,19.0,True
287750015279,cust_Q3kk8gjZEvp3Bq,1528.57,INR,netbanking,,,,False,,False,,True,insufficient_funds,51,2026-08-12 15:00:00,Wednesday,12.0,False,3.0,3.0,True,331,2377.75,1,,2026-08-17 02:06:00,107.1,False
876016934364,cust_Z0s2yzrfVlytcB,1830.2,INR,card,524105,Axis,credit,True,True,False,,False,,,,,,,,,False,61,1203.9,1,0.48,,,False
789291796696,cust_FDUO4967luCPmS,451.16,INR,netbanking,,,,False,,False,,True,insufficient_funds,51,2026-08-26 22:00:00,Wednesday,26.0,True,4.0,4.0,False,725,3619.08,2,0.96,2026-08-28 04:24:00,30.4,True
743830181948,cust_7y8AL55c9kRjMD,2684.51,INR,netbanking,,,,False,,False,,False,,,,,,,,,False,704,3645.22,1,0.15,,,True
977157391869,cust_8fym23yBiRJ3oF,910.1,INR,card,508228,ICICI,debit,False,,False,,False,,,,,,,,,False,403,5213.56,0,0.13,,,True
801465988837,cust_pQzF3VuKVZdqJr,801.73,INR,upi,,,,False,,False,,True,insufficient_funds,51,2026-08-29 16:00:00,Saturday,29.0,True,1.0,1.0,False,574,3126.32,1,,2026-08-29 16:06:00,0.1,True
263323829107,cust_kCkvQalRhBJ3CU,1572.78,INR,upi,,,,False,,False,,False,,,,,,,,,False,227,3105.27,0,0.04,,,True
760345030565,cust_XTXcCi1SreIseG,1660.63,INR,card,417612,Kotak,debit,True,False,False,,False,,,,,,,,,False,547,6064.26,0,0.32,,,False
588926192513,cust_UzhrSyWp8kxsqB,305.46,INR,netbanking,,,,False,,False,,False,,,,,,,,,False,829,11847.27,0,,,,True
145900479447,cust_tiaAE24hzkJHT3,661.33,INR,wallet,,,,False,,False,,True,insufficient_funds,51,2026-06-01 17:00:00,Monday,1.0,True,4.0,4.0,True,29,6281.66,0,0.27,2026-06-01 23:00:00,6.0,False
641573734660,cust_AHTGmdoSHucE84,1274.46,INR,card,400013,HDFC,debit,False,,False,,False,,,,,,,,,False,105,6178.62,2,0.14,,,True
058302582281,cust_u3JMdpQaixsUv2,1168.08,INR,upi,,,,False,,True,3.7,False,,,,,,,,,False,459,3164.03,1,0.2,,,True
724250076263,cust_9wha4cAczR8A5d,2197.99,INR,upi,,,,True,False,False,,False,,,,,,,,,False,679,4323.99,2,,,,False
597762189756,cust_NcimdosHvNVz7S,2609.24,INR,upi,,,,False,,False,,False,,,,,,,,,False,418,3248.89,1,0.57,,,True
735191394199,cust_FfycfcDcysYyuj,1845.71,INR,upi,,,,False,,False,,True,insufficient_funds,51,2026-07-12 21:00:00,Sunday,12.0,False,1.0,1.0,False,454,1510.3,3,0.7,2026-07-17 05:54:00,104.9,True
631894014775,cust_xfRSJhJphRgvJz,4554.11,INR,upi,,,,True,False,False,,False,,,,,,,,,False,364,3696.78,1,0.84,,,False
751861957818,cust_KJi7OZLnaBmMkY,1683.72,INR,card,607332,SBI,debit,False,,False,,True,insufficient_funds,51,2026-08-07 13:00:00,Friday,7.0,False,4.0,4.0,True,1319,1128.96,1,0.29,2026-08-08 11:00:00,22.0,False
830393263010,cust_zW69cRXg7yxIPn,106.02,INR,netbanking,,,,False,,False,,False,,,,,,,,,False,475,5433.34,3,0.54,,,True
715153954593,cust_ArkW3KNh4uRifJ,1079.88,INR,card,417612,Kotak,credit,False,,False,,False,,,,,,,,,False,228,8229.85,2,,,,True
613598319600,cust_UPjdFWu2oi10KW,1256.47,INR,card,508228,ICICI,debit,False,,False,,False,,,,,,,,,False,145,595.59,1,0.12,,,True
232748484032,cust_WO3ShPwwvoR5mn,1418.02,INR,netbanking,,,,False,,False,,True,insufficient_funds,51,2026-08-28 12:00:00,Friday,28.0,True,1.0,1.0,False,19,1845.53,0,0.17,2026-08-28 19:48:00,7.8,False
675766207702,cust_wuscxTLvrMbiXj,410.57,INR,upi,,,,False,,False,,False,,,,,,,,,False,324,4857.77,3,0.27,,,True
487374993732,cust_fnoRchcy4rbWL3,1530.91,INR,netbanking,,,,False,,False,,True,insufficient_funds,51,2026-07-16 01:00:00,Thursday,16.0,False,3.0,3.0,True,163,2046.97,0,0.32,2026-07-18 00:24:00,47.4,False
579721030324,cust_xu2Mjuzp2yWDmj,1930.2,INR,upi,,,,False,,False,,False,,,,,,,,,False,94,3494.29,0,0.71,,,True
883588411494,cust_mHzGSfzI4BaJoO,397.72,INR,netbanking,,,,False,,False,,False,,,,,,,,,False,474,2822.08,1,0.54,,,True
363315416252,cust_o4zEKTujRHqr6f,985.89,INR,upi,,,,False,,False,,False,,,,,,,,,False,298,3268.61,2,0.41,,,True
562653483559,cust_uTL9xWPGcAxY1V,1260.0,INR,card,524104,Axis,credit,False,,False,,False,,,,,,,,,False,133,3722.68,0,,,,True
746888430658,cust_vMLBl0wh7UTOMS,1680.49,INR,card,508228,ICICI,credit,False,,False,,True,insufficient_funds,51,2026-06-06 08:00:00,Saturday,6.0,False,2.0,2.0,False,491,1186.18,3,,2026-06-08 16:24:00,56.4,True
588907042315,cust_ZElPhmizDJoC0p,1572.82,INR,card,400013,HDFC,debit,False,,False,,False,,,,,,,,,False,177,2342.63,1,0.24,,,True
211927252204,cust_Qz8PiX5f21RwZ5,1857.88,INR,netbanking,,,,False,,False,,False,,,,,,,,,False,130,3887.05,1,,,,True
939229331353,cust_vrGIdO1R2ZLrwj,1076.86,INR,upi,,,,False,,False,,False,,,,,,,,,False,82,7649.03,0,,,,True
052707825835,cust_aaZBi7aumSPfHh,1292.62,INR,card,400014,HDFC,debit,True,True,False,,False,,,,,,,,,False,300,1435.49,5,,,,True
239950247313,cust_59uaGn2br4CxSX,3341.27,INR,upi,,,,True,True,False,,False,,,,,,,,,False,76,1195.73,1,,,,True
895643607912,cust_9Oq0o1vFXiDAKe,2747.31,INR,netbanking,,,,False,,False,,True,insufficient_funds,51,2026-07-22 11:00:00,Wednesday,22.0,False,3.0,3.0,True,306,1385.24,2,0.3,2026-07-26 10:00:00,95.0,False
086734425518,cust_ly92sGNs3V8CPi,1201.43,INR,upi,,,,False,,False,,True,insufficient_funds,51,2026-06-11 00:00:00,Thursday,11.0,False,3.0,3.0,True,595,2565.32,1,,2026-06-13 08:30:00,56.5,False
495270885718,cust_ewgTemzlXrlrXw,680.03,INR,netbanking,,,,False,,False,,False,,,,,,,,,False,116,1355.94,0,,,,True
531011500371,cust_k6NdCJLEB0PLeo,2115.27,INR,card,400012,HDFC,debit,False,,False,,False,,,,,,,,,False,147,8140.29,2,,,,True
117708332356,cust_9X14XqphoVLhgt,2463.76,INR,card,607332,SBI,credit,False,,False,,False,,,,,,,,,False,93,2832.69,2,0.39,,,True
146001652108,cust_liFLzD3gDOkkch,1004.83,INR,card,524105,Axis,credit,False,,False,,False,,,,,,,,,False,69,4481.02,1,0.31,,,True
798253912537,cust_tiaAE24hzkJHT3,440.04,INR,card,400013,HDFC,credit,False,,False,,True,insufficient_funds,51,2026-06-03 13:00:00,Wednesday,3.0,True,1.0,1.0,False,29,6281.66,1,0.27,2026-06-04 10:36:00,21.6,False
452407550603,cust_FhL2WbQcOQDupF,68.94,INR,upi,,,,True,False,False,,False,,,,,,,,,False,287,2505.9,1,,,,False
499601011557,cust_HVdjpZu0R0ygBJ,713.71,INR,card,508228,ICICI,debit,False,,False,,True,insufficient_funds,51,2026-08-28 05:00:00,Friday,28.0,True,1.0,1.0,False,77,3936.96,1,0.34,2026-08-28 09:18:00,4.3,True
858755515999,cust_50df5KjtHYl2fX,2294.49,INR,card,508228,ICICI,debit,False,,False,,True,insufficient_funds,51,2026-07-26 01:00:00,Sunday,26.0,True,2.0,2.0,False,129,887.13,3,0.33,2026-07-26 14:54:00,13.9,True
210739389992,cust_a1wBp5Yl1uHmx3,1089.32,INR,netbanking,,,,True,True,False,,False,,,,,,,,,False,15,1353.27,3,,,,False
511655616999,cust_el37QbwxRI0DPn,2031.61,INR,card,417612,Kotak,credit,True,False,False,,False,,,,,,,,,False,39,381.51,0,,,,False
172618864468,cust_R49u5pIM0uB37h,2958.23,INR,upi,,,,False,,False,,True,insufficient_funds,51,2026-06-11 09:00:00,Thursday,11.0,False,1.0,1.0,False,1674,1493.95,1,0.2,2026-06-11 23:12:00,14.2,False
347388686572,cust_YYMvoBmRw7Dm8e,1404.95,INR,upi,,,,True,False,False,,False,,,,,,,,,False,7,702.67,1,0.57,,,True
614896750064,cust_XAcxqYhZg76Vls,3242.87,INR,card,607331,SBI,credit,True,False,False,,False,,,,,,,,,False,178,1908.94,1,0.27,,,True
376135927250,cust_QmS4rsNe9i9EGv,682.15,INR,netbanking,,,,False,,False,,False,,,,,,,,,False,310,1578.86,2,0.58,,,True
601341771130,cust_9iUhMqEo6BIuQo,376.71,INR,wallet,,,,False,,False,,True,insufficient_funds,51,2026-07-07 17:00:00,Tuesday,7.0,False,4.0,4.0,True,265,1869.12,2,,2026-07-10 10:54:00,65.9,False
357865162969,cust_kXnOk9Om3TtumD,698.86,INR,card,607331,SBI,debit,False,,False,,False,,,,,,,,,False,1368,3170.38,1,0.54,,,True
568963446770,cust_le1XCMLaDShVBl,1882.09,INR,card,524104,Axis,debit,True,True,False,,False,,,,,,,,,False,48,788.62,0,0.32,,,True
171372302600,cust_DHJKUrV630PniH,2595.1,INR,card,417612,Kotak,debit,True,True,False,,False,,,,,,,,,False,82,2062.89,2,0.37,,,False
863448736091,cust_FTZKmUBDYTZUXz,1156.02,INR,card,524105,Axis,debit,False,,False,,False,,,,,,,,,False,176,979.95,2,0.06,,,True
777438921964,cust_7YsEqmGv0lH8wV,1077.71,INR,card,508227,ICICI,credit,False,,False,,True,insufficient_funds,51,2026-07-06 15:00:00,Monday,6.0,False,2.0,2.0,False,441,1906.07,2,0.23,2026-07-07 08:18:00,17.3,False
146318802042,cust_FTZKmUBDYTZUXz,1984.68,INR,upi,,,,True,True,False,,False,,,,,,,,,False,176,979.95,0,,,,False
821238179053,cust_X3thTnZjX8vJp3,857.45,INR,card,508227,ICICI,credit,False,,False,,False,,,,,,,,,False,352,328.16,1,,,,True
093183840938,cust_0TVEh30s5nxfHM,1618.18,INR,netbanking,,,,True,True,False,,False,,,,,,,,,False,182,2711.82,2,0.13,,,True
929018869305,cust_ebSrLLVtRz4iEJ,1056.88,INR,card,607331,SBI,debit,False,,False,,True,insufficient_funds,51,2026-06-18 01:00:00,Thursday,18.0,False,4.0,4.0,True,354,1787.18,0,,2026-06-21 23:24:00,94.4,False
358970029930,cust_26WsyB7l0p6qwO,1964.36,INR,upi,,,,True,False,False,,False,,,,,,,,,False,590,439.19,1,0.24,,,False
399968168341,cust_UPjdFWu2oi10KW,210.97,INR,card,508227,ICICI,debit,False,,False,,False,,,,,,,,,False,145,595.59,4,0.12,,,True
940714806539,cust_eLU6Pq5YhRjGHz,1446.38,INR,card,508227,ICICI,debit,False,,False,,True,insufficient_funds,51,2026-07-10 04:00:00,Friday,10.0,False,3.0,3.0,True,309,1359.85,0,,2026-07-10 14:18:00,10.3,False
493206653654,cust_xsFJsntTGATWQI,847.71,INR,card,508228,ICICI,debit,False,,False,,True,insufficient_funds,51,2026-07-15 02:00:00,Wednesday,15.0,False,5.0,5.0,True,112,2001.21,1,0.15,2026-07-17 07:12:00,53.2,False
957510277875,cust_k9myLKY9GkmgzR,397.76,INR,netbanking,,,,False,,False,,False,,,,,,,,,False,610,4611.06,1,,,,True
555229319519,cust_8QeF0NcKKNGOTj,454.66,INR,upi,,,,True,True,False,,False,,,,,,,,,False,119,2291.53,1,0.34,,,False
708345966397,cust_3jGZQq4Lvs5L6Y,2109.51,INR,upi,,,,False,,False,,True,insufficient_funds,51,2026-07-16 20:00:00,Thursday,16.0,False,2.0,2.0,False,171,1701.5,2,,2026-07-17 15:30:00,19.5,False
310414879168,cust_8D7EUdRO6xZATJ,539.62,INR,card,508228,ICICI,debit,True,True,False,,False,,,,,,,,,False,475,579.37,0,,,,True
324277927695,cust_rpISlwFpziRlk6,767.81,INR,upi,,,,False,,False,,True,insufficient_funds,51,2026-08-15 09:00:00,Saturday,15.0,False,1.0,1.0,False,155,4358.06,3,0.16,2026-08-17 12:24:00,51.4,False
512962403204,cust_kbZItNRBebRKsb,693.59,INR,upi,,,,False,,False,,False,,,,,,,,,False,743,1163.5,1,,,,True
438341430678,cust_8a3IkFMd19E7uF,2246.1,INR,wallet,,,,False,,False,,True,insufficient_funds,51,2026-07-04 04:00:00,Saturday,4.0,True,1.0,1.0,False,239,6296.96,0,0.65,2026-07-05 05:12:00,25.2,True
275962900383,cust_lyQKIcH1u37ZbH,1022.64,INR,upi,,,,False,,False,,True,insufficient_funds,51,2026-08-01 11:00:00,Saturday,1.0,True,3.0,3.0,False,2,351.36,1,,2026-08-02 22:30:00,35.5,True
277426045178,cust_3sf3xqmHuK98yH,2040.67,INR,card,524105,Axis,debit,False,,False,,True,insufficient_funds,51,2026-07-20 18:00:00,Monday,20.0,False,2.0,2.0,False,4,4277.08,1,0.31,2026-07-21 12:30:00,18.5,False
012099236929,cust_bKzbTl5xzMSvcF,2201.85,INR,wallet,,,,False,,False,,False,,,,,,,,,False,123,1622.5,0,0.12,,,True
765528445430,cust_YkG58E8Uk9HzsR,4429.03,INR,card,607331,SBI,debit,False,,False,,False,,,,,,,,,False,795,3281.67,0,,,,True
700021399492,cust_XpQuiJYwMZd1I5,1449.46,INR,wallet,,,,False,,False,,False,,,,,,,,,False,225,611.44,2,0.07,,,True
563271663571,cust_s3w13kGqtB81oI,2885.49,INR,card,607332,SBI,debit,False,,False,,True,insufficient_funds,51,2026-08-26 13:00:00,Wednesday,26.0,True,5.0,5.0,True,72,1430.29,3,,2026-08-26 13:06:00,0.1,False
010290348913,cust_QMQodSF7id4hPB,640.79,INR,upi,,,,True,False,False,,False,,,,,,,,,False,635,2343.22,1,0.31,,,False
781567593447,cust_k6E3f1XSD0IMZj,901.59,INR,netbanking,,,,False,,False,,True,insufficient_funds,51,2026-07-20 23:00:00,Monday,20.0,False,3.0,3.0,True,392,4015.9,2,0.52,2026-08-02 11:54:00,300.9,False
215226057434,cust_lU79O8LnzxjHn8,1208.5,INR,netbanking,,,,False,,False,,False,,,,,,,,,False,480,2252.69,0,0.24,,,True
882301961581,cust_ZJXud0Srx4i8iI,326.41,INR,card,417612,Kotak,credit,False,,False,,False,,,,,,,,,False,290,1441.8,1,0.53,,,True
032081563351,cust_USyqRr99ut4ASy,1136.29,INR,upi,,,,False,,True,56.5,False,,,,,,,,,False,143,1043.22,2,0.79,,,True
625002978578,cust_fCdau1nMT1kzwC,1575.14,INR,netbanking,,,,False,,False,,False,,,,,,,,,False,542,2936.78,3,0.39,,,True
678365874572,cust_UkIV7rYk6TXxyp,462.88,INR,card,400013,HDFC,debit,True,True,False,,False,,,,,,,,,False,554,2210.49,0,,,,True
101995109962,cust_o5VwVW1a3vYMlE,1479.61,INR,upi,,,,True,True,False,,False,,,,,,,,,False,12,2555.51,0,0.53,,,True
450303077894,cust_5nzCcmeWmUVA3L,1025.94,INR,upi,,,,False,,False,,True,insufficient_funds,51,2026-06-24 01:00:00,Wednesday,24.0,False,3.0,3.0,True,528,1574.86,0,,2026-06-24 05:18:00,4.3,False
550128733174,cust_Qi0JiTNxzMm7Ft,1614.4,INR,upi,,,,False,,False,,True,insufficient_funds,51,2026-07-24 16:00:00,Friday,24.0,False,1.0,1.0,False,662,8525.46,1,0.37,2026-07-29 23:06:00,127.1,False
742289265950,cust_9vJ0oxDJOCQrb9,2984.92,INR,card,400014,HDFC,debit,False,,False,,True,insufficient_funds,51,2026-07-19 00:00:00,Sunday,19.0,False,3.0,3.0,True,41,5810.17,1,,2026-07-19 23:54:00,23.9,False
396084303248,cust_syEHLCVoPSldHE,352.83,INR,card,400014,HDFC,debit,False,,False,,False,,,,,,,,,False,339,872.29,2,,,,True
393080966271,cust_0qxTdtQqzxMZL2,862.19,INR,card,417612,Kotak,debit,False,,False,,False,,,,,,,,,False,58,2895.04,0,0.35,,,True
049458365522,cust_N1DfRytTlpTSIo,2316.97,INR,upi,,,,False,,False,,False,,,,,,,,,False,523,6039.84,2,,,,True
828008700498,cust_DgHbevCwtjE85X,609.58,INR,card,607331,SBI,debit,True,False,False,,False,,,,,,,,,False,28,2797.18,3,0.38,,,False
894190174006,cust_fnDSYSzcamDgIz,542.8,INR,netbanking,,,,False,,False,,False,,,,,,,,,False,24,2973.89,0,0.34,,,True
229835422635,cust_aQ6NWI3bzXbutX,3288.89,INR,wallet,,,,False,,False,,True,insufficient_funds,51,2026-06-23 04:00:00,Tuesday,23.0,False,2.0,2.0,False,210,2160.09,1,0.19,2026-06-25 11:12:00,55.2,False
931517022209,cust_DHJKUrV630PniH,1675.83,INR,card,524104,Axis,credit,False,,False,,True,insufficient_funds,51,2026-07-29 20:00:00,Wednesday,29.0,True,5.0,5.0,False,82,2062.89,1,0.37,2026-08-01 19:06:00,71.1,True
692317482925,cust_J25QxnPzhAVlWF,1317.96,INR,upi,,,,False,,False,,True,insufficient_funds,51,2026-06-26 03:00:00,Friday,26.0,True,3.0,3.0,True,283,5444.1,2,,2026-06-26 07:30:00,4.5,False
615719788833,cust_9GDXmVCoHStc8x,1531.92,INR,netbanking,,,,False,,False,,True,insufficient_funds,51,2026-07-27 18:00:00,Monday,27.0,True,3.0,3.0,False,111,5681.42,2,0.35,2026-07-28 11:36:00,17.6,True
148562092578,cust_ZzJhP4AE1QdEd8,2080.74,INR,netbanking,,,,False,,False,,False,,,,,,,,,False,8,871.56,0,0.39,,,True
394351884181,cust_CM4WdcC8UrgzzQ,196.69,INR,card,417612,Kotak,credit,True,False,False,,False,,,,,,,,,False,405,1082.91,2,0.58,,,False
734855096634,cust_Q3kk8gjZEvp3Bq,695.42,INR,upi,,,,True,False,False,,False,,,,,,,,,False,331,2377.75,1,0.75,,,True
264805395136,cust_zE8nbqV2wnL7a4,557.76,INR,card,524104,Axis,credit,False,,False,,True,insufficient_funds,51,2026-08-23 10:00:00,Sunday,23.0,False,3.0,3.0,True,76,5859.25,1,0.42,2026-08-25 03:42:00,41.7,False
906771708448,cust_8IVnu0j8xzYz29,2615.62,INR,card,607332,SBI,debit,False,,False,,False,,,,,,,,,False,61,3001.0,1,0.53,,,True
102075618635,cust_hPuLWw1UHW3u3X,630.2,INR,upi,,,,True,False,False,,False,,,,,,,,,False,153,5273.89,0,,,,False
687541620654,cust_LZiOJIrADwGpkA,1149.01,INR,netbanking,,,,False,,False,,False,,,,,,,,,False,392,163.04,1,0.38,,,True
298997019751,cust_z3wogWCgOxwXkt,1435.37,INR,card,508227,ICICI,credit,False,,False,,True,insufficient_funds,51,2026-08-06 22:00:00,Thursday,6.0,False,2.0,2.0,False,447,4637.58,0,0.28,2026-08-10 19:36:00,93.6,True
813667814764,cust_IMlGZ9SMCB2WJz,1982.54,INR,card,508228,ICICI,debit,False,,False,,True,insufficient_funds,51,2026-08-11 19:00:00,Tuesday,11.0,False,2.0,2.0,False,144,3560.36,2,,2026-08-12 07:00:00,12.0,False
442817677691,cust_fnoRchcy4rbWL3,535.82,INR,card,417612,Kotak,debit,False,,False,,True,insufficient_funds,51,2026-06-30 05:00:00,Tuesday,30.0,True,4.0,4.0,True,163,2046.97,1,0.32,2026-06-30 13:24:00,8.4,False
182566389394,cust_ULGkEwMjnPasbP,805.21,INR,card,524105,Axis,debit,False,,False,,False,,,,,,,,,False,271,5502.77,0,,,,True
874755880720,cust_xDTb7uT2wJTVWA,453.76,INR,card,524104,Axis,credit,False,,False,,True,insufficient_funds,51,2026-06-22 04:00:00,Monday,22.0,False,2.0,2.0,False,392,3098.27,0,0.12,2026-06-23 13:42:00,33.7,False
548336706387,cust_az2h20KqTBOu7B,201.03,INR,upi,,,,False,,False,,False,,,,,,,,,False,755,2276.16,1,,,,True
613017232148,cust_K3A6VTNRwwoWc4,3220.05,INR,card,400012,HDFC,debit,False,,False,,False,,,,,,,,,False,71,2977.77,1,0.58,,,True
150713659424,cust_DYUlODrpJLKS7x,2245.96,INR,card,607332,SBI,credit,True,False,False,,False,,,,,,,,,False,349,3325.83,1,0.63,,,False
709824604239,cust_NycSxOBLU17RnY,529.21,INR,card,524105,Axis,debit,False,,False,,True,insufficient_funds,51,2026-08-26 12:00:00,Wednesday,26.0,True,5.0,5.0,True,90,5115.2,1,0.53,2026-08-26 12:42:00,0.7,False
936811928200,cust_JMlvoKveuvb5in,1517.2,INR,card,508227,ICICI,debit,False,,False,,True,insufficient_funds,51,2026-06-02 09:00:00,Tuesday,2.0,True,3.0,3.0,False,245,460.46,0,0.61,2026-06-02 12:30:00,3.5,True
512614981186,cust_y1oznvupv0FgJw,879.03,INR,upi,,,,True,True,False,,False,,,,,,,,,False,78,1366.75,1,0.36,,,True
062439510104,cust_1e2jdbLD6dyYEn,3529.64,INR,upi,,,,False,,False,,False,,,,,,,,,False,210,3369.09,1,,,,True
148061648631,cust_2auymlajXnDKCf,451.85,INR,card,400014,HDFC,debit,False,,False,,True,insufficient_funds,51,2026-07-26 04:00:00,Sunday,26.0,True,2.0,2.0,False,191,3549.05,1,0.28,2026-07-26 11:54:00,7.9,True
030566771820,cust_fvLFuh2zqSqqFj,3185.86,INR,card,417612,Kotak,debit,False,,False,,True,insufficient_funds,51,2026-07-11 21:00:00,Saturday,11.0,False,4.0,4.0,True,518,1681.91,2,0.18,2026-07-12 13:24:00,16.4,False
207509668614,cust_CTVXhKS5ZeJcTA,2599.36,INR,upi,,,,False,,False,,False,,,,,,,,,False,148,5051.56,1,0.37,,,True
971906872484,cust_dUhWw8gXpJU5kM,2225.19,INR,netbanking,,,,True,False,False,,False,,,,,,,,,False,758,1767.51,1,0.42,,,False
460203900035,cust_fL41SnlJvhwgAU,4934.44,INR,card,524105,Axis,credit,False,,False,,False,,,,,,,,,False,24,3805.2,0,0.57,,,True
730364254655,cust_XH4PhvHSSNtjNS,426.35,INR,card,607331,SBI,credit,False,,False,,False,,,,,,,,,False,31,1046.95,1,0.5,,,True
869457071313,cust_UXvatliNv5P7bY,753.23,INR,upi,,,,True,False,False,,False,,,,,,,,,False,117,4117.29,3,,,,False
617505596629,cust_TcQPGRXmP1JUjT,896.78,INR,wallet,,,,False,,False,,True,insufficient_funds,51,2026-08-28 16:00:00,Friday,28.0,True,3.0,3.0,True,7,3144.68,0,0.09,2026-08-28 19:24:00,3.4,False
839138137097,cust_WO3ShPwwvoR5mn,1952.1,INR,card,417612,Kotak,credit,True,False,False,,False,,,,,,,,,False,19,1845.53,1,0.17,,,False
455429259093,cust_fnoRchcy4rbWL3,616.27,INR,netbanking,,,,False,,False,,False,,,,,,,,,False,163,2046.97,0,,,,True
575150888168,cust_SOvPQHwoItQFEs,667.01,INR,wallet,,,,False,,False,,False,,,,,,,,,False,336,4566.71,0,0.26,,,True
362751375445,cust_cpWDhNaNQzUjje,200.83,INR,card,508228,ICICI,debit,False,,False,,False,,,,,,,,,False,202,1164.05,2,,,,True
033418381905,cust_wUZod8mJC54Bly,997.63,INR,wallet,,,,True,False,False,,False,,,,,,,,,False,1273,926.65,0,,,,False
590786917275,cust_uAbgATFWP5lCRd,469.6,INR,card,524104,Axis,credit,False,,False,,False,,,,,,,,,False,826,3970.15,1,,,,True
460668570943,cust_GMLrstQRODj0JW,3045.48,INR,upi,,,,True,True,False,,False,,,,,,,,,False,19,5680.72,1,0.27,,,False
775748811933,cust_zrIrbAEPzitgGR,220.93,INR,netbanking,,,,False,,False,,False,,,,,,,,,False,385,4590.39,1,,,,True
825455385795,cust_5LDQCHYzHigAmQ,1965.06,INR,card,400014,HDFC,credit,False,,False,,False,,,,,,,,,False,214,352.33,1,,,,True
794609564425,cust_LyGb0KVaW1MLCY,1863.15,INR,upi,,,,False,,False,,True,insufficient_funds,51,2026-06-15 09:00:00,Monday,15.0,False,3.0,3.0,True,920,2337.0,2,0.33,2026-06-17 21:18:00,60.3,False
366272804914,cust_dUhWw8gXpJU5kM,1646.24,INR,upi,,,,False,,False,,True,insufficient_funds,51,2026-07-15 02:00:00,Wednesday,15.0,False,1.0,1.0,False,758,1767.51,3,0.42,2026-07-16 07:00:00,29.0,True
922789139725,cust_TrYNIGFlgswhlM,3720.99,INR,card,524105,Axis,debit,False,,False,,True,insufficient_funds,51,2026-08-08 17:00:00,Saturday,8.0,False,2.0,2.0,False,488,2061.81,3,0.2,2026-08-14 12:54:00,139.9,False
467938479449,cust_EuoxNpkHreBG8H,908.69,INR,card,417612,Kotak,debit,False,,False,,False,,,,,,,,,False,243,3447.3,0,0.2,,,True
964929606490,cust_LskeDhThzb9CDw,1653.55,INR,card,400014,HDFC,debit,False,,False,,False,,,,,,,,,False,386,1742.59,2,,,,True
453117522156,cust_hR4yXxbC3Lf6K7,374.6,INR,wallet,,,,False,,False,,True,insufficient_funds,51,2026-07-29 01:00:00,Wednesday,29.0,True,1.0,1.0,False,115,1193.11,2,0.28,2026-07-29 12:48:00,11.8,False
377279963143,cust_KL3W3951QwG6EU,1624.87,INR,netbanking,,,,False,,False,,False,,,,,,,,,False,215,1180.74,1,,,,True
242619240468,cust_zVSezTwH0I0Wzs,324.62,INR,card,607332,SBI,credit,False,,False,,True,insufficient_funds,51,2026-06-17 07:00:00,Wednesday,17.0,False,1.0,1.0,False,79,968.06,3,0.18,2026-06-24 19:18:00,180.3,False
349910121929,cust_RdILv46F3kWoXb,4068.42,INR,upi,,,,False,,True,23.3,False,,,,,,,,,False,1196,2095.07,0,0.38,,,False
771152606477,cust_Wp4aYuVw0jg6ym,1270.95,INR,card,417612,Kotak,debit,False,,False,,True,insufficient_funds,51,2026-07-02 19:00:00,Thursday,2.0,True,2.0,2.0,False,2,5242.13,1,0.51,2026-07-02 23:06:00,4.1,False
911966632462,cust_fL41SnlJvhwgAU,1181.73,INR,netbanking,,,,False,,True,0.5,False,,,,,,,,,False,24,3805.2,3,,,,True
339509230476,cust_q2iz4fraJ8g8HN,1896.59,INR,netbanking,,,,True,False,False,,False,,,,,,,,,False,330,3821.95,2,,,,True
264817064017,cust_UkzWGszFD3dbWg,2330.19,INR,card,417612,Kotak,credit,False,,False,,False,,,,,,,,,False,154,3808.84,2,0.45,,,True
851615330170,cust_dmCeBTBr1XhGqm,1611.15,INR,card,400013,HDFC,debit,False,,False,,True,insufficient_funds,51,2026-06-03 09:00:00,Wednesday,3.0,True,5.0,5.0,False,2046,574.68,1,,2026-06-03 20:48:00,11.8,True
105230441110,cust_CHypcq2Jj5CIod,2123.06,INR,upi,,,,False,,False,,True,insufficient_funds,51,2026-08-10 04:00:00,Monday,10.0,False,3.0,3.0,True,376,3262.06,2,0.6,2026-08-12 21:24:00,65.4,False
785687197618,cust_zON34n2vZC1z6d,233.11,INR,card,400012,HDFC,debit,True,False,False,,False,,,,,,,,,False,242,6589.38,0,0.24,,,False
900585642402,cust_s4Ka9oBcfyhKFD,1412.72,INR,card,524105,Axis,debit,False,,False,,True,insufficient_funds,51,2026-07-15 21:00:00,Wednesday,15.0,False,5.0,5.0,True,538,1076.07,0,,2026-07-22 10:06:00,157.1,False
890116870094,cust_ElNriAquxpOkJc,1712.54,INR,upi,,,,False,,False,,False,,,,,,,,,False,563,1704.9,3,,,,True
927351840588,cust_gBl8DXK7gAXB4i,1513.32,INR,netbanking,,,,True,True,False,,False,,,,,,,,,False,64,1292.94,3,0.6,,,False
946283325645,cust_3jGZQq4Lvs5L6Y,3482.4,INR,card,417612,Kotak,credit,False,,False,,False,,,,,,,,,False,171,1701.5,2,0.19,,,True
444890956913,cust_wTnMHFMhNejk1G,837.24,INR,upi,,,,False,,False,,False,,,,,,,,,False,15,4797.79,2,0.67,,,True
717147772401,cust_RFwVYL6s4m8v9K,1942.02,INR,card,524105,Axis,debit,False,,False,,True,insufficient_funds,51,2026-08-22 04:00:00,Saturday,22.0,False,2.0,2.0,False,12,1861.92,1,0.58,2026-08-26 05:36:00,97.6,True
373570863995,cust_SOvPQHwoItQFEs,2856.3,INR,upi,,,,False,,False,,False,,,,,,,,,False,336,4566.71,1,0.26,,,True
151117253962,cust_wTnMHFMhNejk1G,1553.46,INR,upi,,,,False,,False,,True,insufficient_funds,51,2026-06-07 11:00:00,Sunday,7.0,False,2.0,2.0,False,15,4797.79,3,,2026-06-09 16:18:00,53.3,False
069520491057,cust_EaS5bnhLwvNfTg,598.14,INR,upi,,,,True,True,False,,False,,,,,,,,,False,242,2669.03,3,0.58,,,False
830419422295,cust_yxGEXJxw1AAy1m,943.09,INR,upi,,,,False,,False,,False,,,,,,,,,False,100,8689.95,0,0.23,,,True
419463008904,cust_aSplMBKSF0TYeo,2067.38,INR,upi,,,,False,,True,10.1,False,,,,,,,,,False,357,1490.35,2,0.31,,,True
701316517676,cust_zPzdyuVH7I71s8,1644.52,INR,card,508228,ICICI,credit,True,False,False,,False,,,,,,,,,False,190,509.08,1,,,,True
974666832538,cust_H7H1iWTsimoYUz,5134.15,INR,upi,,,,False,,False,,False,,,,,,,,,False,280,1994.16,0,0.13,,,True
273366761241,cust_lvVsByN1IOHIEq,2999.83,INR,card,400014,HDFC,credit,True,False,False,,False,,,,,,,,,False,28,1075.32,4,0.67,,,False
081476244777,cust_8D7EUdRO6xZATJ,410.54,INR,card,400014,HDFC,credit,False,,False,,True,insufficient_funds,51,2026-08-02 22:00:00,Sunday,2.0,True,3.0,3.0,True,475,579.37,0,0.4,2026-08-05 11:12:00,61.2,False
705378450327,cust_vUYcfZi13ALy9B,2972.21,INR,upi,,,,False,,False,,True,insufficient_funds,51,2026-07-09 09:00:00,Thursday,9.0,False,2.0,2.0,False,501,2433.47,0,0.76,2026-07-13 13:36:00,100.6,True
250097517642,cust_hZLWumvMi5brH8,2169.71,INR,upi,,,,False,,False,,False,,,,,,,,,False,300,387.78,0,0.22,,,True
541321450160,cust_EbUZF5r1SgZuzn,1655.57,INR,card,400014,HDFC,credit,False,,False,,False,,,,,,,,,False,261,783.49,3,0.38,,,True
445593212845,cust_fvLFuh2zqSqqFj,1391.37,INR,card,417612,Kotak,credit,True,False,False,,False,,,,,,,,,False,518,1681.91,0,0.18,,,False
680781823949,cust_kmZkg5MsOYpSTu,1835.01,INR,card,607332,SBI,debit,False,,False,,True,insufficient_funds,51,2026-07-03 22:00:00,Friday,3.0,True,4.0,4.0,False,220,2192.02,1,0.44,2026-07-04 02:00:00,4.0,True
858478710729,cust_GOVDUx6wmvmjFD,1238.09,INR,upi,,,,False,,True,76.3,False,,,,,,,,,False,22,8501.49,1,,,,False
543259945247,cust_N1m4Yrpw2cBdVc,1694.02,INR,card,417612,Kotak,credit,False,,False,,True,insufficient_funds,51,2026-08-26 19:00:00,Wednesday,26.0,True,3.0,3.0,True,1022,4059.87,2,,2026-08-26 21:06:00,2.1,False
130286848865,cust_xu2Mjuzp2yWDmj,1156.77,INR,upi,,,,False,,False,,True,insufficient_funds,51,2026-06-04 04:00:00,Thursday,4.0,True,2.0,2.0,False,94,3494.29,3,0.71,2026-06-04 07:24:00,3.4,True
544232420216,cust_KfbL6o7tdWNeDW,1237.2,INR,upi,,,,True,True,False,,False,,,,,,,,,False,186,2782.75,1,0.6,,,False
562996946399,cust_qb8paFAo4SFF09,1570.75,INR,card,417612,Kotak,debit,False,,False,,True,insufficient_funds,51,2026-06-19 21:00:00,Friday,19.0,False,4.0,4.0,True,456,4437.12,3,0.14,2026-06-22 05:12:00,56.2,False
188574276490,cust_sH33km9CtWbZbz,1402.82,INR,card,417612,Kotak,debit,False,,False,,False,,,,,,,,,False,54,1513.78,0,0.45,,,True
728980465891,cust_6CWb61Gqh8WYLH,1756.6,INR,card,508228,ICICI,credit,False,,False,,True,insufficient_funds,51,2026-08-21 02:00:00,Friday,21.0,False,3.0,3.0,True,155,3969.59,2,,2026-08-24 23:54:00,93.9,False
208918674561,cust_f50YGGBJfvOqV8,1514.12,INR,upi,,,,False,,False,,False,,,,,,,,,False,934,5968.31,0,0.32,,,True
848716264854,cust_2iG00RvQ4Jb6Nb,612.24,INR,netbanking,,,,False,,False,,False,,,,,,,,,False,113,4477.3,1,0.18,,,True
438383424725,cust_LrjOwCuryXpy8e,1444.83,INR,card,524104,Axis,credit,False,,False,,True,insufficient_funds,51,2026-08-20 20:00:00,Thursday,20.0,False,2.0,2.0,False,1281,1421.72,4,,2026-08-22 00:48:00,28.8,False
199554098639,cust_B6XDoEnEtDZKnM,1636.57,INR,upi,,,,False,,False,,False,,,,,,,,,False,166,2930.87,0,0.58,,,True
151652830026,cust_bbSKeUUtphVk7x,852.41,INR,upi,,,,False,,False,,False,,,,,,,,,False,113,1267.55,1,0.62,,,True
907821089591,cust_yxGEXJxw1AAy1m,2549.79,INR,netbanking,,,,False,,True,3.8,False,,,,,,,,,False,100,8689.95,1,0.23,,,False
751977114302,cust_NI6jdwyLGaactp,934.75,INR,upi,,,,False,,True,21.3,False,,,,,,,,,False,10,636.14,2,0.64,,,False
942299015826,cust_vZAzlJtxMlTUfB,1348.18,INR,upi,,,,False,,False,,False,,,,,,,,,False,72,1375.35,0,,,,True
341688467033,cust_wUZod8mJC54Bly,876.74,INR,upi,,,,False,,True,41.8,False,,,,,,,,,False,1273,926.65,4,0.5,,,False
401476158890,cust_PEwU5FpaVTkBS9,286.42,INR,upi,,,,True,True,False,,False,,,,,,,,,False,171,2086.95,3,,,,False
071324676978,cust_9Ci1irxsuRFWyh,2663.65,INR,upi,,,,False,,False,,False,,,,,,,,,False,20,6174.22,0,0.35,,,True
214580747284,cust_j5EwB6pQ8McFI5,1482.84,INR,card,607332,SBI,debit,False,,False,,False,,,,,,,,,False,52,5673.01,1,0.02,,,True
295926421189,cust_jDYFfvIIieoMmt,1391.27,INR,card,524105,Axis,credit,False,,False,,False,,,,,,,,,False,134,5374.53,1,,,,True
594088269558,cust_Wcp2KLYUJ9bVT9,2386.7,INR,card,400013,HDFC,credit,False,,False,,False,,,,,,,,,False,155,1022.58,2,0.26,,,True
053017295017,cust_ut5e9x3GfOjAr5,2537.71,INR,upi,,,,False,,True,8.6,False,,,,,,,,,False,762,881.31,0,,,,True
835246387050,cust_kU39V3WL64ZOtI,400.76,INR,card,508227,ICICI,credit,False,,False,,False,,,,,,,,,False,154,1535.91,0,0.69,,,True
283416454993,cust_Pp2aj1mM2tQqZZ,1445.92,INR,upi,,,,False,,False,,True,insufficient_funds,51,2026-07-26 05:00:00,Sunday,26.0,True,5.0,5.0,True,7,2185.3,3,0.71,2026-07-27 17:30:00,36.5,False
365834563383,cust_CGn14JSbftGoUI,3993.31,INR,upi,,,,False,,False,,True,insufficient_funds,51,2026-07-04 03:00:00,Saturday,4.0,True,2.0,2.0,False,285,1366.19,2,0.25,2026-07-04 10:18:00,7.3,False
356433888569,cust_MGEl0BRhEluTin,3013.91,INR,card,607331,SBI,debit,False,,False,,True,insufficient_funds,51,2026-07-20 15:00:00,Monday,20.0,False,2.0,2.0,False,55,6519.75,4,0.12,2026-07-26 19:00:00,148.0,False
987657060061,cust_amFDZSnOUdfnSQ,832.98,INR,netbanking,,,,False,,False,,False,,,,,,,,,False,404,1027.03,1,0.68,,,True
322180816784,cust_Cudo4LkneFVUp1,3886.36,INR,upi,,,,True,False,False,,False,,,,,,,,,False,587,6873.93,0,,,,False
719176270198,cust_09hUq9uYgRrM1Y,2053.39,INR,card,508227,ICICI,credit,False,,False,,True,insufficient_funds,51,2026-07-07 02:00:00,Tuesday,7.0,False,2.0,2.0,False,35,1235.41,2,0.13,2026-07-07 08:12:00,6.2,False
267021789381,cust_uugZfexMlWSlZX,627.44,INR,upi,,,,False,,False,,False,,,,,,,,,False,802,2197.98,3,0.39,,,True
500949086934,cust_yb9wOykVsnKIMM,1590.58,INR,upi,,,,True,False,False,,False,,,,,,,,,False,289,1202.56,1,0.36,,,False
597239925302,cust_eLU6Pq5YhRjGHz,876.16,INR,upi,,,,False,,False,,True,insufficient_funds,51,2026-07-22 19:00:00,Wednesday,22.0,False,2.0,2.0,False,309,1359.85,3,0.37,2026-07-23 00:42:00,5.7,False
844128110106,cust_bSIwKQe8vCVcK5,915.15,INR,upi,,,,False,,True,19.2,False,,,,,,,,,False,386,4499.9,0,0.4,,,True
902851565675,cust_TjdVmyjcNmhHRv,366.37,INR,card,607331,SBI,debit,True,False,False,,False,,,,,,,,,False,124,9024.59,1,0.22,,,False
156801613582,cust_ZV6sieQ44FpTfH,191.78,INR,wallet,,,,False,,False,,True,insufficient_funds,51,2026-08-27 19:00:00,Thursday,27.0,True,3.0,3.0,False,159,969.92,1,0.4,2026-08-28 12:06:00,17.1,True
248303989908,cust_BCzVuB3VGVWVoP,653.7,INR,upi,,,,False,,False,,True,insufficient_funds,51,2026-07-09 11:00:00,Thursday,9.0,False,4.0,4.0,True,10,5333.73,0,0.55,2026-07-11 07:24:00,44.4,False
901572381770,cust_FTZKmUBDYTZUXz,3925.58,INR,card,607332,SBI,credit,True,True,False,,False,,,,,,,,,False,176,979.95,2,0.06,,,False
042573843738,cust_pZ7FPI5obhq3V4,1447.24,INR,card,400013,HDFC,debit,True,False,False,,False,,,,,,,,,False,178,825.03,2,0.23,,,False
101467096907,cust_uIXXKBqy5kL386,4780.58,INR,wallet,,,,False,,False,,False,,,,,,,,,False,123,1831.01,2,,,,True
997537034052,cust_K3A6VTNRwwoWc4,2906.91,INR,card,524104,Axis,debit,False,,False,,True,insufficient_funds,51,2026-06-16 19:00:00,Tuesday,16.0,False,1.0,1.0,False,71,2977.77,2,0.58,2026-06-17 14:54:00,19.9,False
926047387580,cust_zrIrbAEPzitgGR,1322.11,INR,upi,,,,False,,False,,True,insufficient_funds,51,2026-06-01 14:00:00,Monday,1.0,True,1.0,1.0,False,385,4590.39,1,0.72,2026-06-01 22:24:00,8.4,False
112874872855,cust_voKCXLr3nWFntI,4158.36,INR,upi,,,,False,,False,,True,insufficient_funds,51,2026-08-21 04:00:00,Friday,21.0,False,5.0,5.0,True,3,1171.91,0,,2026-08-21 04:24:00,0.4,False
623784183566,cust_bsp5v5MmtCjaUh,2507.41,INR,netbanking,,,,False,,False,,False,,,,,,,,,False,112,4795.33,2,,,,True
739161540238,cust_hAHKdq17lem8Wp,2806.04,INR,card,524104,Axis,credit,False,,False,,False,,,,,,,,,False,38,4712.71,0,,,,True
188195064454,cust_8oRB0UPh4pPqsl,298.51,INR,upi,,,,False,,False,,False,,,,,,,,,False,123,2719.92,0,0.71,,,True
792340024314,cust_S1PRiTb86eT8dK,706.86,INR,card,607332,SBI,credit,False,,False,,False,,,,,,,,,False,172,1282.71,3,,,,True
017273113230,cust_WO6gXGKnm0uJ6l,465.64,INR,upi,,,,False,,False,,False,,,,,,,,,False,425,1274.53,0,0.21,,,True
139880517033,cust_ShYEvpJWNCpNrz,2495.25,INR,card,607332,SBI,debit,True,False,False,,False,,,,,,,,,False,279,2315.14,2,0.33,,,False
752528782498,cust_qDI0cKV2lwnlK8,2297.57,INR,card,607332,SBI,credit,False,,False,,False,,,,,,,,,False,530,1416.61,2,0.74,,,True
983440980961,cust_LNxOR0ih1yijqS,663.19,INR,upi,,,,False,,False,,False,,,,,,,,,False,179,2556.14,0,0.68,,,True
993596667778,cust_B8ieO5Il0GN9jL,2192.52,INR,upi,,,,False,,True,15.9,False,,,,,,,,,False,89,5615.95,1,,,,True
237058607107,cust_Ci8nWQfTHiuf2W,2851.63,INR,card,607331,SBI,debit,False,,False,,False,,,,,,,,,False,180,2469.98,1,0.37,,,True
046287025228,cust_ewgTemzlXrlrXw,1134.54,INR,netbanking,,,,True,False,False,,False,,,,,,,,,False,116,1355.94,3,,,,False
061457581853,cust_pxrlT9H9rdzerX,1277.59,INR,upi,,,,False,,False,,True,insufficient_funds,51,2026-08-24 12:00:00,Monday,24.0,False,3.0,3.0,True,95,3842.01,0,,2026-08-30 04:06:00,136.1,False
352897469813,cust_RRKvdvEcSNM107,1374.97,INR,card,400012,HDFC,credit,False,,False,,False,,,,,,,,,False,200,1223.49,0,0.19,,,True
979986424627,cust_zVSezTwH0I0Wzs,467.07,INR,card,607331,SBI,credit,False,,False,,False,,,,,,,,,False,79,968.06,2,0.18,,,True
758495409804,cust_rBgrnGdRiaEQ6W,951.35,INR,upi,,,,True,False,False,,False,,,,,,,,,False,41,2829.26,1,0.12,,,False
917264972887,cust_FUzBK4RSIHGTBL,849.19,INR,card,607331,SBI,credit,False,,False,,True,insufficient_funds,51,2026-07-13 09:00:00,Monday,13.0,False,1.0,1.0,False,980,7755.26,2,0.09,2026-07-13 10:18:00,1.3,False
176827778822,cust_E591eUcPZCtXTl,1696.76,INR,upi,,,,False,,False,,False,,,,,,,,,False,8,2599.84,4,0.41,,,True
878655601836,cust_Qi0JiTNxzMm7Ft,2103.05,INR,card,400013,HDFC,debit,False,,False,,False,,,,,,,,,False,662,8525.46,1,0.37,,,True
870594087299,cust_k6NdCJLEB0PLeo,1762.28,INR,upi,,,,False,,False,,False,,,,,,,,,False,147,8140.29,1,0.91,,,True
191342701550,cust_R40VKP47QazNhW,1134.77,INR,upi,,,,False,,True,19.7,False,,,,,,,,,False,76,3376.56,4,0.7,,,False
817849869879,cust_WLlj0OfZhW8jrH,276.92,INR,card,417612,Kotak,credit,True,False,False,,False,,,,,,,,,False,365,2385.06,3,0.44,,,False
405863191775,cust_Ax3qJbVknaP0MX,3942.67,INR,upi,,,,False,,False,,False,,,,,,,,,False,14,7923.69,0,0.8,,,True
114904471498,cust_JjwtkVBSdotLlM,1185.55,INR,wallet,,,,False,,False,,False,,,,,,,,,False,593,1351.55,3,0.56,,,True
863037611781,cust_Qi0JiTNxzMm7Ft,1893.85,INR,card,524104,Axis,credit,False,,False,,True,insufficient_funds,51,2026-06-10 09:00:00,Wednesday,10.0,False,3.0,3.0,True,662,8525.46,1,0.37,2026-06-16 17:30:00,152.5,False
025067477792,cust_OUKDtgudwfGf6C,1454.99,INR,upi,,,,False,,True,32.7,False,,,,,,,,,False,83,2331.36,6,,,,False
870982556643,cust_j292EISYJ9xp7T,1757.41,INR,netbanking,,,,False,,True,1.5,False,,,,,,,,,False,29,4822.06,2,,,,True
914042883443,cust_fse568XenkZC5X,608.02,INR,card,524104,Axis,debit,False,,False,,False,,,,,,,,,False,46,5886.51,1,,,,True
454509037704,cust_dpGDaLkkzrmTys,2921.38,INR,card,508227,ICICI,debit,True,True,False,,False,,,,,,,,,False,12,3235.52,1,,,,False
176939342670,cust_LwEP6aWYrSYMak,1872.6,INR,upi,,,,False,,True,17.7,False,,,,,,,,,False,89,1227.67,1,0.35,,,True
870334362341,cust_dzbDHZ8y0hyq1m,2010.19,INR,upi,,,,False,,True,11.2,False,,,,,,,,,False,26,416.3,1,0.19,,,False
275907883949,cust_4CrIKDTxcKkyGe,3811.87,INR,card,417612,Kotak,debit,True,True,False,,False,,,,,,,,,False,20,1164.76,3,0.31,,,False
915347721782,cust_qx3V8RB8m0jYk1,162.97,INR,card,524104,Axis,debit,False,,False,,False,,,,,,,,,False,321,519.07,2,0.55,,,True
087877055129,cust_B2i4NDz4SZI6Se,150.8,INR,card,417612,Kotak,credit,True,False,False,,False,,,,,,,,,False,280,4146.74,0,0.15,,,False
127665822370,cust_sH33km9CtWbZbz,128.31,INR,upi,,,,True,False,False,,False,,,,,,,,,False,54,1513.78,0,0.45,,,False
860445863964,cust_iuhYrMFl2ZQshY,523.31,INR,upi,,,,False,,False,,False,,,,,,,,,False,17,7348.11,0,0.43,,,True
309628338136,cust_Vcm6HkdDtIdQI0,676.1,INR,upi,,,,False,,False,,True,insufficient_funds,51,2026-08-27 23:00:00,Thursday,27.0,True,3.0,3.0,True,409,1293.99,1,0.27,2026-08-28 00:36:00,1.6,False
464021819945,cust_sR80qpJOCTHQLi,782.86,INR,card,508227,ICICI,debit,False,,False,,False,,,,,,,,,False,122,2065.3,0,0.63,,,True
249496860320,cust_xfRSJhJphRgvJz,1725.9,INR,card,524105,Axis,credit,False,,False,,False,,,,,,,,,False,364,3696.78,1,0.84,,,True
776710487567,cust_GIuUwZJJSMFPjv,1856.63,INR,upi,,,,False,,False,,False,,,,,,,,,False,41,1679.96,1,0.74,,,True
224025641570,cust_ohNkyAxrVJ7UFF,2323.03,INR,card,607331,SBI,credit,False,,False,,False,,,,,,,,,False,7,5011.83,2,0.24,,,True
141137262592,cust_ULGkEwMjnPasbP,936.77,INR,upi,,,,False,,True,53.0,False,,,,,,,,,False,271,5502.77,0,0.24,,,True
922537446300,cust_4PQgC7bYa7xQyh,3418.92,INR,card,400012,HDFC,debit,False,,False,,True,insufficient_funds,51,2026-07-02 08:00:00,Thursday,2.0,True,1.0,1.0,False,25,4764.82,1,,2026-07-02 11:18:00,3.3,True
018426271764,cust_EnxTDVwdfdta7x,1917.05,INR,card,508228,ICICI,credit,True,True,False,,False,,,,,,,,,False,242,1024.32,1,0.52,,,False
229437500547,cust_1e2jdbLD6dyYEn,2191.67,INR,upi,,,,False,,False,,True,insufficient_funds,51,2026-08-01 10:00:00,Saturday,1.0,True,1.0,1.0,False,210,3369.09,0,0.57,2026-08-01 14:18:00,4.3,True
281394786143,cust_baQ19tHVExtUfR,946.99,INR,upi,,,,False,,False,,True,insufficient_funds,51,2026-07-04 17:00:00,Saturday,4.0,True,1.0,1.0,False,116,1414.32,0,0.69,2026-07-05 03:18:00,10.3,True
244086549297,cust_OSf3wDvQTYbY4Q,2641.05,INR,upi,,,,False,,True,4.5,False,,,,,,,,,False,123,2589.28,1,0.54,,,False
503422453976,cust_b4dJH30gSCECGa,863.74,INR,upi,,,,False,,False,,False,,,,,,,,,False,648,7639.98,2,,,,True
787793556339,cust_5aWKOeDlDs7a1B,596.31,INR,card,524105,Axis,credit,False,,False,,False,,,,,,,,,False,54,890.78,0,0.34,,,True
459524220856,cust_1WvheaiqG3O1MZ,1062.24,INR,card,508228,ICICI,debit,False,,False,,True,insufficient_funds,51,2026-06-22 06:00:00,Monday,22.0,False,1.0,1.0,False,1,1231.77,0,0.63,2026-06-24 17:54:00,59.9,True
108683366227,cust_XYL71F0KwRuoHe,1508.42,INR,card,524105,Axis,credit,False,,False,,False,,,,,,,,,False,540,3956.7,1,0.31,,,True
118638505033,cust_NWHmEPX4YFParh,277.2,INR,card,400013,HDFC,debit,False,,False,,False,,,,,,,,,False,4,3414.4,0,,,,True
244475684113,cust_6VrBRLVON4Vl0o,2597.11,INR,upi,,,,False,,False,,False,,,,,,,,,False,88,348.12,0,,,,True
843377776907,cust_tYq18KuXwYQLJN,1221.6,INR,card,524104,Axis,debit,True,False,False,,False,,,,,,,,,False,276,994.07,1,0.64,,,False
215760853081,cust_xACRkDSaoAPVR1,1127.85,INR,upi,,,,False,,False,,True,insufficient_funds,51,2026-08-04 05:00:00,Tuesday,4.0,True,1.0,1.0,False,349,2710.23,0,,2026-08-04 10:18:00,5.3,False
470980888059,cust_MkqyXiSZXGNRDd,1317.2,INR,card,400014,HDFC,credit,True,True,False,,False,,,,,,,,,False,17,645.25,3,0.1,,,False
671967031088,cust_gz65P2OHyUkYuO,1072.48,INR,netbanking,,,,False,,False,,False,,,,,,,,,False,257,160.57,1,0.42,,,True
550460003952,cust_jDYFfvIIieoMmt,707.64,INR,upi,,,,False,,False,,False,,,,,,,,,False,134,5374.53,1,0.2,,,True
989989097609,cust_mcvLBr1jN7uc6h,5340.35,INR,card,508227,ICICI,debit,False,,False,,True,insufficient_funds,51,2026-08-11 01:00:00,Tuesday,11.0,False,1.0,1.0,False,55,440.19,1,0.46,2026-08-11 22:18:00,21.3,False
239088800928,cust_eoqPy7neKxKse4,1977.32,INR,netbanking,,,,False,,False,,True,insufficient_funds,51,2026-06-27 19:00:00,Saturday,27.0,True,2.0,2.0,False,128,2853.67,1,0.24,2026-06-28 07:48:00,12.8,True
435372030991,cust_WO6gXGKnm0uJ6l,3766.4,INR,upi,,,,False,,False,,False,,,,,,,,,False,425,1274.53,2,0.21,,,True
776995894401,cust_9XaKPdGzPaGivx,74.55,INR,card,400014,HDFC,debit,False,,False,,False,,,,,,,,,False,802,3502.71,0,0.12,,,True
861662689113,cust_2xOD1hEhFgFQiz,1724.73,INR,upi,,,,False,,False,,False,,,,,,,,,False,41,2216.16,1,,,,True
590727834656,cust_KXth3FkmdB6K3J,2227.79,INR,netbanking,,,,True,True,False,,False,,,,,,,,,False,212,1086.49,0,0.2,,,False
876545933010,cust_poqjd0fYe8mV8T,1537.77,INR,upi,,,,False,,False,,False,,,,,,,,,False,51,469.72,1,,,,True
017798727888,cust_awj1FgCN13dCE5,1208.28,INR,upi,,,,False,,False,,False,,,,,,,,,False,317,4829.32,0,0.29,,,True
410782525380,cust_ME8DANyLGMkg1v,849.76,INR,netbanking,,,,False,,False,,False,,,,,,,,,False,78,5547.06,2,0.21,,,True
908643456693,cust_qepCYlASNIPUAu,178.9,INR,upi,,,,False,,False,,True,insufficient_funds,51,2026-06-24 18:00:00,Wednesday,24.0,False,2.0,2.0,False,41,1158.84,2,0.31,2026-06-24 22:12:00,4.2,False
190160648691,cust_wXUD7Qbe5lLeIv,3267.03,INR,upi,,,,False,,False,,True,insufficient_funds,51,2026-07-10 08:00:00,Friday,10.0,False,2.0,2.0,False,87,5584.7,1,,2026-07-14 07:36:00,95.6,False
624306303821,cust_GSljJJvw0lJ78o,1480.73,INR,card,607332,SBI,credit,False,,False,,False,,,,,,,,,False,385,2671.13,0,0.42,,,True
509936431317,cust_2wMxmcAuleKff6,927.46,INR,card,508228,ICICI,debit,False,,False,,False,,,,,,,,,False,431,776.68,1,0.34,,,True
298567461314,cust_Zf7xnSlD9NoRHO,2043.43,INR,netbanking,,,,False,,False,,False,,,,,,,,,False,56,3691.78,0,,,,True
218841093293,cust_GSdUDtptDMIteN,680.56,INR,netbanking,,,,True,False,False,,False,,,,,,,,,False,369,2965.93,3,0.29,,,False
305756684190,cust_LBtp6rEKGD2iBY,468.87,INR,card,607331,SBI,credit,False,,False,,False,,,,,,,,,False,998,1746.58,0,0.4,,,True
107534396211,cust_grCKIssGlL5Ycw,3974.59,INR,card,400012,HDFC,credit,False,,False,,True,insufficient_funds,51,2026-07-30 23:00:00,Thursday,30.0,True,4.0,4.0,False,711,1139.42,3,,2026-07-31 15:24:00,16.4,True
982189608857,cust_5LDQCHYzHigAmQ,220.86,INR,card,508228,ICICI,credit,False,,False,,False,,,,,,,,,False,214,352.33,3,0.09,,,True
556370191049,cust_GwGHl5PXdrQR8H,1153.83,INR,card,400014,HDFC,debit,False,,False,,False,,,,,,,,,False,575,665.6,0,0.53,,,True
985139347742,cust_ME8DANyLGMkg1v,1283.28,INR,card,417612,Kotak,credit,False,,False,,False,,,,,,,,,False,78,5547.06,2,,,,True
788473551746,cust_o5VwVW1a3vYMlE,2103.71,INR,card,508227,ICICI,credit,False,,False,,False,,,,,,,,,False,12,2555.51,0,,,,True
218967539235,cust_IY1pkViF2sz558,1893.71,INR,card,417612,Kotak,debit,True,False,False,,False,,,,,,,,,False,937,5497.84,1,0.6,,,False
944330154365,cust_PmkMGS6UmxUUy1,1867.53,INR,upi,,,,False,,False,,False,,,,,,,,,False,11,2573.64,2,0.23,,,True
163082956177,cust_u9ZmKVJ0TX1eKg,2249.31,INR,card,400013,HDFC,credit,False,,False,,False,,,,,,,,,False,211,5126.1,1,0.09,,,True
792926180935,cust_76M8uIU78TvxcK,1638.29,INR,netbanking,,,,False,,True,28.3,False,,,,,,,,,False,201,3547.91,2,0.32,,,False
342207801828,cust_jMbP4sfeqro5tP,113.32,INR,upi,,,,False,,True,88.6,False,,,,,,,,,False,52,7168.04,0,0.78,,,False
914600026235,cust_1uAEiMLZQXkneo,569.99,INR,upi,,,,False,,True,75.3,False,,,,,,,,,False,297,1951.28,0,,,,True
535405584499,cust_hAEpv1aGhr8wo6,507.18,INR,card,524104,Axis,credit,False,,False,,False,,,,,,,,,False,68,1069.05,0,0.46,,,True
624954289211,cust_CH2zu5R2mvQT3T,1592.44,INR,netbanking,,,,True,False,False,,False,,,,,,,,,False,36,562.63,0,0.59,,,True
359422139792,cust_u9ZmKVJ0TX1eKg,986.11,INR,upi,,,,False,,False,,False,,,,,,,,,False,211,5126.1,4,,,,True
348242389306,cust_el37QbwxRI0DPn,1108.84,INR,card,508227,ICICI,debit,False,,False,,False,,,,,,,,,False,39,381.51,2,0.45,,,True
197615985854,cust_pEfunfecTXrseQ,1417.54,INR,upi,,,,False,,False,,False,,,,,,,,,False,515,2495.35,1,0.19,,,True
127510276941,cust_w1gc7DdYqe4EFl,1057.78,INR,netbanking,,,,False,,False,,False,,,,,,,,,False,193,1035.76,3,,,,True
490232129238,cust_CynproQcqPl70A,1207.71,INR,upi,,,,False,,False,,True,insufficient_funds,51,2026-06-29 18:00:00,Monday,29.0,True,3.0,3.0,True,133,6665.41,2,0.41,2026-06-30 09:48:00,15.8,False
909697312187,cust_a1wBp5Yl1uHmx3,360.35,INR,upi,,,,False,,False,,True,insufficient_funds,51,2026-06-08 21:00:00,Monday,8.0,False,4.0,4.0,True,15,1353.27,1,0.54,2026-06-09 16:24:00,19.4,False
070572365043,cust_yh1qtiDvraaIb3,1689.62,INR,netbanking,,,,True,True,False,,False,,,,,,,,,False,256,1595.53,0,,,,True
788752025117,cust_TwU3C24CXlgJA3,764.42,INR,card,417612,Kotak,credit,False,,False,,False,,,,,,,,,False,96,1912.61,0,,,,True
134445350834,cust_eoqPy7neKxKse4,1918.09,INR,upi,,,,False,,False,,False,,,,,,,,,False,128,2853.67,2,0.24,,,True
285967178160,cust_xd254lOTkbSoCO,1227.29,INR,netbanking,,,,False,,False,,False,,,,,,,,,False,85,1303.25,0,,,,True
180021393119,cust_9utqIN7joszAGM,1075.23,INR,upi,,,,False,,False,,True,insufficient_funds,51,2026-07-26 01:00:00,Sunday,26.0,True,1.0,1.0,False,81,5863.22,3,0.59,2026-07-26 15:30:00,14.5,True
725007909792,cust_hgjPi6tqweUzX6,2450.09,INR,upi,,,,True,True,False,,False,,,,,,,,,False,138,384.34,1,,,,False
089650945936,cust_H2Kk6bwAxb9ZQK,2258.08,INR,card,508228,ICICI,credit,False,,False,,True,insufficient_funds,51,2026-06-14 07:00:00,Sunday,14.0,False,2.0,2.0,False,182,2372.06,0,,2026-06-15 09:36:00,26.6,True
106187442137,cust_m4m6hmhxP8Ymb5,726.22,INR,upi,,,,True,True,False,,False,,,,,,,,,False,157,6882.82,0,0.44,,,True
989646739417,cust_xXAdzfNUotfg39,1646.84,INR,upi,,,,False,,True,3.9,False,,,,,,,,,False,649,630.5,1,0.41,,,True
163684461848,cust_7KiiDV1JqEsj6t,886.89,INR,upi,,,,False,,False,,False,,,,,,,,,False,28,7386.58,1,0.48,,,True
455657073623,cust_7vwNXFsPzn3LuI,1107.24,INR,wallet,,,,False,,False,,False,,,,,,,,,False,449,4269.7,3,0.06,,,True
489589994241,cust_aQ6hxwF2tD6p3G,1280.63,INR,card,417612,Kotak,credit,False,,False,,True,insufficient_funds,51,2026-08-27 19:00:00,Thursday,27.0,True,1.0,1.0,False,34,3416.54,1,0.68,2026-08-29 01:36:00,30.6,True
873382347325,cust_H6AyzVZqZwhUBw,619.82,INR,wallet,,,,True,False,False,,False,,,,,,,,,False,314,10850.57,2,,,,True
738828986710,cust_1uAEiMLZQXkneo,1115.87,INR,card,417612,Kotak,debit,False,,False,,False,,,,,,,,,False,297,1951.28,1,0.67,,,True
528538628283,cust_PHm4Ze4nW3TEbp,2703.71,INR,netbanking,,,,False,,False,,False,,,,,,,,,False,149,1094.25,1,0.29,,,True
095351595162,cust_VnbnzCzXhNrVyx,629.53,INR,card,524104,Axis,credit,False,,False,,False,,,,,,,,,False,864,2380.63,0,,,,True
802298008287,cust_Uqo001XTsv2CEn,1908.51,INR,card,400014,HDFC,debit,False,,False,,True,insufficient_funds,51,2026-06-10 16:00:00,Wednesday,10.0,False,3.0,3.0,True,38,5857.83,1,0.75,2026-06-12 09:42:00,41.7,False
458452894629,cust_vWsfoaHJQzuGKZ,726.24,INR,netbanking,,,,False,,False,,False,,,,,,,,,False,410,1765.9,3,0.22,,,True
728991762310,cust_D0lXPCUnClxOsf,2126.55,INR,card,400012,HDFC,debit,False,,False,,True,insufficient_funds,51,2026-06-25 21:00:00,Thursday,25.0,True,3.0,3.0,False,123,6822.13,1,0.3,2026-06-27 04:18:00,31.3,True
064456512554,cust_ly92sGNs3V8CPi,672.13,INR,upi,,,,True,False,False,,False,,,,,,,,,False,595,2565.32,1,0.75,,,False
212842238374,cust_zAgXeV4GJNL3mz,1062.5,INR,netbanking,,,,False,,False,,True,insufficient_funds,51,2026-08-29 19:00:00,Saturday,29.0,True,2.0,2.0,False,840,633.61,0,,2026-08-30 08:00:00,13.0,False
083761070453,cust_MwzLoePeQjhJlP,1376.47,INR,card,400014,HDFC,debit,False,,False,,False,,,,,,,,,False,24,3440.39,0,0.47,,,True
952798514255,cust_u3JMdpQaixsUv2,1992.55,INR,wallet,,,,True,False,False,,False,,,,,,,,,False,459,3164.03,1,0.2,,,False
172949436705,cust_RZUlwoEFqRso42,310.6,INR,upi,,,,True,False,False,,False,,,,,,,,,False,796,3289.8,2,,,,False
783882495763,cust_wksaq9crY6OZwJ,407.64,INR,upi,,,,False,,False,,False,,,,,,,,,False,593,1253.2,6,0.17,,,True
510283293268,cust_IFbVkcmacZxTXL,654.42,INR,upi,,,,False,,False,,True,insufficient_funds,51,2026-07-24 08:00:00,Friday,24.0,False,1.0,1.0,False,64,3605.5,1,0.8,2026-07-24 16:36:00,8.6,False
456185826392,cust_KJi7OZLnaBmMkY,1483.78,INR,card,524105,Axis,credit,True,True,False,,False,,,,,,,,,False,1319,1128.96,2,,,,False
998569950990,cust_mXoIgMmsgPc65s,717.62,INR,card,607331,SBI,credit,False,,False,,True,insufficient_funds,51,2026-07-11 03:00:00,Saturday,11.0,False,2.0,2.0,False,519,2551.09,1,,2026-07-13 20:24:00,65.4,True
671329019641,cust_evqoexFNqSkdga,1842.4,INR,wallet,,,,False,,False,,False,,,,,,,,,False,164,7255.09,0,0.7,,,True
812832024613,cust_d7wwjskKmm0JqB,553.71,INR,netbanking,,,,False,,False,,True,insufficient_funds,51,2026-07-04 05:00:00,Saturday,4.0,True,2.0,2.0,False,273,5451.3,2,0.26,2026-07-05 03:12:00,22.2,False
621186309301,cust_48jKXISeDaaeEP,1686.71,INR,upi,,,,False,,False,,True,insufficient_funds,51,2026-08-29 21:00:00,Saturday,29.0,True,3.0,3.0,True,47,10632.77,0,0.53,2026-08-30 06:12:00,9.2,False
567635805165,cust_ShfK6Josl0izBC,1086.74,INR,netbanking,,,,True,False,False,,False,,,,,,,,,False,69,5484.11,3,,,,False
357254868557,cust_a9ULpN2xzKKZGU,3583.24,INR,netbanking,,,,False,,False,,False,,,,,,,,,False,62,1242.73,1,0.3,,,True
362830116784,cust_OEsTsPKPRbnQwE,4254.75,INR,netbanking,,,,False,,False,,False,,,,,,,,,False,23,1133.65,3,0.53,,,True
580383445573,cust_xACRkDSaoAPVR1,5223.11,INR,upi,,,,True,True,False,,False,,,,,,,,,False,349,2710.23,1,0.47,,,True
291478337417,cust_ZnMrePoAuvGaK7,2092.37,INR,netbanking,,,,True,False,False,,False,,,,,,,,,False,668,5649.38,0,,,,False
752788751242,cust_6VrBRLVON4Vl0o,1054.79,INR,netbanking,,,,False,,False,,False,,,,,,,,,False,88,348.12,0,0.88,,,True
094933672850,cust_PiN8SRMrTV5xQH,2702.95,INR,upi,,,,False,,False,,False,,,,,,,,,False,235,3904.83,1,0.44,,,True
764737444383,cust_tkKWoC2PhD9poB,589.97,INR,card,524105,Axis,debit,False,,False,,True,insufficient_funds,51,2026-08-19 20:00:00,Wednesday,19.0,False,2.0,2.0,False,460,3463.59,1,0.25,2026-08-21 12:24:00,40.4,False
878256002339,cust_hK2Qil62gfjVNt,1857.56,INR,netbanking,,,,False,,True,11.7,False,,,,,,,,,False,210,2534.96,4,,,,True
574278416348,cust_tkKWoC2PhD9poB,1538.59,INR,card,607331,SBI,credit,True,False,False,,False,,,,,,,,,False,460,3463.59,2,,,,False
997427037994,cust_pgpzkqxwPyaQ6S,472.16,INR,card,508227,ICICI,credit,True,False,False,,False,,,,,,,,,False,75,1846.95,0,0.48,,,False
896219603932,cust_8fWha6AS6gwobj,455.14,INR,card,524105,Axis,credit,False,,False,,True,insufficient_funds,51,2026-06-15 05:00:00,Monday,15.0,False,1.0,1.0,False,635,1548.22,1,,2026-06-19 03:42:00,94.7,False
989459239668,cust_1R76S383dI6APi,505.02,INR,card,400014,HDFC,credit,False,,False,,True,insufficient_funds,51,2026-07-28 07:00:00,Tuesday,28.0,True,2.0,2.0,False,495,702.79,3,0.71,2026-07-29 04:30:00,21.5,True
738504720096,cust_QOKTLt7pkk49bA,2600.69,INR,card,508227,ICICI,credit,False,,False,,False,,,,,,,,,False,110,146.84,2,,,,True
525876986459,cust_RhOYdzkuZKs6lf,3741.0,INR,wallet,,,,False,,False,,False,,,,,,,,,False,178,3641.33,1,,,,True
560037550320,cust_NaQNpUcpvjV21J,3337.09,INR,card,400014,HDFC,debit,False,,False,,False,,,,,,,,,False,696,2266.96,1,0.14,,,True
677944096856,cust_wUeYaxCrHHwBCL,1848.67,INR,card,400014,HDFC,debit,False,,False,,False,,,,,,,,,False,218,3579.5,3,0.16,,,True
529574447281,cust_Dkf0J7ELkpOH3P,204.22,INR,upi,,,,False,,False,,False,,,,,,,,,False,3,77.72,0,0.38,,,True
261174418382,cust_MkqyXiSZXGNRDd,430.11,INR,card,508228,ICICI,credit,False,,False,,False,,,,,,,,,False,17,645.25,3,0.1,,,True
447306483613,cust_LkCVcc508c3cIu,644.05,INR,upi,,,,False,,False,,False,,,,,,,,,False,78,1729.88,0,0.05,,,True
393695728343,cust_2yjr7ivu7cckBH,2931.09,INR,card,607331,SBI,debit,False,,False,,False,,,,,,,,,False,931,1676.38,3,0.23,,,True
675055375368,cust_jhs64K2K59Ye67,1187.05,INR,wallet,,,,True,True,False,,False,,,,,,,,,False,25,975.87,1,0.54,,,True
191171669625,cust_lfIKEnNLWsHOys,2234.45,INR,card,400012,HDFC,credit,False,,False,,False,,,,,,,,,False,31,1446.39,1,0.43,,,True
245296054385,cust_fYLKq3RYkvTx7e,136.83,INR,upi,,,,False,,False,,True,insufficient_funds,51,2026-08-16 07:00:00,Sunday,16.0,False,3.0,3.0,True,631,3664.54,1,0.29,2026-08-16 09:48:00,2.8,False
297338864389,cust_mXoIgMmsgPc65s,3164.36,INR,netbanking,,,,False,,False,,True,insufficient_funds,51,2026-08-04 12:00:00,Tuesday,4.0,True,1.0,1.0,False,519,2551.09,4,,2026-08-04 15:30:00,3.5,False
436030796446,cust_wZZjodfvJYOudf,1178.88,INR,card,417612,Kotak,debit,True,True,False,,False,,,,,,,,,False,1829,254.34,4,0.28,,,False
431938710195,cust_Jm2c2wGHrMuFF6,223.22,INR,card,400013,HDFC,debit,False,,False,,False,,,,,,,,,False,332,3352.86,1,0.17,,,True
036093903312,cust_3Uji4PJyuGxYx1,996.34,INR,card,524104,Axis,credit,False,,False,,True,insufficient_funds,51,2026-07-03 04:00:00,Friday,3.0,True,3.0,3.0,True,150,1217.58,0,,2026-07-03 04:36:00,0.6,False
998759849145,cust_2iG00RvQ4Jb6Nb,725.78,INR,upi,,,,False,,False,,False,,,,,,,,,False,113,4477.3,0,,,,True
120497597401,cust_8qYu7aAQfgjjbY,2171.33,INR,upi,,,,False,,False,,False,,,,,,,,,False,61,3899.66,1,0.72,,,True
396828460847,cust_PhetW4Ns6wSogQ,1679.16,INR,upi,,,,False,,False,,True,insufficient_funds,51,2026-08-07 04:00:00,Friday,7.0,False,3.0,3.0,True,365,5763.02,1,,2026-08-11 05:54:00,97.9,False
498295138648,cust_tVyTZjKMm6mUlB,2859.21,INR,card,400013,HDFC,debit,False,,False,,False,,,,,,,,,False,293,1084.62,0,0.19,,,True
078915439819,cust_3BDamHNPVWC2QJ,1301.99,INR,wallet,,,,False,,False,,False,,,,,,,,,False,815,2155.42,1,0.29,,,True
120127143812,cust_DVRhUrRQ19qF7w,1579.01,INR,netbanking,,,,False,,False,,False,,,,,,,,,False,558,5693.24,2,0.52,,,True
930723349864,cust_8QeF0NcKKNGOTj,2246.61,INR,upi,,,,False,,True,42.3,False,,,,,,,,,False,119,2291.53,1,,,,False
171099899505,cust_VqYAwlEpmU96ut,826.88,INR,upi,,,,True,True,False,,False,,,,,,,,,False,142,1325.82,0,,,,True
001603858937,cust_Jsbvmt8qmyFbvv,2530.52,INR,netbanking,,,,False,,False,,False,,,,,,,,,False,213,3215.59,3,,,,True
790822530838,cust_ZV6sieQ44FpTfH,1203.73,INR,upi,,,,False,,False,,True,insufficient_funds,51,2026-07-06 22:00:00,Monday,6.0,False,1.0,1.0,False,159,969.92,3,0.4,2026-07-14 00:24:00,170.4,False
187211645393,cust_JTfI02BLzzPc4r,1397.53,INR,upi,,,,False,,True,3.7,False,,,,,,,,,False,343,1403.86,2,0.5,,,True
100793357061,cust_ThY1eczb5LRhUc,1350.45,INR,upi,,,,False,,False,,False,,,,,,,,,False,47,2367.34,0,,,,True
724704761705,cust_bbSKeUUtphVk7x,698.88,INR,netbanking,,,,False,,True,14.4,False,,,,,,,,,False,113,1267.55,1,,,,True
172446170920,cust_hpdLX50J9pIEAs,2037.81,INR,card,524104,Axis,debit,False,,False,,True,insufficient_funds,51,2026-08-29 07:00:00,Saturday,29.0,True,1.0,1.0,False,583,5160.1,1,0.9,2026-08-29 07:06:00,0.1,True
896544853134,cust_w1gc7DdYqe4EFl,596.44,INR,card,400013,HDFC,debit,False,,False,,True,insufficient_funds,51,2026-06-28 11:00:00,Sunday,28.0,True,2.0,2.0,False,193,1035.76,2,,2026-06-28 20:24:00,9.4,True
972700338037,cust_UqLhpzAGGbNRLB,3208.26,INR,card,400013,HDFC,debit,False,,False,,False,,,,,,,,,False,165,1490.41,2,0.18,,,True
936068703769,cust_HjTQLcbc7d0ND6,1955.79,INR,netbanking,,,,True,False,False,,False,,,,,,,,,False,34,6161.67,3,0.51,,,False
932846898021,cust_8h6H8L7QGatTlf,2059.52,INR,upi,,,,False,,False,,False,,,,,,,,,False,693,2122.16,0,0.34,,,True
831911610196,cust_dqr4pzrvFHvIv3,3171.96,INR,upi,,,,True,False,False,,False,,,,,,,,,False,140,1217.21,3,0.41,,,False
805587069285,cust_9X14XqphoVLhgt,671.05,INR,upi,,,,False,,True,14.8,False,,,,,,,,,False,93,2832.69,0,0.39,,,False
805608944109,cust_3goiByRAVZp83j,1236.4,INR,upi,,,,True,False,False,,False,,,,,,,,,False,871,3303.51,2,0.19,,,False
887064658154,cust_wwQ5d1SIUVubaY,2143.57,INR,card,400013,HDFC,credit,False,,False,,False,,,,,,,,,False,552,2448.83,2,0.48,,,True
235376981388,cust_CTVXhKS5ZeJcTA,567.32,INR,card,508228,ICICI,credit,True,False,False,,False,,,,,,,,,False,148,5051.56,0,,,,False
776303478744,cust_baQ19tHVExtUfR,1747.44,INR,upi,,,,False,,False,,True,insufficient_funds,51,2026-08-01 16:00:00,Saturday,1.0,True,1.0,1.0,False,116,1414.32,1,,2026-08-02 17:36:00,25.6,False
574459242866,cust_T1oJ2uO3LBpcQ5,1564.83,INR,upi,,,,False,,False,,False,,,,,,,,,False,474,1885.96,1,0.65,,,True
353657110026,cust_qhPic6n6D6a9Qq,1597.56,INR,card,524104,Axis,debit,False,,False,,True,insufficient_funds,51,2026-08-20 12:00:00,Thursday,20.0,False,4.0,4.0,True,43,5206.32,0,0.49,2026-08-20 15:42:00,3.7,False
345595220625,cust_z5bPbYzEkgzrdB,910.0,INR,card,607332,SBI,debit,True,True,False,,False,,,,,,,,,False,242,5801.24,2,,,,False
577328160525,cust_Zf7xnSlD9NoRHO,3061.01,INR,card,524104,Axis,debit,False,,False,,False,,,,,,,,,False,56,3691.78,1,,,,True
115617129812,cust_s6FlxA3ZK0LRg4,934.28,INR,upi,,,,True,False,False,,False,,,,,,,,,False,542,617.04,2,,,,False
539752783763,cust_5eEc3m807Qi3yU,325.72,INR,upi,,,,True,True,False,,False,,,,,,,,,False,10,2468.05,2,0.49,,,False
448030133335,cust_Y3UuI9sf8DbzVv,3748.31,INR,card,607332,SBI,credit,False,,False,,True,insufficient_funds,51,2026-08-03 07:00:00,Monday,3.0,True,1.0,1.0,False,761,5783.21,0,,2026-08-03 15:36:00,8.6,True
058402073736,cust_Pfaz8FGxPekpGw,686.94,INR,card,524105,Axis,debit,False,,False,,True,insufficient_funds,51,2026-06-14 00:00:00,Sunday,14.0,False,5.0,5.0,True,104,2008.71,2,,2026-06-21 04:24:00,172.4,False
115879853372,cust_O3BqXaH4fnpixd,1574.71,INR,upi,,,,False,,False,,True,insufficient_funds,51,2026-06-17 01:00:00,Wednesday,17.0,False,1.0,1.0,False,301,8635.24,0,0.26,2026-06-18 08:42:00,31.7,True
280701474638,cust_LBtp6rEKGD2iBY,2204.5,INR,card,400012,HDFC,debit,False,,False,,True,insufficient_funds,51,2026-07-29 22:00:00,Wednesday,29.0,True,1.0,1.0,False,998,1746.58,2,0.4,2026-07-29 23:18:00,1.3,False
586696218624,cust_aKkhX0qbRm519x,1559.82,INR,card,607331,SBI,debit,False,,False,,False,,,,,,,,,False,190,1820.86,1,0.17,,,True
070143688296,cust_C7aKqzcFqG1xAT,2124.31,INR,card,607332,SBI,credit,True,False,False,,False,,,,,,,,,False,44,3887.12,2,0.37,,,False
419983237165,cust_fL41SnlJvhwgAU,236.43,INR,upi,,,,False,,False,,True,insufficient_funds,51,2026-08-28 14:00:00,Friday,28.0,True,2.0,2.0,False,24,3805.2,1,0.57,2026-08-28 19:48:00,5.8,False
872223096394,cust_OZpF8Egf9iYdn8,2724.46,INR,upi,,,,True,False,False,,False,,,,,,,,,False,265,10856.59,0,,,,False
007959057111,cust_SMkvCBMK2sViLB,1721.65,INR,upi,,,,False,,False,,True,insufficient_funds,51,2026-06-22 15:00:00,Monday,22.0,False,1.0,1.0,False,335,865.63,1,,2026-06-25 02:06:00,59.1,True
770121305932,cust_zWzCsh9GzuS9bV,2963.2,INR,upi,,,,False,,False,,False,,,,,,,,,False,56,2008.74,2,,,,True
931213705959,cust_l21E3auTTMxe9a,2068.38,INR,netbanking,,,,False,,False,,False,,,,,,,,,False,16,3078.69,0,,,,True
685466755718,cust_oTjT3TLRTbHJQA,1021.25,INR,card,524104,Axis,debit,False,,False,,True,insufficient_funds,51,2026-06-18 03:00:00,Thursday,18.0,False,1.0,1.0,False,121,711.43,1,0.27,2026-06-20 16:42:00,61.7,False
615652272537,cust_fo2txjakfJ2qD9,769.57,INR,upi,,,,False,,False,,True,insufficient_funds,51,2026-07-12 04:00:00,Sunday,12.0,False,1.0,1.0,False,55,737.73,3,0.16,2026-07-14 00:18:00,44.3,True
521301171300,cust_JXKCK0aFJEZarK,1160.51,INR,upi,,,,False,,False,,False,,,,,,,,,False,107,3667.79,1,0.31,,,True
749554656117,cust_50df5KjtHYl2fX,228.08,INR,card,417612,Kotak,credit,False,,False,,True,insufficient_funds,51,2026-06-30 13:00:00,Tuesday,30.0,True,1.0,1.0,False,129,887.13,1,0.33,2026-06-30 13:18:00,0.3,True
999326193775,cust_Cudo4LkneFVUp1,1681.33,INR,netbanking,,,,False,,False,,True,insufficient_funds,51,2026-08-25 00:00:00,Tuesday,25.0,True,3.0,3.0,False,587,6873.93,1,0.3,2026-08-25 12:24:00,12.4,True
003114878212,cust_8h6H8L7QGatTlf,3187.47,INR,upi,,,,True,False,False,,False,,,,,,,,,False,693,2122.16,1,,,,False
177213869193,cust_eWR4rMMyY1jeio,317.67,INR,card,524105,Axis,credit,False,,False,,True,insufficient_funds,51,2026-08-05 08:00:00,Wednesday,5.0,True,1.0,1.0,False,271,7144.99,2,,2026-08-05 12:48:00,4.8,False
784076766655,cust_gBl8DXK7gAXB4i,2098.58,INR,upi,,,,False,,True,76.6,False,,,,,,,,,False,64,1292.94,2,0.6,,,False
939784804378,cust_TlaqVC1V9R86En,968.65,INR,card,508227,ICICI,credit,True,True,False,,False,,,,,,,,,False,181,7324.94,2,,,,True
806858917812,cust_eLU6Pq5YhRjGHz,563.38,INR,card,400013,HDFC,debit,False,,False,,True,insufficient_funds,51,2026-08-07 15:00:00,Friday,7.0,False,3.0,3.0,True,309,1359.85,0,,2026-08-09 07:54:00,40.9,False
548797256268,cust_E591eUcPZCtXTl,511.48,INR,upi,,,,False,,True,13.1,False,,,,,,,,,False,8,2599.84,3,0.41,,,True
513161854087,cust_1jYInBuNaVWswj,111.14,INR,card,508228,ICICI,credit,True,False,False,,False,,,,,,,,,False,143,1445.31,5,0.09,,,False
725650045101,cust_HMukeuXHDcZeZO,208.9,INR,card,417612,Kotak,credit,False,,False,,False,,,,,,,,,False,51,3156.84,1,0.45,,,True
048643757225,cust_S1PRiTb86eT8dK,2406.31,INR,card,607332,SBI,credit,False,,False,,True,insufficient_funds,51,2026-08-20 14:00:00,Thursday,20.0,False,4.0,4.0,True,172,1282.71,1,0.34,2026-08-22 13:18:00,47.3,False
574729893685,cust_RTFa8jnv32AHQi,1976.26,INR,card,508227,ICICI,credit,True,True,False,,False,,,,,,,,,False,6,500.1,0,0.19,,,False
531810302526,cust_UOu53BySRerG1I,1305.23,INR,netbanking,,,,False,,True,49.1,False,,,,,,,,,False,173,5102.86,4,0.26,,,False
790431289277,cust_sMnQe40FaRAvnQ,3015.48,INR,netbanking,,,,False,,False,,True,insufficient_funds,51,2026-07-29 04:00:00,Wednesday,29.0,True,2.0,2.0,False,335,1279.08,0,,2026-07-29 17:36:00,13.6,False
300289124787,cust_LZiOJIrADwGpkA,1277.25,INR,netbanking,,,,False,,False,,False,,,,,,,,,False,392,163.04,2,,,,True
991962815488,cust_wQAxTaWuV3jwTT,2527.71,INR,upi,,,,False,,False,,True,insufficient_funds,51,2026-08-09 07:00:00,Sunday,9.0,False,1.0,1.0,False,339,5155.45,2,0.45,2026-08-12 16:24:00,81.4,False
386783180179,cust_6TW7I19PhH8wfd,2768.24,INR,card,417612,Kotak,debit,False,,False,,False,,,,,,,,,False,447,2290.25,1,0.64,,,True
069298951287,cust_geaqo7NDCQEGOm,2792.23,INR,upi,,,,False,,False,,True,insufficient_funds,51,2026-07-11 21:00:00,Saturday,11.0,False,3.0,3.0,True,608,7177.44,4,0.64,2026-07-12 05:06:00,8.1,False
528085507297,cust_ERnhU9gclGr0ov,1476.55,INR,netbanking,,,,False,,False,,False,,,,,,,,,False,28,1257.48,1,,,,True
153700059064,cust_4WqqEQ0budevT9,1404.49,INR,upi,,,,False,,True,17.8,False,,,,,,,,,False,1437,1367.97,1,,,,True
610558821013,cust_1DS7IQXJVZEgET,2003.04,INR,card,508228,ICICI,credit,False,,False,,False,,,,,,,,,False,183,1528.54,0,0.53,,,True
103882306113,cust_FaJffDQGotaSYk,556.81,INR,wallet,,,,True,False,False,,False,,,,,,,,,False,211,2831.84,2,0.53,,,False
430491665379,cust_RUGJzMeAwy4vCL,221.82,INR,card,400013,HDFC,credit,False,,False,,True,insufficient_funds,51,2026-08-03 21:00:00,Monday,3.0,True,2.0,2.0,False,341,2700.8,0,,2026-08-04 07:24:00,10.4,True
705785545844,cust_XpQuiJYwMZd1I5,112.28,INR,netbanking,,,,False,,False,,True,insufficient_funds,51,2026-06-24 09:00:00,Wednesday,24.0,False,2.0,2.0,False,225,611.44,1,,2026-06-25 19:48:00,34.8,False
824612555667,cust_rZHBUxmz5F0Pkg,1077.01,INR,card,417612,Kotak,debit,False,,False,,False,,,,,,,,,False,682,2595.14,1,0.26,,,True
212359807472,cust_zNTUcUUGtW2yd0,758.49,INR,upi,,,,False,,False,,True,insufficient_funds,51,2026-08-27 03:00:00,Thursday,27.0,True,1.0,1.0,False,168,778.12,0,,2026-08-27 07:36:00,4.6,True
649677067343,cust_lyQKIcH1u37ZbH,2223.77,INR,upi,,,,True,False,False,,False,,,,,,,,,False,2,351.36,0,,,,False
919623132312,cust_Tj4S6a8VFA9ZHS,955.06,INR,card,524105,Axis,credit,True,False,False,,False,,,,,,,,,False,811,5234.97,3,0.4,,,False
045880979034,cust_byLDLvQ3Zmm1KS,1827.09,INR,card,607332,SBI,credit,False,,False,,False,,,,,,,,,False,101,3956.86,0,0.37,,,True
776298495544,cust_1WvheaiqG3O1MZ,1062.06,INR,netbanking,,,,False,,False,,True,insufficient_funds,51,2026-08-12 21:00:00,Wednesday,12.0,False,5.0,5.0,True,1,1231.77,0,0.63,2026-08-16 01:12:00,76.2,False
589177977007,cust_Ec99ENQ522WJzr,3983.92,INR,netbanking,,,,False,,True,6.2,False,,,,,,,,,False,207,945.12,2,0.28,,,False
073701146346,cust_XRVkdpGDuAk9Gg,2410.16,INR,card,400014,HDFC,credit,False,,False,,False,,,,,,,,,False,157,1302.23,0,0.37,,,True
540491473946,cust_tY6p0pDCVsQxwa,3422.13,INR,upi,,,,False,,False,,True,insufficient_funds,51,2026-07-17 11:00:00,Friday,17.0,False,3.0,3.0,True,433,1326.23,2,,2026-07-18 06:54:00,19.9,False
410147214022,cust_Cfk12bgcsZoJd8,1614.82,INR,upi,,,,True,False,False,,False,,,,,,,,,False,36,6939.4,3,0.43,,,False
186756486802,cust_EDbeMlTst18IWi,2252.38,INR,card,508227,ICICI,credit,False,,False,,True,insufficient_funds,51,2026-08-07 08:00:00,Friday,7.0,False,1.0,1.0,False,172,7670.33,0,0.55,2026-08-07 15:36:00,7.6,True
457952814251,cust_Qr4jf6eb0wwhA7,1237.77,INR,card,524105,Axis,credit,False,,False,,False,,,,,,,,,False,363,1171.7,0,0.7,,,True
228968071308,cust_EDbeMlTst18IWi,1817.08,INR,card,607331,SBI,credit,False,,False,,False,,,,,,,,,False,172,7670.33,0,0.55,,,True
271884089621,cust_D37eGekg895I1j,1316.93,INR,netbanking,,,,False,,False,,False,,,,,,,,,False,148,476.73,2,,,,True
620310590134,cust_Ld3H6LBwPr3byl,2248.21,INR,upi,,,,False,,False,,False,,,,,,,,,False,167,3433.97,0,,,,True
627310626496,cust_UkzWGszFD3dbWg,1946.25,INR,upi,,,,False,,False,,False,,,,,,,,,False,154,3808.84,2,,,,True
322171816667,cust_rSZUwrRJ2BufAz,1408.57,INR,card,508228,ICICI,debit,False,,False,,True,insufficient_funds,51,2026-08-20 09:00:00,Thursday,20.0,False,3.0,3.0,False,66,8016.02,0,,2026-08-22 15:42:00,54.7,True
583279394163,cust_YYMvoBmRw7Dm8e,742.68,INR,card,524105,Axis,debit,False,,False,,True,insufficient_funds,51,2026-07-25 06:00:00,Saturday,25.0,True,3.0,3.0,True,7,702.67,1,0.57,2026-07-26 01:12:00,19.2,False
111558569768,cust_XXv4joJ1LsaTvb,812.71,INR,upi,,,,False,,False,,False,,,,,,,,,False,20,1206.42,1,0.1,,,True
008387558642,cust_OmOt7UtML9WEBH,615.54,INR,upi,,,,False,,False,,True,insufficient_funds,51,2026-06-12 09:00:00,Friday,12.0,False,1.0,1.0,False,177,2680.78,1,0.18,2026-06-13 01:48:00,16.8,False
893274429525,cust_B2i4NDz4SZI6Se,1666.37,INR,card,607331,SBI,debit,False,,False,,False,,,,,,,,,False,280,4146.74,1,0.15,,,True
435512496332,cust_V8eBCe4dhFss5c,2971.99,INR,upi,,,,False,,False,,False,,,,,,,,,False,138,2084.44,2,,,,True
785986351080,cust_SQWAnXLB1wOsoh,3352.87,INR,netbanking,,,,False,,True,4.7,False,,,,,,,,,False,3,1395.65,3,,,,False
297607086928,cust_Ac6bNBR5WFmSsO,253.79,INR,upi,,,,False,,False,,True,insufficient_funds,51,2026-08-25 20:00:00,Tuesday,25.0,True,1.0,1.0,False,602,1343.42,0,0.47,2026-08-26 07:30:00,11.5,False
419397721301,cust_fvR9qH8YxV6uMf,483.13,INR,upi,,,,True,True,False,,False,,,,,,,,,False,15,750.61,1,,,,True
266526559945,cust_CwdkXFJFm59mDn,3285.8,INR,upi,,,,False,,False,,False,,,,,,,,,False,35,2677.52,1,0.61,,,True
208524293687,cust_Ax6FPhUYmWowyl,2760.82,INR,netbanking,,,,False,,False,,True,insufficient_funds,51,2026-07-20 07:00:00,Monday,20.0,False,1.0,1.0,False,339,3571.74,1,,2026-07-21 20:42:00,37.7,True
781774868841,cust_YW8ijQf52ITgIH,1543.43,INR,card,508228,ICICI,debit,False,,False,,True,insufficient_funds,51,2026-06-25 16:00:00,Thursday,25.0,True,1.0,1.0,False,53,7547.92,2,0.14,2026-06-25 16:42:00,0.7,False
152894148772,cust_FDJmpQpebQuHaR,330.53,INR,card,417612,Kotak,credit,False,,False,,False,,,,,,,,,False,208,4625.42,2,0.6,,,True
013599397856,cust_sNbOVcZFapXJ5E,205.75,INR,upi,,,,False,,False,,False,,,,,,,,,False,352,1375.05,5,,,,True
663379994944,cust_kXnOk9Om3TtumD,424.12,INR,card,524104,Axis,credit,False,,False,,True,insufficient_funds,51,2026-06-20 12:00:00,Saturday,20.0,False,2.0,2.0,False,1368,3170.38,2,0.54,2026-06-21 10:42:00,22.7,False
627894714967,cust_PQ4zokKOjG89oe,376.64,INR,card,607331,SBI,debit,False,,False,,True,insufficient_funds,51,2026-08-19 22:00:00,Wednesday,19.0,False,1.0,1.0,False,288,751.75,1,0.43,2026-08-31 01:54:00,267.9,False
034701629595,cust_AJ2SEOMFPq0XdV,261.63,INR,wallet,,,,False,,False,,True,insufficient_funds,51,2026-07-26 06:00:00,Sunday,26.0,True,1.0,1.0,False,20,4593.7,1,0.62,2026-07-26 15:42:00,9.7,True
938094101550,cust_fUupBvepriCkMk,598.96,INR,card,524105,Axis,debit,False,,False,,True,insufficient_funds,51,2026-07-25 19:00:00,Saturday,25.0,True,3.0,3.0,True,136,3639.87,2,0.11,2026-07-25 21:42:00,2.7,False
422482969820,cust_rSZUwrRJ2BufAz,1623.75,INR,upi,,,,True,False,False,,False,,,,,,,,,False,66,8016.02,0,0.4,,,False
091669686547,cust_nBRNtp3FaBNfBM,1292.93,INR,upi,,,,False,,False,,True,insufficient_funds,51,2026-08-09 22:00:00,Sunday,9.0,False,1.0,1.0,False,141,905.84,2,0.4,2026-08-14 00:18:00,98.3,False
415601758932,cust_K4gbGxfnw0mQi6,448.45,INR,upi,,,,False,,False,,False,,,,,,,,,False,143,4638.72,0,0.59,,,True
712889854344,cust_Uqo001XTsv2CEn,2420.84,INR,card,508227,ICICI,debit,False,,False,,True,insufficient_funds,51,2026-07-16 09:00:00,Thursday,16.0,False,1.0,1.0,False,38,5857.83,3,,2026-07-21 20:42:00,131.7,False
788203172990,cust_NTwF2yS8YVuu1C,345.29,INR,upi,,,,False,,False,,False,,,,,,,,,False,466,2634.25,0,0.15,,,True
465736395503,cust_VGeFfJHeJoOYSa,816.77,INR,upi,,,,False,,False,,False,,,,,,,,,False,63,399.62,0,0.82,,,True
912423459192,cust_It2cWSiKl01IhQ,2262.14,INR,card,508228,ICICI,credit,False,,False,,False,,,,,,,,,False,99,3658.86,2,0.2,,,True
966914369625,cust_Iujx0rcKIrSINu,2496.82,INR,card,417612,Kotak,credit,False,,False,,True,insufficient_funds,51,2026-06-13 08:00:00,Saturday,13.0,False,2.0,2.0,False,435,1754.62,2,0.42,2026-06-13 11:54:00,3.9,False
948584589895,cust_aBIT9nYAxpKkLF,1749.4,INR,card,400012,HDFC,debit,False,,False,,False,,,,,,,,,False,247,5902.02,0,,,,True
384692042558,cust_XTXcCi1SreIseG,1356.82,INR,upi,,,,True,True,False,,False,,,,,,,,,False,547,6064.26,0,0.32,,,False
092284265992,cust_cbb1UxpZOYh73t,1096.51,INR,wallet,,,,True,True,False,,False,,,,,,,,,False,263,2331.15,0,0.37,,,True
404245305435,cust_R3yelmYrbpNnH3,1993.76,INR,netbanking,,,,False,,False,,False,,,,,,,,,False,340,5289.17,1,0.31,,,True
910979691997,cust_qZXhdJrnSppQlI,733.22,INR,card,417612,Kotak,debit,False,,False,,True,insufficient_funds,51,2026-08-18 21:00:00,Tuesday,18.0,False,1.0,1.0,False,628,7557.1,1,0.56,2026-08-19 23:18:00,26.3,False
912074557127,cust_h8XVykwawhOpE5,1108.05,INR,card,417612,Kotak,debit,False,,False,,False,,,,,,,,,False,1258,1512.26,1,0.6,,,True
057089826090,cust_UbPfcEruXu1YAH,2332.44,INR,card,508228,ICICI,credit,True,False,False,,False,,,,,,,,,False,15,1604.58,1,,,,False
615492868888,cust_Qz8PiX5f21RwZ5,619.97,INR,upi,,,,False,,False,,True,insufficient_funds,51,2026-07-19 06:00:00,Sunday,19.0,False,1.0,1.0,False,130,3887.05,2,0.67,2026-07-20 21:30:00,39.5,False
840238724977,cust_8IT6MT78SrejPX,1832.45,INR,upi,,,,False,,False,,True,insufficient_funds,51,2026-08-02 21:00:00,Sunday,2.0,True,1.0,1.0,False,484,1661.0,0,0.14,2026-08-02 22:06:00,1.1,False
698234668357,cust_NLM2om3hvZnNIG,1683.71,INR,card,400013,HDFC,credit,False,,False,,False,,,,,,,,,False,543,7328.51,4,,,,True
778723545254,cust_FfycfcDcysYyuj,1211.76,INR,card,417612,Kotak,debit,False,,False,,False,,,,,,,,,False,454,1510.3,1,0.7,,,True
627651225012,cust_be0w0hRC9YOuF0,627.76,INR,upi,,,,False,,False,,False,,,,,,,,,False,564,2163.12,2,0.25,,,True
588813706181,cust_9GYV1PLbaRP5b1,1244.24,INR,card,607332,SBI,credit,True,False,False,,False,,,,,,,,,False,78,578.63,1,0.3,,,False
494382746324,cust_Q3kk8gjZEvp3Bq,1133.77,INR,upi,,,,False,,True,30.9,False,,,,,,,,,False,331,2377.75,1,,,,True
848344989733,cust_ewgTemzlXrlrXw,473.35,INR,upi,,,,False,,False,,False,,,,,,,,,False,116,1355.94,0,0.33,,,True
384351573653,cust_B3f1rocZVhgvHK,395.74,INR,netbanking,,,,False,,False,,False,,,,,,,,,False,424,5146.86,1,,,,True
032655559422,cust_X7lmOOJ84UhMIh,1043.48,INR,card,400014,HDFC,credit,True,False,False,,False,,,,,,,,,False,138,2223.81,0,0.56,,,False
646557257208,cust_z3wogWCgOxwXkt,1120.94,INR,card,417612,Kotak,debit,True,False,False,,False,,,,,,,,,False,447,4637.58,0,0.28,,,True
280215158200,cust_vA4olAPxS7naXV,530.88,INR,netbanking,,,,False,,False,,True,insufficient_funds,51,2026-07-17 21:00:00,Friday,17.0,False,1.0,1.0,False,1032,4967.42,3,,2026-07-21 12:06:00,87.1,False
564253436351,cust_9Oq0o1vFXiDAKe,2683.93,INR,card,417612,Kotak,credit,False,,False,,True,insufficient_funds,51,2026-07-22 17:00:00,Wednesday,22.0,False,3.0,3.0,True,306,1385.24,0,0.3,2026-07-29 00:30:00,151.5,False
375399815702,cust_p2OE64rvC86llE,4079.89,INR,wallet,,,,True,False,False,,False,,,,,,,,,False,173,3842.82,2,0.14,,,False
994862875774,cust_9wha4cAczR8A5d,284.46,INR,card,524104,Axis,credit,False,,False,,False,,,,,,,,,False,679,4323.99,1,0.54,,,True
930165187189,cust_7GtUrMdibKUJDq,1386.78,INR,upi,,,,True,False,False,,False,,,,,,,,,False,431,2041.46,3,0.58,,,False
495389248845,cust_Nn4sGEjPb3Jn5p,632.01,INR,card,524104,Axis,debit,False,,False,,False,,,,,,,,,False,880,548.88,1,0.43,,,True
806988607687,cust_t1uiOwxRp5Y78T,1200.35,INR,netbanking,,,,False,,True,53.5,False,,,,,,,,,False,160,4690.8,1,0.25,,,False
194117865687,cust_AJ2SEOMFPq0XdV,1037.54,INR,card,607332,SBI,credit,False,,False,,False,,,,,,,,,False,20,4593.7,2,0.62,,,True
610346226011,cust_BphnmukrE5GwSF,1120.65,INR,card,607331,SBI,debit,False,,False,,False,,,,,,,,,False,247,2037.57,2,0.44,,,True
900438780211,cust_Pd3HIhsFq25vln,772.23,INR,upi,,,,False,,False,,True,insufficient_funds,51,2026-06-05 19:00:00,Friday,5.0,True,1.0,1.0,False,588,8940.94,0,,2026-06-05 19:48:00,0.8,True
190209672105,cust_ubjamDSNzkusWu,726.32,INR,upi,,,,True,False,False,,False,,,,,,,,,False,226,254.2,3,0.68,,,False
412370904616,cust_6FT8KDvon3Dnso,2809.12,INR,netbanking,,,,True,True,False,,False,,,,,,,,,False,52,821.98,1,,,,True
184643234442,cust_B3f1rocZVhgvHK,5244.35,INR,card,400013,HDFC,credit,False,,False,,False,,,,,,,,,False,424,5146.86,3,,,,True
913436575861,cust_hPuLWw1UHW3u3X,657.86,INR,netbanking,,,,False,,False,,False,,,,,,,,,False,153,5273.89,1,,,,True
939088220167,cust_rc07HXmBCAGUqb,1007.43,INR,upi,,,,False,,True,9.5,False,,,,,,,,,False,99,927.34,4,,,,True
884285866041,cust_UOu53BySRerG1I,518.04,INR,card,417612,Kotak,debit,True,False,False,,False,,,,,,,,,False,173,5102.86,0,0.26,,,True
573602170911,cust_ThY1eczb5LRhUc,3330.81,INR,netbanking,,,,False,,False,,True,insufficient_funds,51,2026-08-11 22:00:00,Tuesday,11.0,False,1.0,1.0,False,47,2367.34,0,0.32,2026-08-13 03:48:00,29.8,False
730022383221,cust_VC3nKR3qiUXG5k,2975.24,INR,netbanking,,,,False,,False,,False,,,,,,,,,False,422,1183.51,0,,,,True
401697641993,cust_1pe6bPaJwzugMG,2668.51,INR,card,508228,ICICI,debit,False,,False,,True,insufficient_funds,51,2026-08-10 23:00:00,Monday,10.0,False,1.0,1.0,False,348,575.62,2,,2026-08-15 22:00:00,119.0,False
858456162530,cust_E11mfcix3byoTd,906.4,INR,upi,,,,False,,False,,False,,,,,,,,,False,197,1438.25,1,0.27,,,True
862937499823,cust_7HOcGiS2Tb9F1f,874.85,INR,card,508228,ICICI,credit,False,,False,,False,,,,,,,,,False,601,3413.98,2,0.38,,,True
622421236968,cust_XNaz8Tch8XLb3h,2393.63,INR,card,400013,HDFC,credit,False,,False,,True,insufficient_funds,51,2026-08-15 09:00:00,Saturday,15.0,False,4.0,4.0,True,44,2356.61,1,0.41,2026-08-16 09:18:00,24.3,False
773443909378,cust_Isw1UZoqbMnMV1,1658.26,INR,card,417612,Kotak,credit,False,,False,,False,,,,,,,,,False,56,249.24,1,,,,True
947076797431,cust_rjkvJRNWWS6Jnd,6663.82,INR,upi,,,,False,,False,,True,insufficient_funds,51,2026-07-07 19:00:00,Tuesday,7.0,False,2.0,2.0,False,372,2517.05,0,,2026-07-22 14:54:00,355.9,False
560518373453,cust_Nde3I5cYIsn8MH,2563.87,INR,upi,,,,True,False,False,,False,,,,,,,,,False,112,3194.99,0,,,,False
144229306452,cust_fSrYyO9TUOJJEk,919.77,INR,card,524104,Axis,debit,False,,False,,True,insufficient_funds,51,2026-07-08 20:00:00,Wednesday,8.0,False,3.0,3.0,True,106,941.23,1,,2026-07-13 00:54:00,100.9,False
073739116309,cust_oBKLYlEEP48Ggt,1719.7,INR,upi,,,,True,False,False,,False,,,,,,,,,False,16,6710.28,1,0.13,,,False
850866810552,cust_6KDuie27aftdf9,4231.26,INR,upi,,,,False,,False,,False,,,,,,,,,False,292,2861.79,1,,,,True
460941343662,cust_B52zTD26FeEvvH,2199.86,INR,upi,,,,False,,False,,False,,,,,,,,,False,597,1476.57,2,,,,True
535587903536,cust_Q0o1B1oOX8GT1g,2646.62,INR,upi,,,,False,,False,,False,,,,,,,,,False,139,5735.65,0,0.38,,,True
735829148463,cust_5U3PyeippVgDWn,752.6,INR,netbanking,,,,False,,False,,True,insufficient_funds,51,2026-07-20 23:00:00,Monday,20.0,False,5.0,5.0,True,475,4894.35,0,0.28,2026-07-21 18:54:00,19.9,False
861972176228,cust_LWr4G63sEMMnA5,3096.09,INR,card,400012,HDFC,credit,False,,False,,True,insufficient_funds,51,2026-08-25 12:00:00,Tuesday,25.0,True,1.0,1.0,False,194,5261.14,3,0.22,2026-08-25 17:12:00,5.2,True
195700351837,cust_N3WyfLje0ai3m9,896.16,INR,upi,,,,False,,False,,True,insufficient_funds,51,2026-08-08 22:00:00,Saturday,8.0,False,2.0,2.0,False,466,4178.66,0,0.64,2026-08-08 22:12:00,0.2,False
996196987676,cust_sH33km9CtWbZbz,1047.77,INR,card,417612,Kotak,credit,False,,False,,False,,,,,,,,,False,54,1513.78,1,0.45,,,True
822055621203,cust_wXUD7Qbe5lLeIv,3393.38,INR,card,417612,Kotak,debit,False,,False,,True,insufficient_funds,51,2026-07-03 14:00:00,Friday,3.0,True,1.0,1.0,False,87,5584.7,1,0.46,2026-07-04 20:24:00,30.4,False
672967668061,cust_Qz8PiX5f21RwZ5,547.21,INR,card,508227,ICICI,credit,False,,False,,False,,,,,,,,,False,130,3887.05,1,0.67,,,True
101532928666,cust_Et9rLXoylaJ9aB,1169.04,INR,upi,,,,False,,False,,False,,,,,,,,,False,636,226.85,2,,,,True
511025940166,cust_kgYQeab5e8zIHs,2234.09,INR,card,417612,Kotak,credit,False,,False,,True,insufficient_funds,51,2026-08-11 22:00:00,Tuesday,11.0,False,4.0,4.0,True,39,738.89,2,0.68,2026-08-12 21:18:00,23.3,False
356001597933,cust_OjGjANLR3h8GNf,3575.05,INR,netbanking,,,,False,,True,1.8,False,,,,,,,,,False,586,1002.8,2,0.3,,,True
123297571937,cust_8wwGuXo1niyNQk,3627.24,INR,card,400012,HDFC,credit,False,,False,,True,insufficient_funds,51,2026-06-05 04:00:00,Friday,5.0,True,1.0,1.0,False,648,1240.09,0,0.13,2026-06-05 08:00:00,4.0,False
907504510202,cust_N3WyfLje0ai3m9,3620.05,INR,card,524104,Axis,credit,True,False,False,,False,,,,,,,,,False,466,4178.66,4,0.64,,,False
651813608822,cust_3iC5T7kusYEKOz,1487.24,INR,upi,,,,False,,False,,True,insufficient_funds,51,2026-07-03 01:00:00,Friday,3.0,True,5.0,5.0,False,443,2080.44,2,0.33,2026-07-03 02:30:00,1.5,True
173733601204,cust_PbRMKyyLknpMy3,458.9,INR,upi,,,,True,True,False,,False,,,,,,,,,False,113,2392.86,2,,,,False
197136174514,cust_Ycy4ShUT6fX2qr,2590.45,INR,upi,,,,False,,False,,False,,,,,,,,,False,500,4536.93,1,0.45,,,True
741510132147,cust_csHw6rIZbLksMc,933.49,INR,card,524105,Axis,debit,True,False,False,,False,,,,,,,,,False,457,906.25,0,0.25,,,True
489282631620,cust_dzbDHZ8y0hyq1m,1001.68,INR,card,607332,SBI,debit,False,,False,,True,insufficient_funds,51,2026-07-14 01:00:00,Tuesday,14.0,False,2.0,2.0,False,26,416.3,1,,2026-07-15 10:18:00,33.3,False
551294242447,cust_QOKTLt7pkk49bA,1261.82,INR,upi,,,,True,False,False,,False,,,,,,,,,False,110,146.84,2,0.28,,,False
204220923809,cust_8mtBX4XCprUx0w,186.24,INR,card,524105,Axis,debit,True,False,False,,False,,,,,,,,,False,490,2873.08,0,0.3,,,False
911085201701,cust_Qz8PiX5f21RwZ5,1303.98,INR,card,508228,ICICI,debit,False,,False,,False,,,,,,,,,False,130,3887.05,0,0.67,,,True
060034066884,cust_LbiZBVFlUXSYF3,365.17,INR,upi,,,,False,,True,10.1,False,,,,,,,,,False,357,1657.45,2,0.21,,,True
462384454161,cust_cWv2NRabAMFjBt,986.78,INR,netbanking,,,,False,,False,,False,,,,,,,,,False,122,233.85,0,0.08,,,True
460650295590,cust_XTbA1ELnIMFkz5,1459.81,INR,netbanking,,,,True,False,False,,False,,,,,,,,,False,60,1556.14,2,,,,False
347449532304,cust_XT3FVQToGmsqDq,2356.48,INR,card,400013,HDFC,credit,True,True,False,,False,,,,,,,,,False,206,2390.49,2,0.55,,,False
308847112073,cust_5CWree01HF1LKf,433.4,INR,card,524104,Axis,credit,False,,False,,True,insufficient_funds,51,2026-06-02 14:00:00,Tuesday,2.0,True,5.0,5.0,True,147,2694.76,2,0.63,2026-06-03 01:18:00,11.3,False
418709661254,cust_qYSHAGA81Moobm,344.76,INR,card,524105,Axis,debit,False,,False,,True,insufficient_funds,51,2026-07-11 21:00:00,Saturday,11.0,False,1.0,1.0,False,251,2907.24,1,0.24,2026-07-13 01:06:00,28.1,False
996816346072,cust_H9RFiguJBxkOvt,4670.39,INR,upi,,,,True,False,False,,False,,,,,,,,,False,234,3069.08,3,0.19,,,False
447733526253,cust_2K65US3McPl9x8,1227.98,INR,upi,,,,False,,False,,True,insufficient_funds,51,2026-06-14 19:00:00,Sunday,14.0,False,2.0,2.0,False,95,194.21,2,,2026-06-15 22:12:00,27.2,False
376556471298,cust_SkcpmQ72LLul2G,460.58,INR,netbanking,,,,False,,False,,False,,,,,,,,,False,102,1550.19,1,0.78,,,True
896014271613,cust_Z6lCLe6mwVAOHg,2007.73,INR,card,607331,SBI,credit,False,,False,,True,insufficient_funds,51,2026-07-06 23:00:00,Monday,6.0,False,1.0,1.0,False,299,3958.56,1,,2026-07-12 00:24:00,121.4,True
218512302371,cust_7GtUrMdibKUJDq,2601.97,INR,card,607331,SBI,debit,True,False,False,,False,,,,,,,,,False,431,2041.46,0,,,,True
042525427057,cust_dpGDaLkkzrmTys,2533.57,INR,netbanking,,,,False,,False,,False,,,,,,,,,False,12,3235.52,1,0.39,,,True
735806192469,cust_8n2X8E5uaB6Po2,3565.35,INR,card,524105,Axis,debit,True,False,False,,False,,,,,,,,,False,243,350.47,0,0.62,,,False
273665475120,cust_Vq0Obr4GIt6ibW,1224.3,INR,card,400013,HDFC,credit,False,,False,,True,insufficient_funds,51,2026-07-07 14:00:00,Tuesday,7.0,False,1.0,1.0,False,593,978.27,1,0.68,2026-07-12 07:00:00,113.0,True
967228162348,cust_XXv4joJ1LsaTvb,2707.98,INR,card,508227,ICICI,debit,False,,False,,True,insufficient_funds,51,2026-07-14 13:00:00,Tuesday,14.0,False,1.0,1.0,False,20,1206.42,1,0.1,2026-07-16 09:24:00,44.4,False
702992468312,cust_2iG00RvQ4Jb6Nb,1790.02,INR,wallet,,,,False,,False,,False,,,,,,,,,False,113,4477.3,1,0.18,,,True
696047373862,cust_LkCVcc508c3cIu,1184.52,INR,netbanking,,,,False,,False,,True,insufficient_funds,51,2026-07-07 21:00:00,Tuesday,7.0,False,3.0,3.0,True,78,1729.88,1,0.05,2026-07-17 20:06:00,239.1,False
681809570348,cust_oEDgK1ZJGhdE71,259.26,INR,card,607331,SBI,debit,False,,False,,True,insufficient_funds,51,2026-08-06 02:00:00,Thursday,6.0,False,2.0,2.0,False,47,4402.28,1,0.85,2026-08-10 04:00:00,98.0,False
110714020945,cust_CxXOoO7I22zx1E,1721.11,INR,card,524104,Axis,debit,True,False,False,,False,,,,,,,,,False,147,2409.14,0,0.23,,,False
115827510433,cust_H4QOniD0NCNOJ1,2112.11,INR,upi,,,,False,,False,,True,insufficient_funds,51,2026-07-19 10:00:00,Sunday,19.0,False,1.0,1.0,False,736,1624.11,4,0.53,2026-07-20 04:06:00,18.1,True
200008136242,cust_fnoRchcy4rbWL3,1336.69,INR,netbanking,,,,True,False,False,,False,,,,,,,,,False,163,2046.97,2,0.32,,,False
095178775434,cust_NLM2om3hvZnNIG,413.38,INR,card,417612,Kotak,debit,False,,False,,False,,,,,,,,,False,543,7328.51,1,,,,True
034486824036,cust_FDJmpQpebQuHaR,1355.77,INR,card,508228,ICICI,debit,False,,False,,True,insufficient_funds,51,2026-06-22 22:00:00,Monday,22.0,False,4.0,4.0,False,208,4625.42,0,,2026-06-25 11:00:00,61.0,True
378202940135,cust_TwU3C24CXlgJA3,605.56,INR,upi,,,,False,,False,,False,,,,,,,,,False,96,1912.61,3,,,,True
940623490487,cust_491H1PszvpejQZ,1633.3,INR,card,524105,Axis,debit,False,,False,,True,insufficient_funds,51,2026-07-16 18:00:00,Thursday,16.0,False,1.0,1.0,False,95,2594.87,2,0.27,2026-07-21 21:00:00,123.0,True
363821078325,cust_FojPPFfHpLLYF2,3449.13,INR,card,607331,SBI,credit,False,,False,,False,,,,,,,,,False,64,1609.18,0,,,,True
122779387463,cust_R2QzxZO3ZAJXyy,529.51,INR,upi,,,,True,False,False,,False,,,,,,,,,False,97,6383.06,2,0.45,,,False
282873910138,cust_oc2ywGvRGRwqmI,1815.01,INR,netbanking,,,,False,,False,,True,insufficient_funds,51,2026-08-23 01:00:00,Sunday,23.0,False,4.0,4.0,True,3,1779.32,1,,2026-08-24 20:00:00,43.0,False
478068788561,cust_8oRB0UPh4pPqsl,666.98,INR,upi,,,,False,,False,,False,,,,,,,,,False,123,2719.92,2,0.71,,,True
793173289500,cust_iT7WyH11Y4Y8PF,429.77,INR,upi,,,,False,,True,52.5,False,,,,,,,,,False,58,1963.16,4,0.11,,,True
300573792474,cust_8GN8ahKXV78jAy,394.69,INR,card,524105,Axis,debit,False,,False,,False,,,,,,,,,False,43,1029.35,0,0.46,,,True
729832120141,cust_iLMh6HNWKYTYcE,1133.65,INR,card,607331,SBI,debit,False,,False,,False,,,,,,,,,False,199,5256.64,1,0.16,,,True
322405511133,cust_7a41UQGoYvutkM,2217.83,INR,upi,,,,False,,False,,True,insufficient_funds,51,2026-08-19 21:00:00,Wednesday,19.0,False,4.0,4.0,True,21,709.08,1,0.23,2026-08-21 15:54:00,42.9,False
601900839288,cust_qYk6zJFzoc7kA8,1148.05,INR,card,607332,SBI,credit,False,,False,,True,insufficient_funds,51,2026-07-27 18:00:00,Monday,27.0,True,2.0,2.0,False,566,1143.11,1,0.43,2026-07-28 19:42:00,25.7,True
062680106129,cust_bbSKeUUtphVk7x,1810.35,INR,card,508227,ICICI,debit,False,,False,,False,,,,,,,,,False,113,1267.55,0,0.62,,,True
594994442474,cust_rSZUwrRJ2BufAz,659.69,INR,card,607332,SBI,debit,True,True,False,,False,,,,,,,,,False,66,8016.02,1,0.4,,,False
285686277103,cust_sR80qpJOCTHQLi,662.51,INR,upi,,,,False,,False,,False,,,,,,,,,False,122,2065.3,1,,,,True
320671268269,cust_rSZUwrRJ2BufAz,5734.45,INR,wallet,,,,False,,False,,False,,,,,,,,,False,66,8016.02,0,0.4,,,True
537412484321,cust_NcimdosHvNVz7S,1253.27,INR,upi,,,,True,True,False,,False,,,,,,,,,False,418,3248.89,2,,,,False
284199429721,cust_Yy6j8gfDj5KHyA,2417.8,INR,upi,,,,False,,False,,True,insufficient_funds,51,2026-06-10 08:00:00,Wednesday,10.0,False,1.0,1.0,False,357,907.5,4,,2026-06-10 12:42:00,4.7,False
050589361773,cust_RBhbpFfMTl64WJ,854.46,INR,upi,,,,False,,False,,False,,,,,,,,,False,140,2155.48,3,0.16,,,True
715557606859,cust_SPPvWcuHOt2WVf,810.27,INR,wallet,,,,False,,False,,False,,,,,,,,,False,301,2067.31,0,0.69,,,True
376075386222,cust_GomZeu5GbkCRaN,2338.21,INR,card,524104,Axis,debit,False,,False,,False,,,,,,,,,False,11,324.69,3,,,,True
291898735340,cust_yZv2AMGClrDtYO,1347.82,INR,upi,,,,False,,False,,True,insufficient_funds,51,2026-08-20 06:00:00,Thursday,20.0,False,1.0,1.0,False,345,2484.0,0,0.24,2026-08-26 13:42:00,151.7,False
446716397674,cust_J9wVYkgtEFRz4V,1535.86,INR,upi,,,,False,,False,,True,insufficient_funds,51,2026-08-08 00:00:00,Saturday,8.0,False,2.0,2.0,False,213,3057.18,1,0.49,2026-08-08 09:48:00,9.8,False
997960664906,cust_6FT8KDvon3Dnso,3143.97,INR,card,417612,Kotak,debit,False,,False,,False,,,,,,,,,False,52,821.98,0,,,,True
106046873248,cust_YrUIU7aT4jrAw7,2116.0,INR,card,508227,ICICI,debit,True,True,False,,False,,,,,,,,,False,519,1686.06,2,,,,False
774830309390,cust_4olbZjzHhwZkIQ,1411.55,INR,upi,,,,False,,False,,True,insufficient_funds,51,2026-08-24 08:00:00,Monday,24.0,False,3.0,3.0,True,296,3078.58,2,0.17,2026-08-26 04:36:00,44.6,False
138604553029,cust_3BDamHNPVWC2QJ,2432.89,INR,card,417612,Kotak,credit,False,,False,,True,insufficient_funds,51,2026-06-02 06:00:00,Tuesday,2.0,True,1.0,1.0,False,815,2155.42,1,0.29,2026-06-02 14:30:00,8.5,True
531480239123,cust_px4GFJLgyQYXZj,491.17,INR,upi,,,,False,,False,,False,,,,,,,,,False,96,1559.04,1,0.54,,,True
360196458857,cust_zaHLQSf0PxXdvb,311.26,INR,upi,,,,False,,False,,False,,,,,,,,,False,605,2694.44,3,0.38,,,True
555869704234,cust_hPuLWw1UHW3u3X,1550.85,INR,card,508228,ICICI,debit,False,,False,,True,insufficient_funds,51,2026-07-24 13:00:00,Friday,24.0,False,2.0,2.0,False,153,5273.89,1,,2026-07-25 15:00:00,26.0,True
135022912570,cust_YrUIU7aT4jrAw7,2264.66,INR,card,400014,HDFC,debit,False,,False,,False,,,,,,,,,False,519,1686.06,1,0.15,,,True
554460562341,cust_voKCXLr3nWFntI,424.31,INR,card,508228,ICICI,credit,True,False,False,,False,,,,,,,,,False,3,1171.91,2,,,,False
463437163078,cust_0cpnlBwPHjEvMN,1190.53,INR,card,508228,ICICI,debit,True,False,False,,False,,,,,,,,,False,173,406.69,2,,,,True
073573637362,cust_GSdUDtptDMIteN,340.73,INR,netbanking,,,,False,,True,3.6,False,,,,,,,,,False,369,2965.93,1,0.29,,,False
056198564875,cust_SDbmBssWuvzaqz,791.21,INR,upi,,,,True,False,False,,False,,,,,,,,,False,136,2771.04,0,0.26,,,False
410399870950,cust_KJUXFFxAheF8yo,1558.62,INR,upi,,,,True,False,False,,False,,,,,,,,,False,583,1492.6,2,0.82,,,False
096433764561,cust_HNUNt6Qd7ViSue,2178.0,INR,upi,,,,True,False,False,,False,,,,,,,,,False,194,3153.38,1,0.25,,,False
202667669023,cust_j5wgIU7VmZC0JF,646.13,INR,upi,,,,True,True,False,,False,,,,,,,,,False,358,4288.67,0,,,,False
176123846485,cust_dzbDHZ8y0hyq1m,4400.72,INR,card,508227,ICICI,credit,False,,False,,False,,,,,,,,,False,26,416.3,1,0.19,,,True
440718318676,cust_RRKvdvEcSNM107,3305.67,INR,card,524104,Axis,debit,False,,False,,False,,,,,,,,,False,200,1223.49,0,0.19,,,True
990154452743,cust_Y69M0NBtVlJ1gx,1993.93,INR,netbanking,,,,True,True,False,,False,,,,,,,,,False,116,1783.29,0,0.14,,,False
191197153296,cust_9Smlt6MNoJKEAb,898.44,INR,netbanking,,,,False,,False,,False,,,,,,,,,False,852,3450.91,1,,,,True
955271887348,cust_K67uyL2GKeSm4Q,723.87,INR,netbanking,,,,True,False,False,,False,,,,,,,,,False,469,2420.89,0,0.47,,,True
089546078088,cust_Ox4UNt6CB6GYeJ,3877.97,INR,upi,,,,False,,True,9.0,False,,,,,,,,,False,1013,484.74,1,0.11,,,False
775126973951,cust_gDP0cxp9k63lsf,3240.04,INR,netbanking,,,,False,,False,,False,,,,,,,,,False,99,2433.73,0,,,,True
521441764740,cust_T5lt2pwFA1D0T3,1628.05,INR,card,508227,ICICI,debit,False,,False,,False,,,,,,,,,False,862,2042.81,0,,,,True
975591754842,cust_m9bJCyMXu0GD65,2768.75,INR,netbanking,,,,True,False,False,,False,,,,,,,,,False,301,8635.98,3,0.38,,,False
142228344160,cust_toEoVgqyaBjAzB,2593.07,INR,upi,,,,False,,False,,True,insufficient_funds,51,2026-08-07 20:00:00,Friday,7.0,False,3.0,3.0,True,63,1428.62,1,,2026-08-08 13:18:00,17.3,False
388854028223,cust_HNUkONEnO41EOp,646.59,INR,upi,,,,False,,False,,False,,,,,,,,,False,443,4378.82,0,0.01,,,True
739864970394,cust_50df5KjtHYl2fX,4569.0,INR,card,508228,ICICI,debit,False,,False,,True,insufficient_funds,51,2026-08-15 09:00:00,Saturday,15.0,False,1.0,1.0,False,129,887.13,2,,2026-08-16 11:06:00,26.1,False
915184397865,cust_knMNZUN20s74lf,1854.96,INR,card,400012,HDFC,credit,True,False,False,,False,,,,,,,,,False,187,3805.85,0,0.4,,,False
386470050802,cust_ss2g3k7kUczkoN,861.3,INR,netbanking,,,,False,,False,,True,insufficient_funds,51,2026-07-04 22:00:00,Saturday,4.0,True,4.0,4.0,True,30,1290.63,0,0.26,2026-07-05 04:00:00,6.0,False
247234245860,cust_fse568XenkZC5X,1371.15,INR,card,400014,HDFC,credit,True,False,False,,False,,,,,,,,,False,46,5886.51,1,0.09,,,False
930219316667,cust_4olbZjzHhwZkIQ,1863.99,INR,upi,,,,True,True,False,,False,,,,,,,,,False,296,3078.58,3,0.17,,,True
195076802628,cust_us8rGZtGyJkXk0,782.9,INR,upi,,,,False,,False,,True,insufficient_funds,51,2026-06-30 04:00:00,Tuesday,30.0,True,4.0,4.0,False,123,641.17,1,0.42,2026-06-30 07:54:00,3.9,True
675727254448,cust_OUKDtgudwfGf6C,3484.97,INR,wallet,,,,False,,False,,False,,,,,,,,,False,83,2331.36,1,0.15,,,True
317539029365,cust_MwzLoePeQjhJlP,2729.21,INR,upi,,,,False,,False,,False,,,,,,,,,False,24,3440.39,0,,,,True
526600126526,cust_8D7EUdRO6xZATJ,1489.87,INR,upi,,,,False,,True,9.5,False,,,,,,,,,False,475,579.37,5,0.4,,,True
172101955128,cust_LbiZBVFlUXSYF3,343.57,INR,netbanking,,,,False,,False,,False,,,,,,,,,False,357,1657.45,1,,,,True
504484597856,cust_7xWxAhcppky6GO,880.76,INR,netbanking,,,,True,False,False,,False,,,,,,,,,False,869,2592.09,1,0.61,,,False
019934057160,cust_Pfaz8FGxPekpGw,1556.93,INR,card,417612,Kotak,credit,False,,False,,False,,,,,,,,,False,104,2008.71,0,,,,True
181749338092,cust_WO6gXGKnm0uJ6l,3012.48,INR,upi,,,,False,,False,,True,insufficient_funds,51,2026-08-18 13:00:00,Tuesday,18.0,False,1.0,1.0,False,425,1274.53,1,0.21,2026-08-19 14:18:00,25.3,False
236323143869,cust_EbUZF5r1SgZuzn,2205.46,INR,upi,,,,False,,False,,True,insufficient_funds,51,2026-06-08 13:00:00,Monday,8.0,False,2.0,2.0,False,261,783.49,2,0.38,2026-06-09 03:18:00,14.3,False
937695015971,cust_vA4olAPxS7naXV,2837.99,INR,card,417612,Kotak,debit,False,,False,,False,,,,,,,,,False,1032,4967.42,2,0.29,,,True
753347403678,cust_U96qZJEo6EjUYc,2202.95,INR,card,524104,Axis,debit,False,,False,,False,,,,,,,,,False,216,2338.9,1,0.56,,,True
982471454267,cust_47dsR8W1fVrYDo,653.31,INR,card,508227,ICICI,debit,False,,False,,False,,,,,,,,,False,146,1795.87,2,0.52,,,True
268174338345,cust_ciSEGseUHoGm3T,1836.16,INR,card,524104,Axis,debit,False,,False,,False,,,,,,,,,False,131,5809.87,1,0.46,,,True
899794367319,cust_CsmDMZ1imwBmn6,2148.2,INR,netbanking,,,,False,,True,146.0,False,,,,,,,,,False,126,519.14,2,0.53,,,True
399248996063,cust_byLDLvQ3Zmm1KS,484.26,INR,upi,,,,False,,False,,False,,,,,,,,,False,101,3956.86,3,0.37,,,True
776409116152,cust_UAqVsmBKUUp4xo,1729.49,INR,netbanking,,,,False,,False,,False,,,,,,,,,False,153,3215.59,1,0.15,,,True
717099336279,cust_RdILv46F3kWoXb,1538.32,INR,card,607332,SBI,debit,False,,False,,True,insufficient_funds,51,2026-08-21 02:00:00,Friday,21.0,False,4.0,4.0,True,1196,2095.07,1,0.38,2026-08-22 06:24:00,28.4,False
863889070240,cust_3ExDi6ZWrzQCES,957.36,INR,upi,,,,True,True,False,,False,,,,,,,,,False,157,2147.99,3,0.28,,,False
416809579318,cust_9Eq8bItNGP4Z9n,274.75,INR,upi,,,,True,True,False,,False,,,,,,,,,False,141,1744.52,1,,,,False
411770484539,cust_zAgXeV4GJNL3mz,1916.17,INR,card,417612,Kotak,debit,False,,False,,False,,,,,,,,,False,840,633.61,1,,,,True
258515624822,cust_K3A6VTNRwwoWc4,355.35,INR,card,400014,HDFC,credit,False,,False,,False,,,,,,,,,False,71,2977.77,2,0.58,,,True
311385097465,cust_uHW07jADh08TWq,1107.24,INR,upi,,,,False,,False,,False,,,,,,,,,False,436,1035.68,3,0.57,,,True
620082878620,cust_TQHJqzrCzUFPWf,684.22,INR,card,508228,ICICI,credit,True,False,False,,False,,,,,,,,,False,271,3159.56,3,,,,False
171283206498,cust_zAQVVjrjcHFtLk,968.76,INR,card,524105,Axis,debit,True,True,False,,False,,,,,,,,,False,184,1364.44,1,,,,False
710340777771,cust_AVVbcuNrpPC07n,1144.61,INR,netbanking,,,,True,False,False,,False,,,,,,,,,False,52,2003.73,0,0.24,,,False
256463561838,cust_mNLui0ydTnzKxo,1185.65,INR,card,400013,HDFC,credit,True,True,False,,False,,,,,,,,,False,389,2893.36,0,0.77,,,False
652982894016,cust_Z0LRnmQmLBDhLG,840.98,INR,netbanking,,,,False,,False,,False,,,,,,,,,False,291,4677.64,1,0.31,,,True
753780009676,cust_Tgg2076zs0iewq,1388.76,INR,card,508227,ICICI,credit,False,,False,,False,,,,,,,,,False,80,758.96,2,0.67,,,True
678405221172,cust_PSnueB1iXKEdso,272.37,INR,upi,,,,False,,True,9.7,False,,,,,,,,,False,99,1725.52,1,,,,False
370575175181,cust_JjwtkVBSdotLlM,1856.76,INR,card,508227,ICICI,credit,True,True,False,,False,,,,,,,,,False,593,1351.55,1,0.56,,,False
188518443030,cust_m4WqcAIUqqsrtP,1129.67,INR,wallet,,,,False,,False,,True,insufficient_funds,51,2026-08-28 14:00:00,Friday,28.0,True,2.0,2.0,False,57,6267.4,0,0.45,2026-08-28 20:42:00,6.7,False
176262297371,cust_l0XVnkfCtiSYHI,1587.76,INR,upi,,,,True,False,False,,False,,,,,,,,,False,525,4913.67,0,0.61,,,True
872292799626,cust_HjTQLcbc7d0ND6,2686.6,INR,card,524105,Axis,debit,False,,False,,True,insufficient_funds,51,2026-07-25 13:00:00,Saturday,25.0,True,3.0,3.0,True,34,6161.67,6,,2026-07-26 16:06:00,27.1,False
853519568242,cust_7SLqLKfXaiIkPU,4206.68,INR,upi,,,,False,,False,,True,insufficient_funds,51,2026-07-06 16:00:00,Monday,6.0,False,4.0,4.0,True,631,7150.51,1,0.26,2026-07-06 21:30:00,5.5,False
030972686303,cust_z5bPbYzEkgzrdB,593.4,INR,card,508228,ICICI,credit,False,,False,,False,,,,,,,,,False,242,5801.24,1,0.11,,,True
100225210198,cust_sMnQe40FaRAvnQ,1280.27,INR,card,607332,SBI,credit,False,,False,,False,,,,,,,,,False,335,1279.08,3,,,,True
586953974754,cust_diQ2aNhtMT9obg,335.71,INR,card,508228,ICICI,credit,True,False,False,,False,,,,,,,,,False,393,4490.05,0,0.31,,,False
778721551526,cust_Cq1jCsDsQPq1Vs,1957.1,INR,netbanking,,,,True,False,False,,False,,,,,,,,,False,340,5084.14,0,0.49,,,False
159602234167,cust_89DkxPzi0N7cJG,1310.4,INR,wallet,,,,False,,False,,False,,,,,,,,,False,54,1281.94,0,0.16,,,True
364599274454,cust_EKOTSQnQb1Wk7Z,619.19,INR,card,524104,Axis,debit,False,,False,,True,insufficient_funds,51,2026-08-15 22:00:00,Saturday,15.0,False,3.0,3.0,True,182,1519.26,1,0.57,2026-08-16 12:24:00,14.4,False
348189260973,cust_tVyTZjKMm6mUlB,2245.36,INR,card,417612,Kotak,credit,False,,False,,False,,,,,,,,,False,293,1084.62,0,0.19,,,True
165427006683,cust_l21E3auTTMxe9a,1945.37,INR,card,417612,Kotak,credit,True,True,False,,False,,,,,,,,,False,16,3078.69,2,0.36,,,True
807909403838,cust_PSnueB1iXKEdso,2710.36,INR,upi,,,,False,,False,,True,insufficient_funds,51,2026-08-27 12:00:00,Thursday,27.0,True,4.0,4.0,True,99,1725.52,0,0.41,2026-08-27 17:06:00,5.1,False
460967232858,cust_fCdau1nMT1kzwC,1103.4,INR,card,400014,HDFC,debit,False,,False,,False,,,,,,,,,False,542,2936.78,1,0.39,,,True
216936224711,cust_SvPxkmp7jWXm3U,2214.03,INR,upi,,,,False,,False,,True,insufficient_funds,51,2026-08-10 04:00:00,Monday,10.0,False,1.0,1.0,False,84,2733.13,1,0.13,2026-08-11 20:48:00,40.8,False
568649535143,cust_NSD624mae86pwT,1955.13,INR,card,607332,SBI,credit,False,,False,,False,,,,,,,,,False,571,3139.61,2,0.45,,,True
994911341851,cust_tkKWoC2PhD9poB,777.3,INR,card,417612,Kotak,debit,False,,False,,False,,,,,,,,,False,460,3463.59,1,0.25,,,True
295646273978,cust_LskeDhThzb9CDw,446.54,INR,upi,,,,True,True,False,,False,,,,,,,,,False,386,1742.59,1,0.48,,,False
272441359084,cust_GOVDUx6wmvmjFD,2180.6,INR,card,400013,HDFC,credit,False,,False,,True,insufficient_funds,51,2026-06-24 01:00:00,Wednesday,24.0,False,2.0,2.0,False,22,8501.49,1,0.06,2026-06-27 12:24:00,83.4,False
007044179049,cust_FDJmpQpebQuHaR,1834.91,INR,card,524105,Axis,debit,False,,False,,True,insufficient_funds,51,2026-07-24 23:00:00,Friday,24.0,False,5.0,5.0,True,208,4625.42,1,0.6,2026-07-28 16:24:00,89.4,False
551758734229,cust_k9myLKY9GkmgzR,1204.39,INR,upi,,,,False,,True,18.4,False,,,,,,,,,False,610,4611.06,1,,,,False
718189414689,cust_4WqqEQ0budevT9,2136.07,INR,upi,,,,False,,False,,False,,,,,,,,,False,1437,1367.97,2,0.32,,,True
394596794007,cust_bnNtVnuHKYSuuh,1110.64,INR,wallet,,,,True,True,False,,False,,,,,,,,,False,18,3700.94,2,0.56,,,False
716576413706,cust_nly08WvF4FrDE5,726.07,INR,card,508227,ICICI,credit,False,,False,,False,,,,,,,,,False,441,3334.2,1,,,,True
093902206841,cust_ohNkyAxrVJ7UFF,3907.4,INR,card,508228,ICICI,credit,False,,False,,True,insufficient_funds,51,2026-06-20 00:00:00,Saturday,20.0,False,1.0,1.0,False,7,5011.83,2,0.24,2026-06-21 00:18:00,24.3,True
147347294560,cust_6KDuie27aftdf9,845.4,INR,card,524104,Axis,credit,False,,False,,False,,,,,,,,,False,292,2861.79,2,0.43,,,True
943918073939,cust_XYL71F0KwRuoHe,1153.04,INR,upi,,,,False,,False,,False,,,,,,,,,False,540,3956.7,2,0.31,,,True
334814834816,cust_sR80qpJOCTHQLi,991.95,INR,card,400013,HDFC,debit,False,,False,,False,,,,,,,,,False,122,2065.3,2,,,,True
373619206928,cust_tCcvg8dqTUnC6g,800.32,INR,upi,,,,False,,False,,False,,,,,,,,,False,267,613.62,1,0.21,,,True
687349202626,cust_hw4pf002LGHQyv,1374.27,INR,upi,,,,True,False,False,,False,,,,,,,,,False,285,2095.55,2,0.24,,,False
452219794638,cust_CGn14JSbftGoUI,529.64,INR,wallet,,,,True,False,False,,False,,,,,,,,,False,285,1366.19,1,0.25,,,False
594127459633,cust_0IgzAZJE8TLrhU,1358.95,INR,card,400013,HDFC,debit,False,,False,,False,,,,,,,,,False,435,1668.36,1,0.62,,,True
007690919034,cust_IMardl6kfqRAID,2311.56,INR,card,508227,ICICI,credit,True,False,False,,False,,,,,,,,,False,423,5626.39,2,0.3,,,False
958954195582,cust_Mq5AOyz99zXzCI,1466.25,INR,card,417612,Kotak,credit,False,,False,,False,,,,,,,,,False,15,3014.77,2,,,,True
600898490545,cust_sYGt2QMwVRktFf,321.21,INR,card,508228,ICICI,debit,False,,False,,False,,,,,,,,,False,1021,4278.08,1,,,,True
288366646194,cust_oJ5QoPX4KYSrOo,1601.1,INR,card,417612,Kotak,credit,False,,False,,False,,,,,,,,,False,354,2440.66,0,0.74,,,True
169728162847,cust_xfRSJhJphRgvJz,1470.56,INR,card,400012,HDFC,credit,False,,False,,False,,,,,,,,,False,364,3696.78,2,0.84,,,True
515465086924,cust_s4EZ5fBlrHCjxr,1058.01,INR,upi,,,,True,False,False,,False,,,,,,,,,False,273,1736.37,0,0.7,,,False
787711417600,cust_Bh9Vowou6MBJHp,201.99,INR,card,524104,Axis,credit,False,,False,,True,insufficient_funds,51,2026-08-01 18:00:00,Saturday,1.0,True,1.0,1.0,False,663,4943.45,2,0.27,2026-08-02 02:06:00,8.1,True
895521283081,cust_VBDfO9XB50oxIR,1194.37,INR,card,508228,ICICI,credit,False,,False,,False,,,,,,,,,False,517,3203.4,0,0.66,,,True
850112044301,cust_9Oq0o1vFXiDAKe,4985.61,INR,card,607332,SBI,credit,False,,False,,False,,,,,,,,,False,306,1385.24,3,0.3,,,True
871177351708,cust_Yyg42cjtR2crsS,2488.2,INR,upi,,,,False,,False,,True,insufficient_funds,51,2026-07-09 05:00:00,Thursday,9.0,False,2.0,2.0,False,98,3436.95,3,,2026-07-13 07:36:00,98.6,False
872975838120,cust_SMkvCBMK2sViLB,1754.95,INR,upi,,,,False,,False,,True,insufficient_funds,51,2026-06-23 22:00:00,Tuesday,23.0,False,1.0,1.0,False,335,865.63,2,0.54,2026-06-24 10:42:00,12.7,False
393787348500,cust_Jsbvmt8qmyFbvv,1423.33,INR,upi,,,,False,,False,,False,,,,,,,,,False,213,3215.59,1,0.51,,,True
839572120387,cust_1onLn25rRlXPQl,429.15,INR,netbanking,,,,False,,False,,False,,,,,,,,,False,23,699.78,1,,,,True
187809989542,cust_RC5utiDdKD9ymR,733.23,INR,card,508228,ICICI,credit,False,,False,,False,,,,,,,,,False,336,1007.64,2,0.73,,,True
433503553953,cust_byLDLvQ3Zmm1KS,2070.22,INR,netbanking,,,,False,,False,,False,,,,,,,,,False,101,3956.86,2,0.37,,,True
645591143313,cust_1R76S383dI6APi,4004.86,INR,netbanking,,,,False,,False,,True,insufficient_funds,51,2026-06-09 12:00:00,Tuesday,9.0,False,2.0,2.0,False,495,702.79,0,0.71,2026-06-13 11:42:00,95.7,False
941250139127,cust_VsVswRvSY4nXdo,1457.9,INR,wallet,,,,True,True,False,,False,,,,,,,,,False,400,4504.0,3,0.35,,,False
645791998150,cust_MlUUQHRBlofZLC,1601.34,INR,upi,,,,True,True,False,,False,,,,,,,,,False,256,1205.29,0,0.04,,,False
601280765223,cust_IvriCUHRlT8biS,1150.61,INR,card,607331,SBI,debit,False,,False,,True,insufficient_funds,51,2026-06-26 22:00:00,Friday,26.0,True,2.0,2.0,False,290,8772.0,1,0.54,2026-06-27 08:36:00,10.6,True
029715879868,cust_ez8POoNAPBlzZi,281.41,INR,upi,,,,False,,False,,False,,,,,,,,,False,978,1469.76,1,0.36,,,True
924677060022,cust_Ycy4ShUT6fX2qr,1029.23,INR,netbanking,,,,False,,False,,True,insufficient_funds,51,2026-07-11 20:00:00,Saturday,11.0,False,1.0,1.0,False,500,4536.93,1,,2026-07-17 09:42:00,133.7,False
100544632872,cust_VZofJNzMLx0059,1768.98,INR,card,524104,Axis,debit,False,,False,,False,,,,,,,,,False,374,1557.33,1,0.22,,,True
118441436096,cust_ERj5scPyYlj6am,994.33,INR,upi,,,,False,,False,,False,,,,,,,,,False,449,2234.53,2,,,,True
309239235537,cust_xXAdzfNUotfg39,3343.13,INR,upi,,,,True,False,False,,False,,,,,,,,,False,649,630.5,1,0.41,,,True
528076496872,cust_1WvheaiqG3O1MZ,528.5,INR,upi,,,,False,,False,,False,,,,,,,,,False,1,1231.77,3,0.63,,,True
370377255260,cust_cn3cFt45vMUT9e,1891.9,INR,card,400013,HDFC,credit,False,,False,,True,insufficient_funds,51,2026-08-25 18:00:00,Tuesday,25.0,True,3.0,3.0,False,122,1402.64,2,0.17,2026-08-25 19:00:00,1.0,True
527446095724,cust_48jKXISeDaaeEP,1171.28,INR,netbanking,,,,False,,False,,True,insufficient_funds,51,2026-06-16 15:00:00,Tuesday,16.0,False,4.0,4.0,True,47,10632.77,0,0.53,2026-06-18 09:42:00,42.7,False
837737191571,cust_ME8DANyLGMkg1v,657.3,INR,wallet,,,,False,,False,,True,insufficient_funds,51,2026-07-25 18:00:00,Saturday,25.0,True,2.0,2.0,False,78,5547.06,1,0.21,2026-07-26 05:54:00,11.9,False
064451657382,cust_tY6p0pDCVsQxwa,3576.76,INR,netbanking,,,,False,,False,,True,insufficient_funds,51,2026-06-12 11:00:00,Friday,12.0,False,2.0,2.0,False,433,1326.23,0,0.45,2026-06-13 00:30:00,13.5,False
865756870560,cust_59uaGn2br4CxSX,713.37,INR,card,607331,SBI,credit,False,,False,,True,insufficient_funds,51,2026-07-15 05:00:00,Wednesday,15.0,False,1.0,1.0,False,76,1195.73,1,0.42,2026-07-18 23:36:00,90.6,False
653333325706,cust_uEDVtmyEvsAuFk,125.78,INR,card,400014,HDFC,debit,False,,False,,True,insufficient_funds,51,2026-07-07 10:00:00,Tuesday,7.0,False,5.0,5.0,True,198,1970.31,0,,2026-07-10 08:48:00,70.8,False
029541118829,cust_vWsfoaHJQzuGKZ,1061.94,INR,card,508228,ICICI,debit,True,False,False,,False,,,,,,,,,False,410,1765.9,1,,,,True
893451312929,cust_2auymlajXnDKCf,865.29,INR,card,417612,Kotak,credit,False,,False,,False,,,,,,,,,False,191,3549.05,1,0.28,,,True
664297177540,cust_N1DfRytTlpTSIo,1537.58,INR,card,524105,Axis,debit,False,,False,,False,,,,,,,,,False,523,6039.84,1,0.16,,,True
244661594995,cust_obsQI4FXYCS7Mj,2417.24,INR,netbanking,,,,False,,False,,False,,,,,,,,,False,143,3131.52,2,,,,True
937478218901,cust_fnDSYSzcamDgIz,623.56,INR,card,508228,ICICI,credit,False,,False,,True,insufficient_funds,51,2026-08-20 03:00:00,Thursday,20.0,False,2.0,2.0,False,24,2973.89,1,0.34,2026-08-25 15:30:00,132.5,False
462901739931,cust_xAzBM6jtgzSGr0,1760.95,INR,card,417612,Kotak,credit,False,,False,,True,insufficient_funds,51,2026-07-23 19:00:00,Thursday,23.0,False,4.0,4.0,True,654,7568.93,0,0.19,2026-07-23 20:42:00,1.7,False
274500452588,cust_myKP3tc4LjY6O1,1138.14,INR,netbanking,,,,True,True,False,,False,,,,,,,,,False,902,8927.59,1,0.19,,,False
469132672491,cust_yEt5DgOvdOVkXu,1642.01,INR,card,417612,Kotak,credit,True,False,False,,False,,,,,,,,,False,352,5784.93,2,,,,False
625750638490,cust_EZQsHwohBdtSYy,2843.66,INR,card,508227,ICICI,debit,False,,False,,False,,,,,,,,,False,17,3766.0,3,0.24,,,True
302447976885,cust_smJZq1FGukX7TI,628.64,INR,card,607331,SBI,credit,False,,False,,False,,,,,,,,,False,119,3253.66,3,0.39,,,True
796631987555,cust_s6FlxA3ZK0LRg4,3962.93,INR,upi,,,,False,,True,46.2,False,,,,,,,,,False,542,617.04,0,,,,False
632570015666,cust_M3vPAZOV026Ao0,1898.7,INR,card,524104,Axis,credit,True,False,False,,False,,,,,,,,,False,78,3597.73,2,0.18,,,False
065261935420,cust_52AjG8R9he60dL,762.96,INR,card,524105,Axis,debit,False,,False,,True,insufficient_funds,51,2026-08-27 15:00:00,Thursday,27.0,True,2.0,2.0,False,116,315.81,2,0.32,2026-08-28 02:54:00,11.9,True
346795163734,cust_FBvSRhKcuviHHw,4492.04,INR,upi,,,,False,,False,,True,insufficient_funds,51,2026-07-28 13:00:00,Tuesday,28.0,True,2.0,2.0,False,321,5317.11,0,0.52,2026-07-29 00:30:00,11.5,True
693616315568,cust_oSzwmDNiJXgLbr,650.2,INR,card,508227,ICICI,debit,True,False,False,,False,,,,,,,,,False,151,1049.77,3,0.47,,,False
622954617185,cust_TwU3C24CXlgJA3,1050.85,INR,card,508228,ICICI,credit,False,,False,,False,,,,,,,,,False,96,1912.61,0,,,,True
844634151099,cust_354ykuVzaattDG,2509.35,INR,upi,,,,False,,False,,False,,,,,,,,,False,179,3696.47,0,0.41,,,True
059443930656,cust_8GN8ahKXV78jAy,887.6,INR,upi,,,,True,False,False,,False,,,,,,,,,False,43,1029.35,4,0.46,,,False
156884492454,cust_rXfLnYDzu9vMRS,1667.22,INR,wallet,,,,True,False,False,,False,,,,,,,,,False,6,2972.49,0,0.48,,,False
387272234259,cust_qDI0cKV2lwnlK8,2828.03,INR,wallet,,,,False,,False,,True,insufficient_funds,51,2026-06-23 21:00:00,Tuesday,23.0,False,4.0,4.0,True,530,1416.61,0,0.74,2026-06-25 09:48:00,36.8,False
581869119314,cust_0WXRV82Ftb9xRx,1300.54,INR,upi,,,,True,False,False,,False,,,,,,,,,False,74,4882.09,1,,,,False
629091236214,cust_uugZfexMlWSlZX,3454.85,INR,netbanking,,,,False,,False,,True,insufficient_funds,51,2026-08-27 14:00:00,Thursday,27.0,True,1.0,1.0,False,802,2197.98,0,0.39,2026-08-27 14:36:00,0.6,False
645294293579,cust_MvBzZLWy67kbEB,2246.42,INR,card,524104,Axis,credit,True,False,False,,False,,,,,,,,,False,101,5640.07,0,0.59,,,False
747336655855,cust_PbRMKyyLknpMy3,414.96,INR,netbanking,,,,False,,True,126.2,False,,,,,,,,,False,113,2392.86,1,,,,False
842762297904,cust_HfjwNhhfm2IQd9,1520.7,INR,card,607332,SBI,credit,True,True,False,,False,,,,,,,,,False,104,1058.46,2,0.21,,,False
442602243908,cust_8qYu7aAQfgjjbY,1958.79,INR,netbanking,,,,True,True,False,,False,,,,,,,,,False,61,3899.66,3,0.72,,,True
784356827807,cust_UzhrSyWp8kxsqB,539.04,INR,card,400013,HDFC,credit,False,,False,,False,,,,,,,,,False,829,11847.27,0,,,,True
312330702314,cust_fT44jVSzgZQaov,5188.28,INR,card,508227,ICICI,debit,False,,False,,False,,,,,,,,,False,412,7262.81,0,0.66,,,True
280942378393,cust_zVSezTwH0I0Wzs,2721.29,INR,upi,,,,False,,False,,False,,,,,,,,,False,79,968.06,4,0.18,,,True
038571404466,cust_33F5lFPlu6OdRK,1010.72,INR,upi,,,,True,False,False,,False,,,,,,,,,False,365,3198.39,1,0.49,,,False
577949254265,cust_o1rjxriHiLmjDj,1956.99,INR,netbanking,,,,False,,False,,True,insufficient_funds,51,2026-07-09 16:00:00,Thursday,9.0,False,1.0,1.0,False,371,3459.74,1,0.25,2026-07-12 12:24:00,68.4,False
845695330806,cust_vn4Yk3gLazPS7o,1762.34,INR,wallet,,,,False,,False,,False,,,,,,,,,False,407,7033.18,3,0.68,,,True
641398797604,cust_qYk6zJFzoc7kA8,901.49,INR,upi,,,,False,,False,,False,,,,,,,,,False,566,1143.11,1,,,,True
613412233034,cust_CVD95E5BZvv8oa,3664.54,INR,upi,,,,False,,False,,False,,,,,,,,,False,508,1367.93,2,0.38,,,True
358994265758,cust_5aWKOeDlDs7a1B,669.15,INR,upi,,,,False,,False,,True,insufficient_funds,51,2026-08-10 05:00:00,Monday,10.0,False,3.0,3.0,False,54,890.78,0,0.34,2026-08-11 17:36:00,36.6,True
055033250136,cust_CJI1zjRPKGPnuE,1153.76,INR,card,524104,Axis,credit,False,,False,,False,,,,,,,,,False,10,6857.9,1,0.46,,,True
046001064011,cust_zaHLQSf0PxXdvb,1446.31,INR,upi,,,,False,,False,,False,,,,,,,,,False,605,2694.44,1,0.38,,,True
578185348512,cust_Ci8nWQfTHiuf2W,1107.62,INR,card,400012,HDFC,credit,False,,False,,False,,,,,,,,,False,180,2469.98,2,0.37,,,True
128410932429,cust_sR80qpJOCTHQLi,313.6,INR,wallet,,,,False,,False,,False,,,,,,,,,False,122,2065.3,3,0.63,,,True
495141334943,cust_yh1qtiDvraaIb3,289.6,INR,upi,,,,False,,False,,False,,,,,,,,,False,256,1595.53,2,,,,True
429728376846,cust_Ysq16cjjgKXu5I,96.42,INR,wallet,,,,False,,False,,True,insufficient_funds,51,2026-08-28 13:00:00,Friday,28.0,True,3.0,3.0,False,741,3591.61,1,0.34,2026-08-28 16:54:00,3.9,True
216856506985,cust_1Ud8hQb8rKlnni,6057.81,INR,card,417612,Kotak,credit,True,False,False,,False,,,,,,,,,False,526,2297.91,1,0.67,,,False
760021700497,cust_XAFSXxR4Oi5onF,1904.19,INR,card,417612,Kotak,debit,False,,False,,False,,,,,,,,,False,36,4682.76,2,0.3,,,True
517806690602,cust_lVEbfOUXzZn2IU,2019.9,INR,card,400013,HDFC,credit,False,,False,,False,,,,,,,,,False,536,2292.0,0,0.62,,,True
506514486063,cust_3lLglqJpSyVG4p,2359.03,INR,upi,,,,False,,False,,False,,,,,,,,,False,62,3120.56,1,0.66,,,True
367865067354,cust_HGbJEvqjsaHn6i,2592.63,INR,card,508228,ICICI,credit,False,,False,,True,insufficient_funds,51,2026-08-18 03:00:00,Tuesday,18.0,False,3.0,3.0,True,66,1575.8,1,,2026-08-18 21:36:00,18.6,False
357452377862,cust_aQ6NWI3bzXbutX,2252.23,INR,card,508227,ICICI,debit,False,,False,,False,,,,,,,,,False,210,2160.09,1,,,,True
722970787857,cust_SB8Us15l0WFQU3,1650.21,INR,upi,,,,False,,False,,True,insufficient_funds,51,2026-08-07 03:00:00,Friday,7.0,False,1.0,1.0,False,768,307.28,1,,2026-08-07 10:36:00,7.6,False
810514554089,cust_QdbIwoX9inIQWP,1694.33,INR,wallet,,,,True,False,False,,False,,,,,,,,,False,393,5869.08,1,,,,False
899918262665,cust_LSOSexYWdFG2uR,3986.97,INR,card,417612,Kotak,credit,False,,False,,True,insufficient_funds,51,2026-06-19 07:00:00,Friday,19.0,False,1.0,1.0,False,69,8488.81,2,0.07,2026-06-20 19:36:00,36.6,False
249321341453,cust_VyZ11OolAwXSCh,25.85,INR,upi,,,,False,,False,,True,insufficient_funds,51,2026-07-02 23:00:00,Thursday,2.0,True,3.0,3.0,True,298,2446.01,1,0.14,2026-07-03 03:00:00,4.0,False
959769435666,cust_H7H1iWTsimoYUz,2560.7,INR,card,508227,ICICI,debit,False,,False,,True,insufficient_funds,51,2026-08-14 06:00:00,Friday,14.0,False,2.0,2.0,False,280,1994.16,0,,2026-08-20 01:00:00,139.0,False
770481982920,cust_9llW1pz7an1RsR,444.06,INR,card,607332,SBI,debit,False,,False,,False,,,,,,,,,False,521,1942.09,4,0.25,,,True
342367194573,cust_yb9wOykVsnKIMM,2238.08,INR,upi,,,,False,,False,,False,,,,,,,,,False,289,1202.56,1,0.36,,,True
871274054401,cust_hK2Qil62gfjVNt,1156.57,INR,netbanking,,,,True,True,False,,False,,,,,,,,,False,210,2534.96,3,,,,True
459731447461,cust_NLM2om3hvZnNIG,655.65,INR,card,607331,SBI,debit,False,,False,,False,,,,,,,,,False,543,7328.51,2,0.93,,,True
413233018410,cust_fnoRchcy4rbWL3,634.57,INR,card,400014,HDFC,credit,False,,False,,True,insufficient_funds,51,2026-06-27 03:00:00,Saturday,27.0,True,2.0,2.0,False,163,2046.97,0,0.32,2026-06-27 05:00:00,2.0,True
385398678339,cust_1WvheaiqG3O1MZ,1387.24,INR,upi,,,,True,False,False,,False,,,,,,,,,False,1,1231.77,0,0.63,,,False
528964411361,cust_wEwuCGxfDHPEpu,924.98,INR,upi,,,,False,,False,,False,,,,,,,,,False,12,3577.78,0,0.55,,,True
972412144942,cust_QEq0k8kePGyj9z,2870.97,INR,netbanking,,,,False,,False,,False,,,,,,,,,False,117,1510.97,3,0.44,,,True
785875477515,cust_QmS4rsNe9i9EGv,725.64,INR,upi,,,,False,,False,,False,,,,,,,,,False,310,1578.86,2,,,,True
104381878428,cust_B52zTD26FeEvvH,100.07,INR,netbanking,,,,False,,False,,True,insufficient_funds,51,2026-08-17 21:00:00,Monday,17.0,False,2.0,2.0,False,597,1476.57,1,,2026-08-19 08:30:00,35.5,False
344457001778,cust_hWuZUFKd5ET3by,3648.84,INR,upi,,,,True,True,False,,False,,,,,,,,,False,7,3472.94,5,0.16,,,True
020262167680,cust_zh3udQPnvgmRER,2492.97,INR,card,417612,Kotak,debit,False,,False,,True,insufficient_funds,51,2026-08-11 06:00:00,Tuesday,11.0,False,1.0,1.0,False,740,2267.24,3,,2026-08-15 08:06:00,98.1,False
145882569631,cust_8bzQZoLNztv1yf,916.84,INR,card,508228,ICICI,debit,False,,False,,True,insufficient_funds,51,2026-06-15 02:00:00,Monday,15.0,False,2.0,2.0,False,677,5963.0,1,0.57,2026-06-16 15:30:00,37.5,False
328850670417,cust_354ykuVzaattDG,2375.29,INR,card,417612,Kotak,debit,True,False,False,,False,,,,,,,,,False,179,3696.47,1,0.41,,,False
491184619917,cust_e931e94RNjDxdh,3891.65,INR,netbanking,,,,False,,False,,False,,,,,,,,,False,39,874.86,0,0.42,,,True
890720405034,cust_NRyhGm5kvdgAvv,735.23,INR,upi,,,,False,,False,,False,,,,,,,,,False,230,432.39,1,0.29,,,True
637805661954,cust_2U3DfbpUfHiXXd,1649.68,INR,card,524104,Axis,credit,False,,False,,False,,,,,,,,,False,42,1791.95,1,,,,True
575891094159,cust_KJi7OZLnaBmMkY,265.19,INR,netbanking,,,,False,,False,,True,insufficient_funds,51,2026-07-27 10:00:00,Monday,27.0,True,1.0,1.0,False,1319,1128.96,0,0.29,2026-07-27 14:42:00,4.7,True
751081937617,cust_5eEc3m807Qi3yU,3043.81,INR,card,508228,ICICI,credit,False,,False,,False,,,,,,,,,False,10,2468.05,0,0.49,,,True
288455512458,cust_rlGtm9dq59RlTg,3750.18,INR,card,508227,ICICI,debit,False,,False,,False,,,,,,,,,False,195,1062.07,0,0.49,,,True
561721582682,cust_SOvPQHwoItQFEs,2641.0,INR,card,400014,HDFC,credit,False,,False,,False,,,,,,,,,False,336,4566.71,4,0.26,,,True
732508857243,cust_cZ3nKNi9OlUp4o,1550.91,INR,card,607332,SBI,credit,False,,False,,True,insufficient_funds,51,2026-07-29 07:00:00,Wednesday,29.0,True,3.0,3.0,True,38,7899.64,0,,2026-07-29 10:18:00,3.3,False
629553077960,cust_XrdI1A5bq7qC4n,985.14,INR,card,508227,ICICI,debit,True,False,False,,False,,,,,,,,,False,418,3650.64,1,0.34,,,False
779701283440,cust_zrIrbAEPzitgGR,2266.96,INR,card,417612,Kotak,debit,True,False,False,,False,,,,,,,,,False,385,4590.39,2,0.72,,,False
869930911905,cust_xsFJsntTGATWQI,1069.8,INR,wallet,,,,False,,False,,True,insufficient_funds,51,2026-08-05 19:00:00,Wednesday,5.0,True,4.0,4.0,True,112,2001.21,1,,2026-08-05 19:48:00,0.8,False
713821005110,cust_zWzCsh9GzuS9bV,4928.54,INR,upi,,,,False,,True,52.2,False,,,,,,,,,False,56,2008.74,2,0.63,,,False
172470766355,cust_y2BtU5x1yQwG21,1283.19,INR,card,607332,SBI,credit,False,,False,,True,insufficient_funds,51,2026-07-23 07:00:00,Thursday,23.0,False,2.0,2.0,False,829,1114.11,1,0.28,2026-07-24 10:30:00,27.5,False
723893344322,cust_fyRSk9eJhVihcT,1005.48,INR,card,508228,ICICI,credit,False,,False,,True,insufficient_funds,51,2026-06-27 11:00:00,Saturday,27.0,True,1.0,1.0,False,368,2915.84,1,0.3,2026-06-27 15:00:00,4.0,True
904702118426,cust_XAFSXxR4Oi5onF,2762.07,INR,card,417612,Kotak,credit,False,,False,,True,insufficient_funds,51,2026-06-10 19:00:00,Wednesday,10.0,False,2.0,2.0,False,36,4682.76,2,0.3,2026-06-11 07:42:00,12.7,False
317866866331,cust_IY1pkViF2sz558,792.33,INR,upi,,,,False,,False,,False,,,,,,,,,False,937,5497.84,1,,,,True
969957478093,cust_oqso9QZYCrjLtN,2412.94,INR,card,607331,SBI,credit,False,,False,,True,insufficient_funds,51,2026-07-07 19:00:00,Tuesday,7.0,False,1.0,1.0,False,124,5205.13,0,0.48,2026-07-10 13:54:00,66.9,True
128333429949,cust_3IvSqWhTxkKs2n,1781.74,INR,netbanking,,,,False,,False,,True,insufficient_funds,51,2026-07-17 17:00:00,Friday,17.0,False,1.0,1.0,False,39,7144.97,3,,2026-07-18 14:06:00,21.1,False
825964393037,cust_diQ2aNhtMT9obg,1999.06,INR,card,400012,HDFC,debit,True,True,False,,False,,,,,,,,,False,393,4490.05,1,0.31,,,False
949432816458,cust_jnjJjSv3jx173G,804.37,INR,upi,,,,True,True,False,,False,,,,,,,,,False,20,1899.19,2,,,,False
640235382056,cust_cn3cFt45vMUT9e,1756.57,INR,card,508228,ICICI,debit,False,,False,,True,insufficient_funds,51,2026-07-07 01:00:00,Tuesday,7.0,False,3.0,3.0,True,122,1402.64,0,0.17,2026-07-10 22:00:00,93.0,False
785980422636,cust_N1DfRytTlpTSIo,2368.38,INR,netbanking,,,,False,,False,,False,,,,,,,,,False,523,6039.84,2,,,,True
293234271286,cust_fRa62yS16ZTFEt,1905.13,INR,card,400012,HDFC,credit,False,,False,,True,insufficient_funds,51,2026-07-03 21:00:00,Friday,3.0,True,2.0,2.0,False,21,3176.1,1,0.81,2026-07-03 23:54:00,2.9,True
920595363126,cust_JwtYZuZlTWG27v,791.89,INR,card,400013,HDFC,credit,False,,False,,True,insufficient_funds,51,2026-08-19 03:00:00,Wednesday,19.0,False,3.0,3.0,True,431,1111.32,2,0.43,2026-08-20 08:48:00,29.8,False
437297270038,cust_wNkKTqHt66Y97C,1535.6,INR,card,508228,ICICI,debit,False,,False,,False,,,,,,,,,False,492,1416.59,3,0.48,,,True
962482169580,cust_hWuZUFKd5ET3by,1103.47,INR,upi,,,,False,,False,,False,,,,,,,,,False,7,3472.94,0,0.16,,,True
563705720166,cust_XTZ2tFnwVIu5YT,737.55,INR,upi,,,,True,True,False,,False,,,,,,,,,False,357,6225.18,2,0.63,,,False
482229884460,cust_gBl8DXK7gAXB4i,2416.39,INR,upi,,,,False,,False,,False,,,,,,,,,False,64,1292.94,2,,,,True
383268480972,cust_Bh9Vowou6MBJHp,648.09,INR,card,400014,HDFC,credit,False,,False,,False,,,,,,,,,False,663,4943.45,1,0.27,,,True
656206107635,cust_89DkxPzi0N7cJG,3232.15,INR,netbanking,,,,False,,False,,True,insufficient_funds,51,2026-06-19 00:00:00,Friday,19.0,False,1.0,1.0,False,54,1281.94,3,,2026-06-19 05:48:00,5.8,False
102735328682,cust_IVFWr2eLYO9nVu,2556.51,INR,netbanking,,,,False,,False,,True,insufficient_funds,51,2026-08-15 09:00:00,Saturday,15.0,False,4.0,4.0,True,26,2680.58,3,,2026-08-16 03:06:00,18.1,False
058067887146,cust_UrR6yicTU8Zf9o,1713.72,INR,upi,,,,False,,False,,False,,,,,,,,,False,116,4770.78,2,0.46,,,True
576370198456,cust_9XaKPdGzPaGivx,1263.66,INR,card,508227,ICICI,debit,False,,False,,True,insufficient_funds,51,2026-08-24 07:00:00,Monday,24.0,False,4.0,4.0,True,802,3502.71,3,0.12,2026-08-27 10:24:00,75.4,False
913438728981,cust_H0x9ZUinAMRwTf,698.36,INR,upi,,,,False,,False,,True,insufficient_funds,51,2026-08-01 07:00:00,Saturday,1.0,True,3.0,3.0,True,392,2213.79,1,,2026-08-01 14:30:00,7.5,False
692174712624,cust_qhPic6n6D6a9Qq,2488.47,INR,card,400014,HDFC,credit,False,,False,,False,,,,,,,,,False,43,5206.32,0,,,,True
702058235072,cust_dzbDHZ8y0hyq1m,3928.84,INR,card,607331,SBI,credit,False,,False,,True,insufficient_funds,51,2026-07-06 05:00:00,Monday,6.0,False,1.0,1.0,False,26,416.3,0,0.19,2026-07-09 11:12:00,78.2,False
286985386469,cust_iT7WyH11Y4Y8PF,1046.44,INR,card,508228,ICICI,debit,False,,False,,True,insufficient_funds,51,2026-08-05 17:00:00,Wednesday,5.0,True,1.0,1.0,False,58,1963.16,1,,2026-08-06 21:00:00,28.0,False
431564691121,cust_hnDC06pvZ0OrAf,226.88,INR,card,508227,ICICI,debit,False,,False,,False,,,,,,,,,False,7,2254.73,1,0.08,,,True
033708459887,cust_l57Nj6IuO8K2Fr,2374.64,INR,card,508227,ICICI,debit,False,,False,,True,insufficient_funds,51,2026-06-20 05:00:00,Saturday,20.0,False,5.0,5.0,False,1115,1132.54,0,,2026-06-21 15:00:00,34.0,True
210427884977,cust_8wwGuXo1niyNQk,409.67,INR,card,400012,HDFC,credit,False,,False,,False,,,,,,,,,False,648,1240.09,1,0.13,,,True
053892619187,cust_EnxTDVwdfdta7x,1737.31,INR,card,400014,HDFC,debit,False,,False,,False,,,,,,,,,False,242,1024.32,1,0.52,,,True
682012983757,cust_eHV1Zjj3wdslvf,2176.42,INR,upi,,,,False,,False,,True,insufficient_funds,51,2026-08-27 02:00:00,Thursday,27.0,True,4.0,4.0,False,164,1868.8,1,,2026-08-27 09:06:00,7.1,True
169472122022,cust_E591eUcPZCtXTl,1637.07,INR,card,607332,SBI,credit,False,,False,,False,,,,,,,,,False,8,2599.84,0,0.41,,,True
088032365122,cust_N0xV00Kkxr4Br6,2008.71,INR,upi,,,,True,True,False,,False,,,,,,,,,False,294,2890.65,2,0.25,,,False
705162909754,cust_OHRo3VQ1zqnNsR,706.56,INR,upi,,,,True,True,False,,False,,,,,,,,,False,331,7075.38,2,,,,True
957203718827,cust_LkCVcc508c3cIu,1534.12,INR,upi,,,,False,,False,,True,insufficient_funds,51,2026-07-13 22:00:00,Monday,13.0,False,2.0,2.0,False,78,1729.88,3,0.05,2026-07-18 21:24:00,119.4,False
348086290597,cust_rrK7gwsKHwQ2vB,1265.57,INR,wallet,,,,False,,False,,True,insufficient_funds,51,2026-06-09 06:00:00,Tuesday,9.0,False,1.0,1.0,False,19,3338.73,2,0.28,2026-06-17 22:00:00,208.0,False
953254782046,cust_2I51xLddGYnhxJ,890.66,INR,card,508228,ICICI,debit,True,True,False,,False,,,,,,,,,False,91,2502.15,3,,,,True
005100931483,cust_yns3YTDAvv5XOF,1506.93,INR,card,607331,SBI,credit,False,,False,,True,insufficient_funds,51,2026-08-02 03:00:00,Sunday,2.0,True,1.0,1.0,False,279,2783.07,1,0.65,2026-08-02 23:24:00,20.4,False
424189043160,cust_be0w0hRC9YOuF0,2817.93,INR,card,417612,Kotak,debit,False,,False,,False,,,,,,,,,False,564,2163.12,2,0.25,,,True
041876489026,cust_aKkhX0qbRm519x,2448.55,INR,card,524104,Axis,credit,False,,False,,False,,,,,,,,,False,190,1820.86,2,0.17,,,True
589233797778,cust_YJUBYS7iOesa6J,700.54,INR,card,508227,ICICI,credit,False,,False,,False,,,,,,,,,False,883,1073.38,1,,,,True
296999964725,cust_rlGtm9dq59RlTg,498.02,INR,card,417612,Kotak,credit,True,True,False,,False,,,,,,,,,False,195,1062.07,2,,,,False
652902263075,cust_8n2X8E5uaB6Po2,300.94,INR,upi,,,,True,False,False,,False,,,,,,,,,False,243,350.47,1,0.62,,,True
002793500020,cust_TjdVmyjcNmhHRv,1771.26,INR,card,607332,SBI,credit,False,,False,,True,insufficient_funds,51,2026-08-09 14:00:00,Sunday,9.0,False,1.0,1.0,False,124,9024.59,3,,2026-08-14 07:18:00,113.3,False
372983309568,cust_u9ZmKVJ0TX1eKg,1325.12,INR,card,607332,SBI,credit,False,,False,,True,insufficient_funds,51,2026-08-05 20:00:00,Wednesday,5.0,True,3.0,3.0,True,211,5126.1,1,,2026-08-05 23:48:00,3.8,False
095667051873,cust_urTBZeOc6NSGww,1683.92,INR,upi,,,,False,,False,,False,,,,,,,,,False,12,2937.52,1,0.63,,,True
351563194887,cust_FuOloAXx2mV6wc,786.08,INR,card,417612,Kotak,credit,True,True,False,,False,,,,,,,,,False,342,2806.96,5,0.32,,,False
947731786687,cust_ebSrLLVtRz4iEJ,2704.22,INR,upi,,,,True,False,False,,False,,,,,,,,,False,354,1787.18,2,0.38,,,False
144133422343,cust_uiKt8jpLyOCLzM,1196.51,INR,upi,,,,False,,False,,True,insufficient_funds,51,2026-07-08 16:00:00,Wednesday,8.0,False,1.0,1.0,False,146,3622.6,6,0.51,2026-07-09 15:42:00,23.7,True
723951800724,cust_t1uiOwxRp5Y78T,1155.84,INR,card,607332,SBI,debit,False,,False,,True,insufficient_funds,51,2026-06-06 22:00:00,Saturday,6.0,False,1.0,1.0,False,160,4690.8,1,0.25,2026-06-16 07:54:00,225.9,False
747908925990,cust_diQ2aNhtMT9obg,2331.82,INR,upi,,,,True,True,False,,False,,,,,,,,,False,393,4490.05,0,,,,True
337582956278,cust_CcAW95oZz81F0k,702.0,INR,upi,,,,False,,False,,True,insufficient_funds,51,2026-07-11 15:00:00,Saturday,11.0,False,4.0,4.0,True,75,1486.59,1,,2026-07-13 11:36:00,44.6,False
642368425940,cust_YC1BbZ1TPHGKIP,3457.35,INR,card,508228,ICICI,debit,False,,False,,False,,,,,,,,,False,614,1134.62,1,,,,True
584485344497,cust_vkfVBGZ7H6ITcM,1065.35,INR,upi,,,,False,,False,,False,,,,,,,,,False,1105,4260.96,3,0.66,,,True
681815624849,cust_gDP0cxp9k63lsf,2196.91,INR,upi,,,,False,,False,,False,,,,,,,,,False,99,2433.73,3,,,,True
374503672856,cust_YLzE7R3Ht6Jbpv,584.77,INR,upi,,,,False,,False,,True,insufficient_funds,51,2026-06-04 08:00:00,Thursday,4.0,True,2.0,2.0,False,74,5062.43,1,,2026-06-04 10:54:00,2.9,True
687448108849,cust_2EEBfBkZk4ih9d,2451.46,INR,wallet,,,,False,,False,,False,,,,,,,,,False,11,5067.97,0,,,,True
976392267683,cust_MFbmkBr5EXuIcn,1539.67,INR,card,417612,Kotak,credit,False,,False,,True,insufficient_funds,51,2026-06-30 15:00:00,Tuesday,30.0,True,1.0,1.0,False,75,5440.74,1,,2026-07-02 08:18:00,41.3,True
299537763874,cust_gSYqiSu4ARg5rb,1767.14,INR,netbanking,,,,False,,False,,True,insufficient_funds,51,2026-07-22 23:00:00,Wednesday,22.0,False,5.0,5.0,True,952,521.29,1,,2026-07-24 10:54:00,35.9,False
690939897619,cust_3IvSqWhTxkKs2n,2369.42,INR,card,508228,ICICI,credit,False,,False,,False,,,,,,,,,False,39,7144.97,0,0.11,,,True
568495988764,cust_GIuUwZJJSMFPjv,1020.57,INR,card,417612,Kotak,debit,False,,False,,False,,,,,,,,,False,41,1679.96,2,,,,True
714635679826,cust_E0Gvz2CUvIXKzv,2725.02,INR,card,417612,Kotak,debit,False,,False,,False,,,,,,,,,False,142,1790.1,3,0.69,,,True
424762219501,cust_LskeDhThzb9CDw,1642.1,INR,netbanking,,,,False,,False,,True,insufficient_funds,51,2026-07-26 02:00:00,Sunday,26.0,True,2.0,2.0,False,386,1742.59,1,0.48,2026-07-27 10:06:00,32.1,False
438683103044,cust_PiN8SRMrTV5xQH,5169.14,INR,upi,,,,True,False,False,,False,,,,,,,,,False,235,3904.83,0,,,,False
524051778519,cust_K9JsQBNgBZxcmR,808.83,INR,card,508228,ICICI,debit,False,,False,,True,insufficient_funds,51,2026-08-18 03:00:00,Tuesday,18.0,False,2.0,2.0,False,167,4454.54,2,0.24,2026-08-25 18:12:00,183.2,False
722503536161,cust_WSGAi1UtWwgXoN,465.9,INR,card,607331,SBI,debit,True,False,False,,False,,,,,,,,,False,433,2249.12,0,0.35,,,False
011450433960,cust_7a41UQGoYvutkM,3283.88,INR,netbanking,,,,False,,False,,True,insufficient_funds,51,2026-07-02 16:00:00,Thursday,2.0,True,3.0,3.0,True,21,709.08,2,0.23,2026-07-04 08:12:00,40.2,False
599963445159,cust_7a41UQGoYvutkM,1165.45,INR,upi,,,,False,,False,,False,,,,,,,,,False,21,709.08,1,,,,True
248682153443,cust_rccoDluFGYILHs,1185.84,INR,upi,,,,False,,False,,False,,,,,,,,,False,264,1651.91,1,0.24,,,True
370914760420,cust_3ExDi6ZWrzQCES,473.72,INR,card,607332,SBI,debit,False,,False,,True,insufficient_funds,51,2026-07-12 14:00:00,Sunday,12.0,False,2.0,2.0,False,157,2147.99,1,0.28,2026-07-17 00:24:00,106.4,False
146286672435,cust_fGIE6OZzhFyBBH,970.4,INR,upi,,,,False,,False,,False,,,,,,,,,False,41,1377.66,1,,,,True
487858801541,cust_k6NdCJLEB0PLeo,1251.45,INR,upi,,,,False,,False,,False,,,,,,,,,False,147,8140.29,2,,,,True
459024781367,cust_us8rGZtGyJkXk0,2784.74,INR,card,607331,SBI,credit,False,,False,,False,,,,,,,,,False,123,641.17,1,,,,True
405122708517,cust_Al9v5dUaW39y6p,1265.45,INR,card,508228,ICICI,debit,True,False,False,,False,,,,,,,,,False,259,2960.08,1,,,,True
913506230539,cust_8IT6MT78SrejPX,1844.87,INR,card,400014,HDFC,credit,False,,False,,False,,,,,,,,,False,484,1661.0,2,0.14,,,True
534288467796,cust_8YKbftvyxBX0v5,1377.1,INR,upi,,,,False,,False,,False,,,,,,,,,False,153,3179.04,1,0.23,,,True
093989097799,cust_rWkb7LVXNOG9HG,1506.19,INR,upi,,,,False,,False,,False,,,,,,,,,False,319,6422.43,1,0.51,,,True
258608069540,cust_UAp8JRH0krW7s0,1314.66,INR,upi,,,,False,,False,,True,insufficient_funds,51,2026-08-19 07:00:00,Wednesday,19.0,False,2.0,2.0,False,455,3666.47,1,0.46,2026-08-20 13:24:00,30.4,True
189629423264,cust_GIuUwZJJSMFPjv,518.06,INR,card,607331,SBI,credit,False,,False,,False,,,,,,,,,False,41,1679.96,3,0.74,,,True
250240589030,cust_RWFLvPdP2oIHjC,298.29,INR,upi,,,,False,,False,,True,insufficient_funds,51,2026-06-17 01:00:00,Wednesday,17.0,False,4.0,4.0,True,169,3832.02,1,0.34,2026-06-23 17:24:00,160.4,False
975398960946,cust_wXUD7Qbe5lLeIv,692.87,INR,upi,,,,False,,True,9.3,False,,,,,,,,,False,87,5584.7,0,,,,True
729796482583,cust_mntPyA0SJYEYcF,1344.89,INR,upi,,,,True,True,False,,False,,,,,,,,,False,92,1537.87,2,0.46,,,False
021420527577,cust_pZ4MKG5ThiE820,811.32,INR,card,607331,SBI,debit,False,,False,,False,,,,,,,,,False,54,1016.82,0,0.35,,,True
447357335956,cust_rc07HXmBCAGUqb,515.69,INR,card,417612,Kotak,debit,False,,False,,False,,,,,,,,,False,99,927.34,1,0.22,,,True
473982702976,cust_922EI5xLXXl8PC,584.56,INR,upi,,,,False,,False,,True,insufficient_funds,51,2026-07-18 03:00:00,Saturday,18.0,False,2.0,2.0,False,62,9106.05,0,0.21,2026-07-19 10:30:00,31.5,False
746503031454,cust_urTBZeOc6NSGww,2306.88,INR,card,607332,SBI,debit,False,,False,,False,,,,,,,,,False,12,2937.52,1,0.63,,,True
224552894354,cust_tiaAE24hzkJHT3,2346.98,INR,card,524104,Axis,credit,False,,False,,False,,,,,,,,,False,29,6281.66,0,0.27,,,True
234627737631,cust_pZ7FPI5obhq3V4,253.4,INR,upi,,,,False,,False,,False,,,,,,,,,False,178,825.03,1,0.23,,,True
304068397508,cust_lXNGFsbtXmXhQ2,394.16,INR,upi,,,,False,,False,,False,,,,,,,,,False,174,1779.85,2,0.62,,,True
123416940410,cust_Wcp2KLYUJ9bVT9,534.51,INR,upi,,,,False,,False,,False,,,,,,,,,False,155,1022.58,1,0.26,,,True
172820671197,cust_9ALI8WqzWjC3UC,1280.72,INR,upi,,,,False,,False,,False,,,,,,,,,False,161,3212.13,2,0.18,,,True
194970551735,cust_myKP3tc4LjY6O1,1219.21,INR,netbanking,,,,False,,False,,True,insufficient_funds,51,2026-08-13 19:00:00,Thursday,13.0,False,1.0,1.0,False,902,8927.59,2,0.19,2026-08-16 00:54:00,53.9,True
667589506177,cust_6GBTJqZw52tDIM,866.37,INR,upi,,,,False,,False,,True,insufficient_funds,51,2026-08-11 07:00:00,Tuesday,11.0,False,1.0,1.0,False,172,7735.96,0,0.4,2026-08-12 15:54:00,32.9,True
478514678810,cust_liFLzD3gDOkkch,819.65,INR,upi,,,,False,,False,,False,,,,,,,,,False,69,4481.02,1,0.31,,,True
423338114307,cust_gnTVhxbWQSAy0V,2639.35,INR,wallet,,,,False,,False,,True,insufficient_funds,51,2026-08-18 03:00:00,Tuesday,18.0,False,4.0,4.0,True,235,2787.15,1,0.21,2026-08-19 04:06:00,25.1,False
483897391393,cust_YrUIU7aT4jrAw7,3610.52,INR,card,508227,ICICI,debit,False,,False,,True,insufficient_funds,51,2026-06-19 09:00:00,Friday,19.0,False,2.0,2.0,False,519,1686.06,3,,2026-06-22 01:12:00,64.2,False
183899326598,cust_MkqyXiSZXGNRDd,671.05,INR,upi,,,,False,,False,,False,,,,,,,,,False,17,645.25,2,0.1,,,True
089621000355,cust_uaOxZZc0xWBJAx,951.44,INR,netbanking,,,,True,False,False,,False,,,,,,,,,False,160,1981.42,0,0.26,,,False
772004288705,cust_LNxOR0ih1yijqS,2484.7,INR,netbanking,,,,False,,False,,True,insufficient_funds,51,2026-06-09 19:00:00,Tuesday,9.0,False,1.0,1.0,False,179,2556.14,1,0.68,2026-06-10 15:42:00,20.7,True
358237246083,cust_9XaKPdGzPaGivx,1101.76,INR,netbanking,,,,False,,False,,True,insufficient_funds,51,2026-08-11 23:00:00,Tuesday,11.0,False,1.0,1.0,False,802,3502.71,3,0.12,2026-08-12 01:24:00,2.4,True
041651421167,cust_B3f1rocZVhgvHK,1586.96,INR,netbanking,,,,False,,False,,False,,,,,,,,,False,424,5146.86,1,0.71,,,True
781693422575,cust_ph8ucIy5dcqscO,1679.48,INR,upi,,,,False,,False,,True,insufficient_funds,51,2026-06-19 21:00:00,Friday,19.0,False,2.0,2.0,False,77,2566.72,1,0.29,2026-06-20 12:18:00,15.3,True
011301313150,cust_8FK1ePImdsjOvP,198.33,INR,netbanking,,,,False,,False,,True,insufficient_funds,51,2026-08-28 14:00:00,Friday,28.0,True,4.0,4.0,True,139,4024.91,2,0.31,2026-08-28 14:54:00,0.9,False
132085477032,cust_X0xoxHrD6JZkxq,1656.78,INR,netbanking,,,,False,,False,,True,insufficient_funds,51,2026-06-19 09:00:00,Friday,19.0,False,1.0,1.0,False,171,2143.42,2,,2026-06-27 14:06:00,197.1,True
600781078460,cust_OEsTsPKPRbnQwE,3408.61,INR,upi,,,,True,False,False,,False,,,,,,,,,False,23,1133.65,1,0.53,,,False
335928146735,cust_8iA63WIEcUT7cc,2723.45,INR,card,508228,ICICI,debit,True,False,False,,False,,,,,,,,,False,23,565.03,0,0.48,,,False
096120931841,cust_NcimdosHvNVz7S,1069.15,INR,card,508228,ICICI,debit,False,,False,,True,insufficient_funds,51,2026-06-18 09:00:00,Thursday,18.0,False,1.0,1.0,False,418,3248.89,1,0.57,2026-06-23 13:18:00,124.3,False
139024584246,cust_kUHIZrib5CG0lw,1753.76,INR,card,607332,SBI,credit,True,False,False,,False,,,,,,,,,False,408,2922.18,0,,,,False
347375993269,cust_YYMvoBmRw7Dm8e,812.32,INR,card,524105,Axis,credit,True,True,False,,False,,,,,,,,,False,7,702.67,2,0.57,,,False
726012828657,cust_l57Nj6IuO8K2Fr,1229.42,INR,upi,,,,False,,False,,True,insufficient_funds,51,2026-07-17 10:00:00,Friday,17.0,False,1.0,1.0,False,1115,1132.54,1,,2026-07-17 20:30:00,10.5,False
373671007289,cust_VnbnzCzXhNrVyx,1398.46,INR,card,607332,SBI,debit,False,,False,,True,insufficient_funds,51,2026-08-06 17:00:00,Thursday,6.0,False,3.0,3.0,False,864,2380.63,1,0.31,2026-08-10 00:06:00,79.1,True
863744544402,cust_k9myLKY9GkmgzR,2121.15,INR,card,400014,HDFC,debit,False,,False,,False,,,,,,,,,False,610,4611.06,0,0.26,,,True
280407514063,cust_3goiByRAVZp83j,1518.94,INR,upi,,,,True,True,False,,False,,,,,,,,,False,871,3303.51,0,0.19,,,False
315686984591,cust_9X14XqphoVLhgt,821.1,INR,netbanking,,,,True,True,False,,False,,,,,,,,,False,93,2832.69,0,,,,False
550383765815,cust_q2iz4fraJ8g8HN,654.38,INR,upi,,,,True,False,False,,False,,,,,,,,,False,330,3821.95,2,0.68,,,False
116350504161,cust_t7GWo8tXRoSCHI,2812.05,INR,wallet,,,,False,,False,,True,insufficient_funds,51,2026-07-26 14:00:00,Sunday,26.0,True,1.0,1.0,False,182,2066.46,3,0.24,2026-07-27 01:12:00,11.2,True
420025058829,cust_dkxp6EGABDARAb,642.66,INR,upi,,,,False,,False,,True,insufficient_funds,51,2026-06-19 13:00:00,Friday,19.0,False,5.0,5.0,True,13,14579.45,2,,2026-06-21 21:18:00,56.3,False
089851475947,cust_wWNvtScfYfp0ym,2386.2,INR,card,508227,ICICI,debit,False,,False,,True,insufficient_funds,51,2026-07-19 23:00:00,Sunday,19.0,False,1.0,1.0,False,91,4028.08,1,,2026-07-28 09:06:00,202.1,True
096447236846,cust_gz65P2OHyUkYuO,4455.46,INR,upi,,,,False,,False,,False,,,,,,,,,False,257,160.57,1,,,,True
570741977841,cust_B6XDoEnEtDZKnM,3488.71,INR,upi,,,,False,,True,3.5,False,,,,,,,,,False,166,2930.87,1,,,,True
090735627208,cust_PO9ScGKCSxTtFv,3455.96,INR,netbanking,,,,False,,True,68.4,False,,,,,,,,,False,491,5645.99,3,0.23,,,False
631469211912,cust_s8lVjNoNG0Wvjy,1937.45,INR,card,524105,Axis,credit,False,,False,,False,,,,,,,,,False,139,7229.97,3,0.27,,,True
403095748734,cust_vMLBl0wh7UTOMS,873.09,INR,wallet,,,,False,,False,,False,,,,,,,,,False,491,1186.18,1,0.7,,,True
156534633813,cust_ez8POoNAPBlzZi,655.27,INR,card,508227,ICICI,debit,False,,False,,True,insufficient_funds,51,2026-08-02 20:00:00,Sunday,2.0,True,2.0,2.0,False,978,1469.76,1,0.36,2026-08-03 06:06:00,10.1,False
919460609221,cust_ymaaCVcNqJengS,1227.22,INR,upi,,,,False,,False,,True,insufficient_funds,51,2026-08-25 19:00:00,Tuesday,25.0,True,1.0,1.0,False,418,3516.97,1,,2026-08-27 19:00:00,48.0,False
659688663162,cust_QdbIwoX9inIQWP,688.71,INR,upi,,,,False,,False,,False,,,,,,,,,False,393,5869.08,0,0.16,,,True
144024460926,cust_8IT6MT78SrejPX,1448.53,INR,upi,,,,False,,False,,False,,,,,,,,,False,484,1661.0,3,0.14,,,True
854460300842,cust_B8ieO5Il0GN9jL,409.93,INR,upi,,,,False,,False,,True,insufficient_funds,51,2026-06-18 09:00:00,Thursday,18.0,False,1.0,1.0,False,89,5615.95,2,0.26,2026-06-18 21:54:00,12.9,False
070609001385,cust_lU79O8LnzxjHn8,1290.82,INR,card,607331,SBI,debit,False,,False,,False,,,,,,,,,False,480,2252.69,1,0.24,,,True
045246878618,cust_o5VwVW1a3vYMlE,5288.99,INR,card,508228,ICICI,credit,False,,False,,False,,,,,,,,,False,12,2555.51,2,0.53,,,True
680711937380,cust_8D7EUdRO6xZATJ,5261.73,INR,card,524105,Axis,debit,False,,False,,False,,,,,,,,,False,475,579.37,0,0.4,,,True
880626394199,cust_ULGkEwMjnPasbP,1496.15,INR,card,524105,Axis,credit,False,,False,,False,,,,,,,,,False,271,5502.77,3,,,,True
396903144809,cust_ZnMrePoAuvGaK7,577.55,INR,card,607332,SBI,debit,False,,False,,True,insufficient_funds,51,2026-07-14 03:00:00,Tuesday,14.0,False,2.0,2.0,False,668,5649.38,0,,2026-07-17 14:12:00,83.2,False
799543659570,cust_N1DfRytTlpTSIo,791.41,INR,upi,,,,False,,True,12.9,False,,,,,,,,,False,523,6039.84,1,0.16,,,True
817579708397,cust_QyhdbtQ0zF2Pcl,1146.37,INR,netbanking,,,,False,,False,,False,,,,,,,,,False,174,1469.64,1,0.36,,,True
291942622717,cust_j5wgIU7VmZC0JF,439.77,INR,upi,,,,False,,False,,False,,,,,,,,,False,358,4288.67,1,0.31,,,True
599678098916,cust_fGlU5Jc7ACp191,6537.54,INR,upi,,,,True,False,False,,False,,,,,,,,,False,9,2891.82,1,0.74,,,False
947782717467,cust_px4GFJLgyQYXZj,222.51,INR,card,524105,Axis,credit,False,,False,,False,,,,,,,,,False,96,1559.04,0,,,,True
215523215459,cust_3IvSqWhTxkKs2n,863.51,INR,wallet,,,,False,,False,,True,insufficient_funds,51,2026-06-14 09:00:00,Sunday,14.0,False,3.0,3.0,True,39,7144.97,0,0.11,2026-06-19 21:12:00,132.2,False
097250645078,cust_mLhwUDx2082MFd,678.52,INR,card,607332,SBI,credit,False,,False,,False,,,,,,,,,False,234,1039.45,2,0.31,,,True
969222086508,cust_XTXcCi1SreIseG,492.15,INR,card,508228,ICICI,credit,False,,False,,False,,,,,,,,,False,547,6064.26,0,0.32,,,True
295798672681,cust_PEwU5FpaVTkBS9,4427.64,INR,card,400012,HDFC,debit,False,,False,,True,insufficient_funds,51,2026-07-31 13:00:00,Friday,31.0,True,1.0,1.0,False,171,2086.95,0,,2026-07-31 13:48:00,0.8,False
360602795249,cust_TlaqVC1V9R86En,754.4,INR,upi,,,,False,,False,,False,,,,,,,,,False,181,7324.94,3,,,,True
300360416149,cust_qhSmx6y6E3cE3R,978.21,INR,card,607332,SBI,debit,False,,False,,True,insufficient_funds,51,2026-07-23 20:00:00,Thursday,23.0,False,1.0,1.0,False,614,3720.65,3,,2026-07-23 22:48:00,2.8,False
076070597649,cust_aoe8ZLPHLnHpIC,1456.61,INR,upi,,,,True,False,False,,False,,,,,,,,,False,10,2232.0,3,0.42,,,False
376668151532,cust_Kjjmt27txoknOi,1986.77,INR,upi,,,,True,True,False,,False,,,,,,,,,False,45,937.67,0,0.41,,,True
994755316183,cust_RWFLvPdP2oIHjC,2445.99,INR,upi,,,,False,,False,,True,insufficient_funds,51,2026-06-23 19:00:00,Tuesday,23.0,False,4.0,4.0,True,169,3832.02,2,0.34,2026-07-01 01:30:00,174.5,False
519488993329,cust_ZJXud0Srx4i8iI,2548.05,INR,wallet,,,,False,,False,,True,insufficient_funds,51,2026-07-16 13:00:00,Thursday,16.0,False,5.0,5.0,True,290,1441.8,3,,2026-07-17 07:36:00,18.6,False
492722488640,cust_Vq0Obr4GIt6ibW,796.34,INR,card,400012,HDFC,debit,False,,False,,False,,,,,,,,,False,593,978.27,0,0.68,,,True
887153658867,cust_RUGJzMeAwy4vCL,437.08,INR,card,400013,HDFC,debit,False,,False,,True,insufficient_funds,51,2026-07-13 14:00:00,Monday,13.0,False,1.0,1.0,False,341,2700.8,0,,2026-07-14 20:54:00,30.9,True
692806407324,cust_dqr4pzrvFHvIv3,1151.45,INR,wallet,,,,True,False,False,,False,,,,,,,,,False,140,1217.21,0,,,,False
274581892831,cust_rjkvJRNWWS6Jnd,2572.52,INR,netbanking,,,,True,False,False,,False,,,,,,,,,False,372,2517.05,0,0.15,,,False
641081275164,cust_LkCVcc508c3cIu,773.3,INR,upi,,,,True,False,False,,False,,,,,,,,,False,78,1729.88,1,0.05,,,False
736268755636,cust_C7aKqzcFqG1xAT,3630.68,INR,card,607331,SBI,credit,True,False,False,,False,,,,,,,,,False,44,3887.12,2,,,,False
059874684964,cust_lyQKIcH1u37ZbH,625.53,INR,card,417612,Kotak,credit,False,,False,,False,,,,,,,,,False,2,351.36,2,0.32,,,True
681097905494,cust_Yy6j8gfDj5KHyA,692.59,INR,card,607332,SBI,credit,False,,False,,False,,,,,,,,,False,357,907.5,0,0.72,,,True
496876797022,cust_OREOGRnWWMQ6ol,639.52,INR,upi,,,,False,,False,,True,insufficient_funds,51,2026-06-04 03:00:00,Thursday,4.0,True,1.0,1.0,False,183,1320.31,3,0.65,2026-06-04 20:30:00,17.5,True
016333388837,cust_voKCXLr3nWFntI,2421.67,INR,upi,,,,True,True,False,,False,,,,,,,,,False,3,1171.91,2,0.65,,,False
549000567812,cust_LyGb0KVaW1MLCY,1781.23,INR,netbanking,,,,True,False,False,,False,,,,,,,,,False,920,2337.0,4,0.33,,,False
471768889388,cust_mcvLBr1jN7uc6h,1483.83,INR,netbanking,,,,True,True,False,,False,,,,,,,,,False,55,440.19,2,0.46,,,False
737815970845,cust_pX8y7xSRsVbPdM,1719.86,INR,netbanking,,,,True,False,False,,False,,,,,,,,,False,568,2366.57,0,0.43,,,False
833018416284,cust_gjo8TtOQSFi2ot,2856.07,INR,upi,,,,False,,False,,False,,,,,,,,,False,355,3182.42,1,0.09,,,True
216584661524,cust_m4m6hmhxP8Ymb5,897.89,INR,netbanking,,,,True,False,False,,False,,,,,,,,,False,157,6882.82,0,0.44,,,False
304688185064,cust_GwGHl5PXdrQR8H,2996.43,INR,card,417612,Kotak,debit,False,,False,,False,,,,,,,,,False,575,665.6,1,0.53,,,True
223453694259,cust_FojPPFfHpLLYF2,1072.35,INR,card,400014,HDFC,credit,False,,False,,False,,,,,,,,,False,64,1609.18,1,,,,True
034390817938,cust_cn2FfR6W6UAvtt,749.17,INR,card,607332,SBI,credit,False,,False,,False,,,,,,,,,False,115,983.68,1,,,,True
750015974968,cust_eM5UAp4zpJFfsG,300.27,INR,upi,,,,False,,True,12.5,False,,,,,,,,,False,197,1558.8,0,0.2,,,False
443561821942,cust_gOa0C7Q0rnG6xC,1173.45,INR,card,508227,ICICI,debit,False,,False,,True,insufficient_funds,51,2026-07-26 21:00:00,Sunday,26.0,True,3.0,3.0,True,192,2701.36,2,,2026-07-26 23:36:00,2.6,False
350288095372,cust_Y5kCNM1YS3j6Xi,1262.22,INR,card,607331,SBI,credit,False,,False,,False,,,,,,,,,False,499,542.42,3,0.13,,,True
076945086091,cust_gqAnqxWr2p1uYt,2113.77,INR,upi,,,,False,,False,,False,,,,,,,,,False,527,1122.12,2,,,,True
059904909284,cust_gBl8DXK7gAXB4i,1362.43,INR,netbanking,,,,False,,True,42.2,False,,,,,,,,,False,64,1292.94,1,,,,False
317682948093,cust_wUeYaxCrHHwBCL,358.1,INR,upi,,,,True,False,False,,False,,,,,,,,,False,218,3579.5,1,0.16,,,False
319064757719,cust_7xWxAhcppky6GO,1254.22,INR,card,508227,ICICI,credit,True,False,False,,False,,,,,,,,,False,869,2592.09,1,,,,False
078035476664,cust_wZZjodfvJYOudf,2136.36,INR,upi,,,,False,,False,,True,insufficient_funds,51,2026-07-27 02:00:00,Monday,27.0,True,1.0,1.0,False,1829,254.34,2,0.28,2026-07-27 04:24:00,2.4,True
129352905018,cust_QgSBvEwsT04b2L,283.62,INR,card,607331,SBI,debit,True,True,False,,False,,,,,,,,,False,146,647.49,3,0.32,,,False
476455815263,cust_rf19FGrXuKuKb8,4480.18,INR,card,607332,SBI,debit,False,,False,,True,insufficient_funds,51,2026-07-10 12:00:00,Friday,10.0,False,2.0,2.0,False,570,2660.72,2,0.16,2026-07-11 07:24:00,19.4,False
050163420981,cust_OKorPj3MiTZent,1333.41,INR,upi,,,,False,,False,,True,insufficient_funds,51,2026-06-18 07:00:00,Thursday,18.0,False,2.0,2.0,False,349,444.01,1,0.69,2026-06-23 01:06:00,114.1,False
339194076248,cust_TJcJ1H8ZgAbzHb,815.6,INR,card,508227,ICICI,credit,True,False,False,,False,,,,,,,,,False,437,2921.29,1,0.33,,,False
260237783454,cust_aIK8bPkeX6Taq7,1025.51,INR,card,400013,HDFC,credit,False,,False,,False,,,,,,,,,False,550,836.36,1,0.55,,,True
833593562461,cust_DrLITOL2KSrQej,2369.97,INR,card,607332,SBI,debit,False,,False,,True,insufficient_funds,51,2026-07-21 06:00:00,Tuesday,21.0,False,1.0,1.0,False,385,2050.27,2,0.61,2026-07-21 07:06:00,1.1,False
587047635420,cust_d7wwjskKmm0JqB,3356.17,INR,card,524104,Axis,debit,False,,False,,True,insufficient_funds,51,2026-08-23 00:00:00,Sunday,23.0,False,3.0,3.0,True,273,5451.3,0,0.26,2026-08-27 18:12:00,114.2,False
479699300119,cust_o4zEKTujRHqr6f,1332.22,INR,wallet,,,,False,,False,,True,insufficient_funds,51,2026-07-17 12:00:00,Friday,17.0,False,5.0,5.0,True,298,3268.61,0,,2026-07-20 03:48:00,63.8,False
230929433656,cust_wEwuCGxfDHPEpu,801.73,INR,upi,,,,False,,False,,True,insufficient_funds,51,2026-08-08 15:00:00,Saturday,8.0,False,5.0,5.0,True,12,3577.78,1,0.55,2026-08-10 20:06:00,53.1,False
099545868219,cust_bsp5v5MmtCjaUh,588.38,INR,upi,,,,True,False,False,,False,,,,,,,,,False,112,4795.33,1,0.6,,,False
011726683631,cust_fSrYyO9TUOJJEk,2111.56,INR,upi,,,,False,,False,,False,,,,,,,,,False,106,941.23,2,,,,True
383133915822,cust_uTL9xWPGcAxY1V,440.75,INR,netbanking,,,,False,,False,,False,,,,,,,,,False,133,3722.68,2,0.68,,,True
671571545839,cust_eLU6Pq5YhRjGHz,1389.37,INR,upi,,,,True,True,False,,False,,,,,,,,,False,309,1359.85,2,,,,False
725303817601,cust_ahSIhjmJlwghig,668.47,INR,upi,,,,False,,False,,True,insufficient_funds,51,2026-08-20 23:00:00,Thursday,20.0,False,3.0,3.0,True,894,1284.73,5,,2026-08-25 22:36:00,119.6,False
706434772663,cust_T1oJ2uO3LBpcQ5,737.55,INR,upi,,,,False,,True,22.4,False,,,,,,,,,False,474,1885.96,2,0.65,,,False
641663313555,cust_OREOGRnWWMQ6ol,1146.35,INR,upi,,,,False,,True,19.6,False,,,,,,,,,False,183,1320.31,1,0.65,,,True
987530080051,cust_sR80qpJOCTHQLi,216.5,INR,upi,,,,False,,False,,True,insufficient_funds,51,2026-07-19 20:00:00,Sunday,19.0,False,3.0,3.0,False,122,2065.3,2,0.63,2026-07-22 20:24:00,72.4,True
074069627284,cust_D9n1Qs3SJv3xxl,581.35,INR,netbanking,,,,False,,True,10.9,False,,,,,,,,,False,104,2612.04,0,,,,False
187444872970,cust_33F5lFPlu6OdRK,659.76,INR,card,607331,SBI,credit,False,,False,,False,,,,,,,,,False,365,3198.39,1,0.49,,,True
605493757155,cust_zPzdyuVH7I71s8,2205.17,INR,card,524105,Axis,credit,False,,False,,False,,,,,,,,,False,190,509.08,0,0.27,,,True
457621936300,cust_OjGjANLR3h8GNf,823.35,INR,card,400013,HDFC,debit,False,,False,,True,insufficient_funds,51,2026-06-27 13:00:00,Saturday,27.0,True,5.0,5.0,True,586,1002.8,2,0.3,2026-06-27 15:54:00,2.9,False
473784350038,cust_kSOrrcq5wmo5ah,1174.87,INR,card,400013,HDFC,debit,True,False,False,,False,,,,,,,,,False,560,2923.95,1,,,,True
314808152908,cust_N1DfRytTlpTSIo,841.63,INR,upi,,,,False,,True,6.5,False,,,,,,,,,False,523,6039.84,3,,,,True
613281160691,cust_ly92sGNs3V8CPi,537.68,INR,upi,,,,False,,False,,True,insufficient_funds,51,2026-06-04 19:00:00,Thursday,4.0,True,3.0,3.0,False,595,2565.32,3,0.75,2026-06-04 20:00:00,1.0,True
588309260780,cust_Y442HKjpb9XQEw,1620.96,INR,upi,,,,False,,True,3.4,False,,,,,,,,,False,545,5555.23,2,0.44,,,True
816207907868,cust_syEHLCVoPSldHE,1076.2,INR,card,508228,ICICI,debit,False,,False,,True,insufficient_funds,51,2026-08-29 00:00:00,Saturday,29.0,True,2.0,2.0,False,339,872.29,1,0.25,2026-08-29 04:24:00,4.4,False
141190853128,cust_baQ19tHVExtUfR,3921.45,INR,upi,,,,False,,False,,True,insufficient_funds,51,2026-08-13 17:00:00,Thursday,13.0,False,4.0,4.0,False,116,1414.32,0,,2026-08-14 04:12:00,11.2,True
891215408597,cust_JHXtDs8rPlrL9x,1890.84,INR,wallet,,,,False,,False,,True,insufficient_funds,51,2026-08-23 04:00:00,Sunday,23.0,False,4.0,4.0,True,1,692.71,0,0.38,2026-08-23 07:30:00,3.5,False
408364320729,cust_R49u5pIM0uB37h,1368.34,INR,upi,,,,False,,False,,False,,,,,,,,,False,1674,1493.95,2,0.2,,,True
265800723640,cust_084PzDI7rXB7Xr,2651.4,INR,card,508227,ICICI,credit,False,,False,,True,insufficient_funds,51,2026-06-24 09:00:00,Wednesday,24.0,False,1.0,1.0,False,151,1579.58,1,0.21,2026-06-25 02:36:00,17.6,True
308057938567,cust_rg9VhNGyOLSz7l,1213.87,INR,card,607331,SBI,debit,True,False,False,,False,,,,,,,,,False,86,6499.93,1,,,,False
016511091590,cust_zh3udQPnvgmRER,1365.83,INR,netbanking,,,,False,,False,,True,insufficient_funds,51,2026-08-16 22:00:00,Sunday,16.0,False,2.0,2.0,False,740,2267.24,0,,2026-08-17 12:30:00,14.5,False
143439793943,cust_XB0LNxV2rRA6Fs,4933.55,INR,card,400013,HDFC,debit,False,,False,,False,,,,,,,,,False,52,3167.22,2,,,,True
669621644885,cust_9utqIN7joszAGM,1812.91,INR,upi,,,,True,True,False,,False,,,,,,,,,False,81,5863.22,1,0.59,,,True
110899002732,cust_yCB3Jt1Ia0DnDG,1432.1,INR,upi,,,,False,,True,1.4,False,,,,,,,,,False,256,4199.45,4,,,,False
021984654228,cust_nfwrT5a5xT0o2C,729.48,INR,upi,,,,False,,False,,False,,,,,,,,,False,7,848.69,0,,,,True
399068973494,cust_qhPic6n6D6a9Qq,4575.63,INR,card,417612,Kotak,credit,False,,False,,False,,,,,,,,,False,43,5206.32,3,0.49,,,True
260705136176,cust_ZV6sieQ44FpTfH,2445.81,INR,card,508228,ICICI,debit,False,,False,,False,,,,,,,,,False,159,969.92,0,,,,True
410413392617,cust_UzdJQT9lhzo7lH,1914.93,INR,card,508227,ICICI,credit,True,False,False,,False,,,,,,,,,False,577,2788.69,2,0.51,,,False
203602963555,cust_4WqqEQ0budevT9,1474.31,INR,card,508227,ICICI,credit,True,False,False,,False,,,,,,,,,False,1437,1367.97,0,0.32,,,False
690979156941,cust_6GBTJqZw52tDIM,158.85,INR,upi,,,,False,,False,,False,,,,,,,,,False,172,7735.96,1,,,,True
922494253185,cust_le1XCMLaDShVBl,884.28,INR,card,400014,HDFC,credit,False,,False,,True,insufficient_funds,51,2026-07-28 23:00:00,Tuesday,28.0,True,5.0,5.0,True,48,788.62,3,0.32,2026-07-29 13:42:00,14.7,False
299514058511,cust_VsVswRvSY4nXdo,2935.33,INR,upi,,,,False,,False,,True,insufficient_funds,51,2026-06-19 10:00:00,Friday,19.0,False,1.0,1.0,False,400,4504.0,2,0.35,2026-06-21 03:24:00,41.4,False
712616129677,cust_ePt8WuM7n72q3b,958.85,INR,netbanking,,,,False,,True,21.8,False,,,,,,,,,False,23,1555.6,0,0.22,,,False
171875718878,cust_xACRkDSaoAPVR1,1425.9,INR,card,417612,Kotak,debit,False,,False,,False,,,,,,,,,False,349,2710.23,0,0.47,,,True
875829214475,cust_FpLIUPQOu7SsAo,78.4,INR,upi,,,,False,,False,,False,,,,,,,,,False,197,1396.34,3,,,,True
673885034973,cust_vn4Yk3gLazPS7o,1413.58,INR,card,417612,Kotak,credit,False,,False,,False,,,,,,,,,False,407,7033.18,2,,,,True
244262793844,cust_o5VwVW1a3vYMlE,2093.92,INR,upi,,,,False,,True,24.0,False,,,,,,,,,False,12,2555.51,1,,,,False
413727299406,cust_PmkMGS6UmxUUy1,1282.86,INR,upi,,,,False,,False,,True,insufficient_funds,51,2026-07-19 12:00:00,Sunday,19.0,False,4.0,4.0,True,11,2573.64,2,0.23,2026-07-26 22:24:00,178.4,False
934381902183,cust_Q3kk8gjZEvp3Bq,601.6,INR,card,524105,Axis,credit,False,,False,,True,insufficient_funds,51,2026-08-04 19:00:00,Tuesday,4.0,True,3.0,3.0,True,331,2377.75,0,0.75,2026-08-04 22:06:00,3.1,False
856703701712,cust_6VrBRLVON4Vl0o,4100.07,INR,card,508228,ICICI,credit,True,False,False,,False,,,,,,,,,False,88,348.12,4,0.88,,,False
722020910367,cust_oSzwmDNiJXgLbr,3517.4,INR,upi,,,,False,,False,,False,,,,,,,,,False,151,1049.77,1,0.47,,,True
111949142587,cust_47dsR8W1fVrYDo,1155.99,INR,card,607332,SBI,credit,False,,False,,True,insufficient_funds,51,2026-06-18 16:00:00,Thursday,18.0,False,2.0,2.0,False,146,1795.87,3,0.52,2026-06-18 17:30:00,1.5,False
743990035542,cust_iNrvKluHy7GBTp,1483.17,INR,card,524105,Axis,debit,False,,False,,True,insufficient_funds,51,2026-07-31 15:00:00,Friday,31.0,True,1.0,1.0,False,188,389.76,1,,2026-07-31 15:06:00,0.1,True
502647849050,cust_wuscxTLvrMbiXj,303.61,INR,netbanking,,,,False,,False,,False,,,,,,,,,False,324,4857.77,2,0.27,,,True
567629815102,cust_YzpEzftFbRMfKu,1723.76,INR,card,524105,Axis,debit,False,,False,,False,,,,,,,,,False,236,260.55,2,,,,True
742210041175,cust_iD9z850KeNYDX9,1405.22,INR,card,400014,HDFC,debit,False,,False,,False,,,,,,,,,False,302,3031.69,2,0.27,,,True
085721024571,cust_aQ6NWI3bzXbutX,1030.49,INR,upi,,,,True,True,False,,False,,,,,,,,,False,210,2160.09,0,,,,False
089416687103,cust_Z4ZisuILXiCzzS,447.47,INR,upi,,,,False,,False,,False,,,,,,,,,False,291,2612.59,0,0.37,,,True
165012446239,cust_lXNGFsbtXmXhQ2,2726.74,INR,upi,,,,False,,False,,True,insufficient_funds,51,2026-06-24 13:00:00,Wednesday,24.0,False,3.0,3.0,True,174,1779.85,0,,2026-06-24 15:00:00,2.0,False
405394462506,cust_YC1BbZ1TPHGKIP,2048.23,INR,upi,,,,False,,False,,True,insufficient_funds,51,2026-07-29 11:00:00,Wednesday,29.0,True,5.0,5.0,True,614,1134.62,0,0.63,2026-07-29 16:12:00,5.2,False
451526263627,cust_vefeTB6f7NVDe2,166.14,INR,upi,,,,False,,True,6.1,False,,,,,,,,,False,224,2160.37,1,0.08,,,False
897765252384,cust_vUYcfZi13ALy9B,2048.92,INR,upi,,,,True,False,False,,False,,,,,,,,,False,501,2433.47,0,,,,False
291468480488,cust_Wcp2KLYUJ9bVT9,861.37,INR,card,400014,HDFC,credit,False,,False,,False,,,,,,,,,False,155,1022.58,2,0.26,,,True
406249298592,cust_XpQuiJYwMZd1I5,2015.1,INR,card,508227,ICICI,debit,False,,False,,False,,,,,,,,,False,225,611.44,2,,,,True
715331859409,cust_hR4yXxbC3Lf6K7,1873.5,INR,upi,,,,True,True,False,,False,,,,,,,,,False,115,1193.11,0,0.28,,,True
447918667455,cust_gBl8DXK7gAXB4i,1582.88,INR,card,417612,Kotak,debit,True,False,False,,False,,,,,,,,,False,64,1292.94,2,,,,False
652284764837,cust_bKzbTl5xzMSvcF,1216.34,INR,card,508228,ICICI,credit,False,,False,,True,insufficient_funds,51,2026-08-24 11:00:00,Monday,24.0,False,2.0,2.0,False,123,1622.5,2,0.12,2026-08-28 06:00:00,91.0,False
478316954568,cust_Qr4jf6eb0wwhA7,756.13,INR,card,607331,SBI,debit,False,,False,,True,insufficient_funds,51,2026-06-27 16:00:00,Saturday,27.0,True,1.0,1.0,False,363,1171.7,4,,2026-06-27 19:06:00,3.1,True
783223183619,cust_GwGHl5PXdrQR8H,1466.79,INR,card,607331,SBI,credit,True,False,False,,False,,,,,,,,,False,575,665.6,2,0.53,,,False
779447508589,cust_risZlUDyzN7K8h,591.5,INR,card,607331,SBI,debit,False,,False,,False,,,,,,,,,False,29,956.54,3,0.29,,,True
485073804865,cust_YN9fFCGmxaDX9g,1726.36,INR,netbanking,,,,True,True,False,,False,,,,,,,,,False,238,2947.74,1,0.7,,,False
872762606751,cust_JMlvoKveuvb5in,1647.88,INR,card,417612,Kotak,credit,False,,False,,False,,,,,,,,,False,245,460.46,2,0.61,,,True
333365966677,cust_vWsfoaHJQzuGKZ,1949.67,INR,card,607332,SBI,credit,False,,False,,False,,,,,,,,,False,410,1765.9,3,0.22,,,True
277815004318,cust_brEiDhfjJUgHMk,1260.83,INR,upi,,,,False,,False,,True,insufficient_funds,51,2026-06-20 21:00:00,Saturday,20.0,False,2.0,2.0,False,286,5509.56,2,0.71,2026-06-23 12:36:00,63.6,True
103062634552,cust_5CWree01HF1LKf,967.45,INR,upi,,,,False,,False,,False,,,,,,,,,False,147,2694.76,2,0.63,,,True
888933727317,cust_N1m4Yrpw2cBdVc,361.99,INR,card,607331,SBI,debit,True,True,False,,False,,,,,,,,,False,1022,4059.87,1,,,,True
858379530787,cust_4cTswenKnAQvKv,496.85,INR,upi,,,,True,True,False,,False,,,,,,,,,False,73,1438.89,1,0.37,,,True
750161995218,cust_B8ieO5Il0GN9jL,343.05,INR,card,524104,Axis,credit,False,,False,,False,,,,,,,,,False,89,5615.95,0,0.26,,,True
681768662901,cust_H3skUMpUwUGt1X,2325.28,INR,card,607332,SBI,credit,False,,False,,True,insufficient_funds,51,2026-06-04 20:00:00,Thursday,4.0,True,4.0,4.0,True,53,3705.09,1,0.28,2026-06-04 22:06:00,2.1,False
659433874906,cust_wpBjB6G5xt0PyV,2837.59,INR,card,524104,Axis,credit,False,,False,,False,,,,,,,,,False,158,2945.94,0,0.06,,,True
663900349968,cust_7NuNVQqRDVegHs,2258.54,INR,upi,,,,False,,False,,True,insufficient_funds,51,2026-07-09 19:00:00,Thursday,9.0,False,1.0,1.0,False,234,6355.35,0,,2026-07-14 16:48:00,117.8,False
718320437511,cust_ylXBzvnCPFImA7,2166.59,INR,card,400012,HDFC,credit,True,False,False,,False,,,,,,,,,False,166,3121.26,2,0.28,,,False
929535421632,cust_2NyR6jQPywlsLb,910.36,INR,upi,,,,False,,False,,True,insufficient_funds,51,2026-07-18 15:00:00,Saturday,18.0,False,1.0,1.0,False,69,5310.68,1,0.25,2026-07-22 15:42:00,96.7,False
865607529925,cust_qfpr5bc0GGlw6z,4338.79,INR,card,400014,HDFC,credit,False,,False,,True,insufficient_funds,51,2026-08-07 01:00:00,Friday,7.0,False,1.0,1.0,False,53,2824.03,1,0.41,2026-08-11 04:54:00,99.9,False
667224432744,cust_6GBTJqZw52tDIM,845.02,INR,upi,,,,False,,False,,False,,,,,,,,,False,172,7735.96,1,,,,True
281494982127,cust_3BDamHNPVWC2QJ,866.06,INR,card,508227,ICICI,debit,False,,False,,True,insufficient_funds,51,2026-06-20 21:00:00,Saturday,20.0,False,1.0,1.0,False,815,2155.42,1,,2026-06-23 08:36:00,59.6,True
355660634484,cust_Uqo001XTsv2CEn,4062.61,INR,card,524104,Axis,debit,False,,False,,False,,,,,,,,,False,38,5857.83,2,0.75,,,True
939899477880,cust_Obecc2cZD635SD,2319.25,INR,upi,,,,True,True,False,,False,,,,,,,,,False,25,884.8,3,,,,True
044778442252,cust_YYMvoBmRw7Dm8e,1521.59,INR,card,400012,HDFC,debit,False,,False,,False,,,,,,,,,False,7,702.67,2,0.57,,,True
743853643854,cust_MGEl0BRhEluTin,1111.16,INR,card,607332,SBI,debit,False,,False,,False,,,,,,,,,False,55,6519.75,0,0.12,,,True
896216305001,cust_wksaq9crY6OZwJ,3306.01,INR,upi,,,,False,,False,,True,insufficient_funds,51,2026-06-02 02:00:00,Tuesday,2.0,True,1.0,1.0,False,593,1253.2,1,0.17,2026-06-02 02:48:00,0.8,False
891006102306,cust_2wMxmcAuleKff6,686.15,INR,upi,,,,False,,False,,False,,,,,,,,,False,431,776.68,0,0.34,,,True
650012091398,cust_GZiAFlmSfMp6WD,1151.36,INR,netbanking,,,,False,,False,,False,,,,,,,,,False,173,1836.41,2,0.22,,,True
636614486149,cust_NwxBI1Wx2w0LZr,655.08,INR,upi,,,,True,True,False,,False,,,,,,,,,False,176,7939.09,1,0.52,,,False
122396905233,cust_zAQVVjrjcHFtLk,3370.93,INR,card,508228,ICICI,debit,False,,False,,True,insufficient_funds,51,2026-07-14 00:00:00,Tuesday,14.0,False,1.0,1.0,False,184,1364.44,0,0.65,2026-07-15 14:30:00,38.5,True
720036998663,cust_vrGIdO1R2ZLrwj,1824.14,INR,card,417612,Kotak,credit,False,,False,,False,,,,,,,,,False,82,7649.03,1,,,,True
271607574643,cust_TlaqVC1V9R86En,1759.84,INR,card,524104,Axis,debit,False,,False,,False,,,,,,,,,False,181,7324.94,0,0.61,,,True
868938216948,cust_Cltph8lqfSI2Ut,916.82,INR,upi,,,,False,,False,,False,,,,,,,,,False,181,3419.12,2,,,,True
470658295943,cust_eoqPy7neKxKse4,1127.84,INR,card,607331,SBI,credit,False,,False,,False,,,,,,,,,False,128,2853.67,2,0.24,,,True
665706596039,cust_4UueEiP6Iy0KBG,987.75,INR,card,607331,SBI,debit,False,,False,,False,,,,,,,,,False,243,3462.61,0,0.49,,,True
066616735243,cust_0lyth8Xizm1jrC,2340.79,INR,card,607332,SBI,credit,False,,False,,True,insufficient_funds,51,2026-06-15 07:00:00,Monday,15.0,False,1.0,1.0,False,109,86.17,2,0.61,2026-06-19 12:24:00,101.4,True
395287562051,cust_ggiuHcEy5dTWy3,1745.58,INR,card,607331,SBI,credit,False,,False,,False,,,,,,,,,False,93,4118.51,0,0.39,,,True
528310076721,cust_67GsgLgPmLuZGn,3498.46,INR,netbanking,,,,True,True,False,,False,,,,,,,,,False,24,3873.47,2,,,,False
186733998834,cust_C7aKqzcFqG1xAT,1267.66,INR,upi,,,,False,,False,,False,,,,,,,,,False,44,3887.12,0,,,,True
746885672060,cust_Vcm6HkdDtIdQI0,2653.45,INR,upi,,,,False,,False,,True,insufficient_funds,51,2026-06-18 16:00:00,Thursday,18.0,False,2.0,2.0,False,409,1293.99,1,0.27,2026-06-20 23:36:00,55.6,False
344975865478,cust_Mhwor3wZMSCUst,998.56,INR,upi,,,,False,,False,,False,,,,,,,,,False,419,8672.15,0,0.49,,,True
508558657547,cust_BnIcDXNUvXuzPF,432.51,INR,netbanking,,,,True,True,False,,False,,,,,,,,,False,606,2546.63,1,0.36,,,False
734663489498,cust_kxHDth1iYosyDL,376.57,INR,card,524105,Axis,credit,False,,False,,True,insufficient_funds,51,2026-06-18 05:00:00,Thursday,18.0,False,5.0,5.0,True,64,452.68,0,,2026-06-20 07:42:00,50.7,False
058603990489,cust_V8eBCe4dhFss5c,1618.48,INR,wallet,,,,False,,False,,True,insufficient_funds,51,2026-07-20 06:00:00,Monday,20.0,False,1.0,1.0,False,138,2084.44,2,0.44,2026-07-22 21:24:00,63.4,True
203254460278,cust_UbPfcEruXu1YAH,1023.77,INR,card,417612,Kotak,debit,False,,False,,False,,,,,,,,,False,15,1604.58,1,0.29,,,True
505661177416,cust_M4iwXhWQfeG8d0,1477.74,INR,upi,,,,True,False,False,,False,,,,,,,,,False,430,2936.93,2,,,,True
669806944494,cust_yEt5DgOvdOVkXu,2557.83,INR,card,508228,ICICI,credit,False,,False,,True,insufficient_funds,51,2026-07-10 19:00:00,Friday,10.0,False,1.0,1.0,False,352,5784.93,1,,2026-07-11 00:36:00,5.6,False
417029971603,cust_5NiyGz2vyTU5H0,1152.49,INR,card,400013,HDFC,debit,False,,False,,True,insufficient_funds,51,2026-08-14 09:00:00,Friday,14.0,False,3.0,3.0,True,75,1730.12,0,,2026-08-15 13:00:00,28.0,False
990928336203,cust_VGeFfJHeJoOYSa,1618.4,INR,card,508227,ICICI,credit,True,False,False,,False,,,,,,,,,False,63,399.62,2,0.82,,,False
428382213704,cust_klqyesgaTD3Zde,90.08,INR,upi,,,,False,,False,,False,,,,,,,,,False,16,3478.17,1,0.14,,,True
456011016526,cust_Cltph8lqfSI2Ut,1294.03,INR,upi,,,,False,,False,,False,,,,,,,,,False,181,3419.12,1,0.13,,,True
764772667537,cust_UzdJQT9lhzo7lH,1651.47,INR,upi,,,,False,,False,,True,insufficient_funds,51,2026-06-25 20:00:00,Thursday,25.0,True,1.0,1.0,False,577,2788.69,2,0.51,2026-06-26 10:48:00,14.8,True
882683572460,cust_XB0LNxV2rRA6Fs,495.72,INR,netbanking,,,,True,False,False,,False,,,,,,,,,False,52,3167.22,0,0.09,,,False
775679558320,cust_B52zTD26FeEvvH,499.0,INR,card,508227,ICICI,credit,False,,False,,False,,,,,,,,,False,597,1476.57,0,0.32,,,True
806504003732,cust_iIEaXEEwSHOlUN,571.42,INR,card,524105,Axis,credit,False,,False,,True,insufficient_funds,51,2026-08-03 07:00:00,Monday,3.0,True,4.0,4.0,True,612,2716.67,0,0.38,2026-08-03 16:12:00,9.2,False
704531819218,cust_bKzbTl5xzMSvcF,1956.56,INR,card,417612,Kotak,credit,False,,False,,True,insufficient_funds,51,2026-06-23 11:00:00,Tuesday,23.0,False,2.0,2.0,False,123,1622.5,1,0.12,2026-06-27 02:12:00,87.2,False
968597729866,cust_UcCpK3Ku0QLgcY,3374.71,INR,netbanking,,,,False,,False,,True,insufficient_funds,51,2026-08-21 02:00:00,Friday,21.0,False,1.0,1.0,False,175,3036.13,3,0.54,2026-08-21 11:54:00,9.9,True
546175372338,cust_Vq0Obr4GIt6ibW,653.27,INR,netbanking,,,,False,,False,,False,,,,,,,,,False,593,978.27,2,,,,True
104750509644,cust_TgjgYhMTbM6aaF,2057.46,INR,wallet,,,,False,,False,,True,insufficient_funds,51,2026-06-29 02:00:00,Monday,29.0,True,2.0,2.0,False,57,1463.32,2,0.32,2026-07-01 06:00:00,52.0,True
913948404034,cust_mbIlC5vLNTj6V6,2609.79,INR,card,607331,SBI,credit,True,True,False,,False,,,,,,,,,False,528,2834.18,1,0.19,,,True
428845149334,cust_VnbnzCzXhNrVyx,1048.05,INR,upi,,,,False,,False,,False,,,,,,,,,False,864,2380.63,0,0.31,,,True
864476506321,cust_HMukeuXHDcZeZO,984.78,INR,upi,,,,False,,False,,False,,,,,,,,,False,51,3156.84,2,0.45,,,True
702783604606,cust_tTQEMwkJKcZh7M,950.98,INR,upi,,,,True,True,False,,False,,,,,,,,,False,8,3485.14,0,0.28,,,False
976226443500,cust_VsVswRvSY4nXdo,102.94,INR,upi,,,,False,,True,23.4,False,,,,,,,,,False,400,4504.0,1,0.35,,,False
628523998697,cust_PgiI7DqZhmK5WI,402.52,INR,card,524104,Axis,credit,False,,False,,False,,,,,,,,,False,261,3949.14,5,0.36,,,True
773671950962,cust_OiAt6ISoFdSr1u,1496.36,INR,card,524104,Axis,credit,False,,False,,True,insufficient_funds,51,2026-07-01 07:00:00,Wednesday,1.0,True,1.0,1.0,False,53,7019.54,4,0.64,2026-07-01 12:00:00,5.0,True
240954679219,cust_922EI5xLXXl8PC,1417.33,INR,card,417612,Kotak,credit,False,,False,,True,insufficient_funds,51,2026-08-13 06:00:00,Thursday,13.0,False,1.0,1.0,False,62,9106.05,4,0.21,2026-08-15 12:18:00,54.3,False
184204416157,cust_0yNwwai7DmBiJn,1190.58,INR,upi,,,,False,,False,,False,,,,,,,,,False,95,3843.63,0,,,,True
691816555351,cust_z3wogWCgOxwXkt,944.61,INR,card,508227,ICICI,debit,False,,False,,True,insufficient_funds,51,2026-07-02 22:00:00,Thursday,2.0,True,3.0,3.0,True,447,4637.58,0,,2026-07-03 14:54:00,16.9,False
815178934221,cust_ZV6sieQ44FpTfH,2654.36,INR,wallet,,,,False,,False,,True,insufficient_funds,51,2026-08-10 00:00:00,Monday,10.0,False,3.0,3.0,False,159,969.92,2,0.4,2026-08-10 00:00:00,0.0,True
729478146537,cust_TjdVmyjcNmhHRv,489.78,INR,upi,,,,False,,False,,True,insufficient_funds,51,2026-07-27 14:00:00,Monday,27.0,True,1.0,1.0,False,124,9024.59,0,,2026-07-27 15:06:00,1.1,True
034261536063,cust_DJiS9HvlxNgbb1,2231.74,INR,card,417612,Kotak,credit,False,,False,,False,,,,,,,,,False,846,2619.79,2,,,,True
794455152144,cust_hAHKdq17lem8Wp,3192.45,INR,card,524105,Axis,debit,True,True,False,,False,,,,,,,,,False,38,4712.71,1,,,,False
681218851868,cust_YC1BbZ1TPHGKIP,1185.14,INR,card,417612,Kotak,credit,False,,False,,False,,,,,,,,,False,614,1134.62,1,,,,True
312176006426,cust_8IT6MT78SrejPX,932.96,INR,upi,,,,False,,False,,True,insufficient_funds,51,2026-06-20 01:00:00,Saturday,20.0,False,1.0,1.0,False,484,1661.0,1,0.14,2026-06-29 16:42:00,231.7,False
856932580040,cust_yxGEXJxw1AAy1m,1353.73,INR,wallet,,,,False,,False,,False,,,,,,,,,False,100,8689.95,1,0.23,,,True
693538680425,cust_woEBzppVyzWKvr,1641.13,INR,card,524104,Axis,debit,True,False,False,,False,,,,,,,,,False,68,4762.18,1,,,,False
088571682063,cust_OEC1WgRSxKrBjL,2442.61,INR,upi,,,,False,,False,,True,insufficient_funds,51,2026-06-03 21:00:00,Wednesday,3.0,True,3.0,3.0,False,21,3844.83,2,0.08,2026-06-03 22:24:00,1.4,True
062438659592,cust_jXce7YvSQnlxbX,1480.04,INR,card,508228,ICICI,debit,False,,False,,False,,,,,,,,,False,354,1700.48,2,,,,True
953561550603,cust_kUHIZrib5CG0lw,3582.27,INR,upi,,,,False,,False,,True,insufficient_funds,51,2026-07-19 03:00:00,Sunday,19.0,False,1.0,1.0,False,408,2922.18,3,0.24,2026-07-19 22:48:00,19.8,False
198767660714,cust_UpgTK4VVvsnqlL,1190.87,INR,wallet,,,,False,,False,,False,,,,,,,,,False,268,1339.72,1,0.35,,,True
584792749312,cust_rGd4QBUQUvIht5,519.39,INR,netbanking,,,,True,True,False,,False,,,,,,,,,False,33,519.71,2,0.39,,,True
699007841686,cust_5ysEA5JoTYswdE,843.36,INR,netbanking,,,,False,,False,,False,,,,,,,,,False,1026,7308.22,1,0.3,,,True
964372573576,cust_TsmLH747yaUI02,2088.77,INR,upi,,,,False,,False,,True,insufficient_funds,51,2026-06-09 06:00:00,Tuesday,9.0,False,1.0,1.0,False,133,6887.01,2,,2026-06-10 05:24:00,23.4,False
663067793854,cust_Wi5PBH17MjoKwW,920.17,INR,netbanking,,,,True,False,False,,False,,,,,,,,,False,128,2106.48,1,0.42,,,False
626680460394,cust_Z4ZisuILXiCzzS,897.25,INR,card,508228,ICICI,debit,False,,False,,True,insufficient_funds,51,2026-08-23 06:00:00,Sunday,23.0,False,2.0,2.0,False,291,2612.59,0,,2026-08-24 07:54:00,25.9,True
256076860436,cust_YTVUKfHf4VtyyO,667.13,INR,card,524104,Axis,credit,False,,False,,True,insufficient_funds,51,2026-07-21 17:00:00,Tuesday,21.0,False,2.0,2.0,False,602,1122.18,0,0.32,2026-07-24 00:00:00,55.0,False
325856165355,cust_hWuZUFKd5ET3by,3876.76,INR,card,607331,SBI,debit,False,,False,,True,insufficient_funds,51,2026-08-15 11:00:00,Saturday,15.0,False,2.0,2.0,False,7,3472.94,1,0.16,2026-08-19 09:48:00,94.8,False
511953789410,cust_ShfK6Josl0izBC,3447.06,INR,upi,,,,True,True,False,,False,,,,,,,,,False,69,5484.11,2,0.04,,,False
638092276331,cust_sJJUD5mpejWwTN,3686.46,INR,card,607332,SBI,debit,False,,False,,True,insufficient_funds,51,2026-08-02 18:00:00,Sunday,2.0,True,2.0,2.0,False,444,4629.71,1,0.33,2026-08-02 22:42:00,4.7,True
754501651282,cust_Qrex1VFI5Je9vO,1316.64,INR,card,607332,SBI,debit,False,,False,,True,insufficient_funds,51,2026-07-30 17:00:00,Thursday,30.0,True,1.0,1.0,False,396,564.12,2,0.59,2026-07-30 18:12:00,1.2,False
093508416709,cust_8QeF0NcKKNGOTj,125.43,INR,upi,,,,False,,False,,False,,,,,,,,,False,119,2291.53,1,0.34,,,True
885442806246,cust_Uqo001XTsv2CEn,2274.19,INR,netbanking,,,,False,,True,13.2,False,,,,,,,,,False,38,5857.83,1,0.75,,,False
070782637002,cust_It2cWSiKl01IhQ,304.05,INR,card,508227,ICICI,debit,False,,False,,False,,,,,,,,,False,99,3658.86,1,0.2,,,True
075842745615,cust_K9JsQBNgBZxcmR,139.01,INR,card,417612,Kotak,credit,False,,False,,True,insufficient_funds,51,2026-07-30 13:00:00,Thursday,30.0,True,1.0,1.0,False,167,4454.54,0,0.24,2026-07-30 16:48:00,3.8,False
334335097294,cust_HT2tv2ZZb535Qw,3116.97,INR,upi,,,,True,True,False,,False,,,,,,,,,False,228,2462.89,1,0.54,,,True
394201342824,cust_FL7GwhXwuls9Tp,826.17,INR,card,524105,Axis,credit,False,,False,,False,,,,,,,,,False,69,1024.8,1,,,,True
208630637449,cust_GMLrstQRODj0JW,708.36,INR,netbanking,,,,False,,False,,False,,,,,,,,,False,19,5680.72,1,0.27,,,True
556168363215,cust_wNkKTqHt66Y97C,2641.14,INR,upi,,,,False,,False,,True,insufficient_funds,51,2026-06-23 02:00:00,Tuesday,23.0,False,1.0,1.0,False,492,1416.59,0,0.48,2026-06-23 21:24:00,19.4,False
291064940587,cust_h8MmBz0Tr4k6g6,1608.86,INR,card,417612,Kotak,debit,False,,False,,False,,,,,,,,,False,110,1802.84,2,0.1,,,True
385985649247,cust_MwzLoePeQjhJlP,580.3,INR,card,524104,Axis,credit,True,False,False,,False,,,,,,,,,False,24,3440.39,0,0.47,,,False
739525060968,cust_dqr4pzrvFHvIv3,197.83,INR,card,607331,SBI,credit,True,True,False,,False,,,,,,,,,False,140,1217.21,1,,,,False
174379450781,cust_GKcPLtxjuK13zf,610.82,INR,card,417612,Kotak,credit,False,,False,,False,,,,,,,,,False,613,4151.59,0,0.25,,,True
382167733379,cust_Tylssni9cjDmeb,1068.27,INR,upi,,,,False,,False,,True,insufficient_funds,51,2026-06-17 04:00:00,Wednesday,17.0,False,4.0,4.0,False,1110,3873.8,2,0.42,2026-06-23 20:30:00,160.5,True
380152428156,cust_rGd4QBUQUvIht5,2781.0,INR,upi,,,,True,True,False,,False,,,,,,,,,False,33,519.71,1,0.39,,,True
312725113591,cust_iIEaXEEwSHOlUN,3819.35,INR,card,417612,Kotak,debit,False,,False,,False,,,,,,,,,False,612,2716.67,1,0.38,,,True
798473921824,cust_zE8nbqV2wnL7a4,1355.03,INR,card,400013,HDFC,credit,True,True,False,,False,,,,,,,,,False,76,5859.25,0,,,,False
691703783822,cust_T5m7DZIyvy6Pwo,3613.22,INR,card,417612,Kotak,debit,False,,False,,True,insufficient_funds,51,2026-06-20 18:00:00,Saturday,20.0,False,2.0,2.0,False,112,4112.39,0,0.84,2026-06-21 17:48:00,23.8,True
730418648307,cust_cpWDhNaNQzUjje,919.93,INR,card,508228,ICICI,debit,False,,False,,True,insufficient_funds,51,2026-08-28 20:00:00,Friday,28.0,True,2.0,2.0,False,202,1164.05,0,0.61,2026-08-29 12:12:00,16.2,False
466932765108,cust_brKNYUirrJ7AFJ,5284.18,INR,netbanking,,,,False,,False,,False,,,,,,,,,False,198,3481.5,1,0.18,,,True
936110373827,cust_7YvBQ9eW6aqoFm,1567.68,INR,wallet,,,,False,,False,,False,,,,,,,,,False,68,1301.43,2,0.52,,,True
960356481250,cust_2U3DfbpUfHiXXd,1239.58,INR,card,508227,ICICI,credit,True,False,False,,False,,,,,,,,,False,42,1791.95,1,,,,False
332355122545,cust_AVVbcuNrpPC07n,950.15,INR,upi,,,,False,,False,,False,,,,,,,,,False,52,2003.73,2,0.24,,,True
087498890671,cust_uwRpl4qQZBZIQl,629.55,INR,card,607331,SBI,credit,True,False,False,,False,,,,,,,,,False,383,3274.32,2,0.17,,,False
283180483356,cust_s8lVjNoNG0Wvjy,1141.74,INR,upi,,,,True,True,False,,False,,,,,,,,,False,139,7229.97,3,,,,False
398477122020,cust_3BDamHNPVWC2QJ,1238.38,INR,upi,,,,False,,True,32.7,False,,,,,,,,,False,815,2155.42,0,0.29,,,False
588848727306,cust_RFillwq0oSgfuS,2103.94,INR,netbanking,,,,False,,False,,True,insufficient_funds,51,2026-08-27 08:00:00,Thursday,27.0,True,1.0,1.0,False,511,2740.68,1,0.38,2026-08-27 11:00:00,3.0,True
910851825697,cust_ShYEvpJWNCpNrz,1718.45,INR,card,508228,ICICI,credit,False,,False,,False,,,,,,,,,False,279,2315.14,0,0.33,,,True
217120217001,cust_kbZItNRBebRKsb,2487.21,INR,netbanking,,,,False,,False,,False,,,,,,,,,False,743,1163.5,1,,,,True
161636857221,cust_R2QzxZO3ZAJXyy,2139.63,INR,wallet,,,,False,,False,,False,,,,,,,,,False,97,6383.06,1,,,,True
199127544307,cust_MlUUQHRBlofZLC,2677.59,INR,upi,,,,False,,True,42.4,False,,,,,,,,,False,256,1205.29,1,0.04,,,False
920250453820,cust_9ALI8WqzWjC3UC,1627.21,INR,netbanking,,,,False,,True,18.9,False,,,,,,,,,False,161,3212.13,1,,,,True
973474497452,cust_Kjjmt27txoknOi,273.06,INR,upi,,,,True,False,False,,False,,,,,,,,,False,45,937.67,2,,,,False
781713912111,cust_t8kg9SSN1ByqRi,2178.9,INR,netbanking,,,,False,,True,3.3,False,,,,,,,,,False,133,1183.3,2,0.21,,,False
817059113934,cust_Qz8PiX5f21RwZ5,1292.6,INR,upi,,,,False,,False,,True,insufficient_funds,51,2026-07-05 22:00:00,Sunday,5.0,True,1.0,1.0,False,130,3887.05,2,0.67,2026-07-06 02:36:00,4.6,False
829886921315,cust_PnM31NHnUKRHwA,810.37,INR,card,607332,SBI,credit,False,,False,,False,,,,,,,,,False,259,2395.2,1,0.36,,,True
658552860419,cust_UqLhpzAGGbNRLB,972.97,INR,card,417612,Kotak,debit,False,,False,,True,insufficient_funds,51,2026-08-18 17:00:00,Tuesday,18.0,False,1.0,1.0,False,165,1490.41,1,0.18,2026-08-21 14:42:00,69.7,True
313879274657,cust_yYHikhqi7crbSq,1278.04,INR,upi,,,,False,,False,,True,insufficient_funds,51,2026-07-16 16:00:00,Thursday,16.0,False,1.0,1.0,False,376,3259.15,0,0.64,2026-07-22 04:54:00,132.9,False
863757345061,cust_cvsJ5PA1vfBfDI,2866.85,INR,card,508227,ICICI,debit,False,,False,,True,insufficient_funds,51,2026-06-25 02:00:00,Thursday,25.0,True,4.0,4.0,True,161,945.6,2,0.34,2026-06-25 06:12:00,4.2,False
004856383446,cust_yh1qtiDvraaIb3,698.4,INR,card,524104,Axis,credit,False,,False,,False,,,,,,,,,False,256,1595.53,0,,,,True
579335756188,cust_ohNkyAxrVJ7UFF,1071.48,INR,upi,,,,False,,False,,False,,,,,,,,,False,7,5011.83,2,0.24,,,True
316867811688,cust_RlTDLvR1HnJmDH,930.69,INR,upi,,,,False,,True,18.9,False,,,,,,,,,False,55,3702.42,0,0.19,,,False
130444606520,cust_CQ8jiwCT6AWRYM,684.24,INR,upi,,,,True,False,False,,False,,,,,,,,,False,64,2748.05,1,0.39,,,False
302812779142,cust_Z0s2yzrfVlytcB,1139.98,INR,card,417612,Kotak,credit,False,,False,,False,,,,,,,,,False,61,1203.9,0,,,,True
920687843871,cust_C0pKWbm2FyLY7Q,646.18,INR,card,400013,HDFC,credit,True,False,False,,False,,,,,,,,,False,123,4105.56,3,0.73,,,False
560972909137,cust_ZvZ8Vx8vBrMsSX,1102.69,INR,card,417612,Kotak,credit,False,,False,,False,,,,,,,,,False,128,7464.92,0,,,,True
504632568097,cust_hgjPi6tqweUzX6,838.83,INR,upi,,,,False,,False,,True,insufficient_funds,51,2026-08-19 16:00:00,Wednesday,19.0,False,1.0,1.0,False,138,384.34,1,0.76,2026-08-22 17:12:00,73.2,False
777128273621,cust_PcpzYGfp0XolSG,2342.54,INR,upi,,,,False,,False,,True,insufficient_funds,51,2026-07-13 21:00:00,Monday,13.0,False,2.0,2.0,False,448,2045.04,0,,2026-07-15 14:12:00,41.2,True
476020097466,cust_JHXtDs8rPlrL9x,1079.11,INR,netbanking,,,,False,,True,21.0,False,,,,,,,,,False,1,692.71,4,0.38,,,True
105274021008,cust_0WXRV82Ftb9xRx,1443.97,INR,card,607332,SBI,debit,False,,False,,True,insufficient_funds,51,2026-08-15 01:00:00,Saturday,15.0,False,1.0,1.0,False,74,4882.09,0,,2026-08-15 07:30:00,6.5,True
235433049311,cust_jnjJjSv3jx173G,268.05,INR,card,400013,HDFC,credit,False,,False,,True,insufficient_funds,51,2026-06-02 10:00:00,Tuesday,2.0,True,1.0,1.0,False,20,1899.19,3,0.32,2026-06-02 14:36:00,4.6,True
032140132313,cust_tkKWoC2PhD9poB,983.5,INR,card,417612,Kotak,credit,False,,False,,True,insufficient_funds,51,2026-07-15 10:00:00,Wednesday,15.0,False,3.0,3.0,True,460,3463.59,0,,2026-07-21 15:48:00,149.8,False
827620189026,cust_aoe8ZLPHLnHpIC,1418.08,INR,card,607332,SBI,debit,False,,False,,False,,,,,,,,,False,10,2232.0,2,0.42,,,True
164401430638,cust_urTBZeOc6NSGww,3308.38,INR,card,400014,HDFC,credit,False,,False,,False,,,,,,,,,False,12,2937.52,2,0.63,,,True
706617220695,cust_PSnueB1iXKEdso,3916.51,INR,card,400014,HDFC,debit,False,,False,,False,,,,,,,,,False,99,1725.52,1,,,,True
972086517691,cust_wWNvtScfYfp0ym,1114.09,INR,upi,,,,False,,False,,True,insufficient_funds,51,2026-07-31 09:00:00,Friday,31.0,True,2.0,2.0,False,91,4028.08,1,0.27,2026-08-01 03:06:00,18.1,False
865487359682,cust_Qr4jf6eb0wwhA7,743.88,INR,card,607331,SBI,debit,False,,False,,False,,,,,,,,,False,363,1171.7,1,0.7,,,True
421294534200,cust_geaqo7NDCQEGOm,1080.6,INR,card,508227,ICICI,credit,False,,False,,True,insufficient_funds,51,2026-07-23 13:00:00,Thursday,23.0,False,4.0,4.0,True,608,7177.44,2,,2026-07-24 14:54:00,25.9,False
120446234045,cust_It2cWSiKl01IhQ,535.63,INR,card,400014,HDFC,debit,False,,False,,True,insufficient_funds,51,2026-06-28 16:00:00,Sunday,28.0,True,3.0,3.0,True,99,3658.86,0,,2026-06-28 17:06:00,1.1,False
606817941567,cust_dUhWw8gXpJU5kM,1517.23,INR,card,417612,Kotak,debit,True,False,False,,False,,,,,,,,,False,758,1767.51,3,0.42,,,False
089597638485,cust_Wp4aYuVw0jg6ym,725.36,INR,wallet,,,,False,,False,,True,insufficient_funds,51,2026-08-11 00:00:00,Tuesday,11.0,False,4.0,4.0,True,2,5242.13,0,,2026-08-11 01:36:00,1.6,False
410950205669,cust_JwtYZuZlTWG27v,1299.29,INR,netbanking,,,,False,,False,,False,,,,,,,,,False,431,1111.32,0,0.43,,,True
247482859034,cust_VgqM9uVVYuGfyN,3101.66,INR,card,607332,SBI,debit,True,False,False,,False,,,,,,,,,False,11,2667.28,1,,,,False
500806506107,cust_uiKt8jpLyOCLzM,2041.66,INR,netbanking,,,,True,False,False,,False,,,,,,,,,False,146,3622.6,2,,,,True
393427577824,cust_UPjdFWu2oi10KW,178.16,INR,card,400014,HDFC,debit,False,,False,,True,insufficient_funds,51,2026-07-03 18:00:00,Friday,3.0,True,2.0,2.0,False,145,595.59,2,,2026-07-03 22:42:00,4.7,False
575940161838,cust_ggiuHcEy5dTWy3,1154.6,INR,card,524105,Axis,debit,False,,False,,False,,,,,,,,,False,93,4118.51,0,0.39,,,True
280459014439,cust_qepCYlASNIPUAu,957.65,INR,card,417612,Kotak,debit,False,,False,,False,,,,,,,,,False,41,1158.84,0,0.31,,,True
718398860583,cust_Nde3I5cYIsn8MH,2955.87,INR,netbanking,,,,False,,False,,False,,,,,,,,,False,112,3194.99,0,,,,True
042488432798,cust_YC1BbZ1TPHGKIP,1178.29,INR,card,417612,Kotak,debit,False,,False,,True,insufficient_funds,51,2026-07-24 12:00:00,Friday,24.0,False,1.0,1.0,False,614,1134.62,1,,2026-07-26 01:18:00,37.3,False
510105772581,cust_HMukeuXHDcZeZO,1373.57,INR,upi,,,,True,False,False,,False,,,,,,,,,False,51,3156.84,0,0.45,,,False
801298456537,cust_gqAnqxWr2p1uYt,863.67,INR,netbanking,,,,False,,False,,True,insufficient_funds,51,2026-07-06 20:00:00,Monday,6.0,False,4.0,4.0,True,527,1122.12,2,0.33,2026-07-11 05:30:00,105.5,False
383543380257,cust_wTnMHFMhNejk1G,747.48,INR,upi,,,,True,False,False,,False,,,,,,,,,False,15,4797.79,1,,,,False
461148440268,cust_sNbOVcZFapXJ5E,1412.06,INR,card,417612,Kotak,debit,False,,False,,True,insufficient_funds,51,2026-06-24 16:00:00,Wednesday,24.0,False,4.0,4.0,True,352,1375.05,0,,2026-06-24 17:24:00,1.4,False
537331053589,cust_ImO02A11wtfsYd,178.94,INR,netbanking,,,,False,,False,,False,,,,,,,,,False,859,1717.65,1,,,,True
864216002240,cust_risZlUDyzN7K8h,1676.23,INR,card,508227,ICICI,credit,True,False,False,,False,,,,,,,,,False,29,956.54,0,,,,True
936090337433,cust_uvxMpeQV1h7Ba4,980.51,INR,card,508228,ICICI,debit,False,,False,,False,,,,,,,,,False,60,1806.23,0,,,,True
701914938276,cust_cn3cFt45vMUT9e,1341.68,INR,card,508227,ICICI,credit,False,,False,,True,insufficient_funds,51,2026-08-27 13:00:00,Thursday,27.0,True,1.0,1.0,False,122,1402.64,0,0.17,2026-08-27 19:18:00,6.3,True
478940388565,cust_UXvatliNv5P7bY,3323.4,INR,upi,,,,True,True,False,,False,,,,,,,,,False,117,4117.29,0,0.7,,,False
134572826067,cust_s3w13kGqtB81oI,2671.89,INR,card,508228,ICICI,debit,False,,False,,False,,,,,,,,,False,72,1430.29,2,,,,True
597393759259,cust_lfIKEnNLWsHOys,3196.23,INR,upi,,,,False,,True,46.7,False,,,,,,,,,False,31,1446.39,0,0.43,,,False
432672062446,cust_n2bQPEPGAXt82e,1780.7,INR,upi,,,,False,,False,,True,insufficient_funds,51,2026-06-30 11:00:00,Tuesday,30.0,True,4.0,4.0,False,201,6274.09,1,0.66,2026-06-30 14:30:00,3.5,True
776590076299,cust_CynproQcqPl70A,2466.02,INR,netbanking,,,,False,,True,58.1,False,,,,,,,,,False,133,6665.41,2,0.41,,,False
061973751453,cust_9iUhMqEo6BIuQo,1045.76,INR,upi,,,,False,,False,,True,insufficient_funds,51,2026-08-17 10:00:00,Monday,17.0,False,3.0,3.0,True,265,1869.12,0,0.06,2026-08-18 06:48:00,20.8,False
713492801366,cust_DHJKUrV630PniH,3748.28,INR,card,417612,Kotak,credit,False,,False,,True,insufficient_funds,51,2026-06-20 07:00:00,Saturday,20.0,False,5.0,5.0,True,82,2062.89,2,0.37,2026-06-21 03:24:00,20.4,False
830393786876,cust_UPjdFWu2oi10KW,522.88,INR,netbanking,,,,False,,False,,False,,,,,,,,,False,145,595.59,1,0.12,,,True
290122970426,cust_NLM2om3hvZnNIG,1460.8,INR,card,400014,HDFC,credit,True,False,False,,False,,,,,,,,,False,543,7328.51,1,0.93,,,False
577166450566,cust_1DS7IQXJVZEgET,1132.6,INR,upi,,,,False,,False,,True,insufficient_funds,51,2026-07-26 11:00:00,Sunday,26.0,True,3.0,3.0,True,183,1528.54,1,0.53,2026-07-26 20:54:00,9.9,False
032904203070,cust_PnM31NHnUKRHwA,850.33,INR,card,524104,Axis,credit,True,False,False,,False,,,,,,,,,False,259,2395.2,2,0.36,,,False
964156944302,cust_7y8AL55c9kRjMD,382.88,INR,upi,,,,True,False,False,,False,,,,,,,,,False,704,3645.22,0,0.15,,,True
211287574387,cust_p0ST9AeqHAlHGM,1935.88,INR,card,508228,ICICI,credit,False,,False,,True,insufficient_funds,51,2026-07-17 10:00:00,Friday,17.0,False,1.0,1.0,False,259,1219.01,0,,2026-07-21 21:48:00,107.8,False
313262236595,cust_n8OkOyedBfFumF,2038.88,INR,card,607332,SBI,debit,False,,False,,False,,,,,,,,,False,236,1892.54,1,0.11,,,True
329105438435,cust_aQ6hxwF2tD6p3G,1712.42,INR,upi,,,,False,,False,,False,,,,,,,,,False,34,3416.54,3,0.68,,,True
979056366808,cust_CsmDMZ1imwBmn6,3719.04,INR,upi,,,,False,,False,,True,insufficient_funds,51,2026-08-09 05:00:00,Sunday,9.0,False,2.0,2.0,False,126,519.14,3,0.53,2026-08-11 07:00:00,50.0,False
918483626620,cust_nHgqnwEBxaW0j3,643.66,INR,upi,,,,False,,False,,False,,,,,,,,,False,349,386.6,1,,,,True
682328806928,cust_Qwca79isJS8jhu,747.11,INR,card,417612,Kotak,debit,False,,False,,False,,,,,,,,,False,115,2855.6,4,0.57,,,True
541826438135,cust_CHypcq2Jj5CIod,193.39,INR,upi,,,,False,,False,,False,,,,,,,,,False,376,3262.06,0,0.6,,,True
908181729825,cust_1DS7IQXJVZEgET,3372.97,INR,card,607331,SBI,debit,False,,False,,True,insufficient_funds,51,2026-08-13 23:00:00,Thursday,13.0,False,3.0,3.0,True,183,1528.54,1,0.53,2026-08-15 19:30:00,44.5,False
958347117665,cust_fo2txjakfJ2qD9,2334.53,INR,upi,,,,False,,True,43.7,False,,,,,,,,,False,55,737.73,1,0.16,,,False
483901356124,cust_EuoxNpkHreBG8H,2853.67,INR,card,400014,HDFC,credit,False,,False,,True,insufficient_funds,51,2026-08-22 10:00:00,Saturday,22.0,False,4.0,4.0,True,243,3447.3,1,0.2,2026-08-23 07:18:00,21.3,False
180263635613,cust_1Ud8hQb8rKlnni,3254.26,INR,upi,,,,False,,False,,True,insufficient_funds,51,2026-06-06 16:00:00,Saturday,6.0,False,2.0,2.0,False,526,2297.91,1,0.67,2026-06-06 16:42:00,0.7,False
097172422948,cust_M3vPAZOV026Ao0,845.53,INR,wallet,,,,True,True,False,,False,,,,,,,,,False,78,3597.73,1,0.18,,,False
339895834794,cust_UrR6yicTU8Zf9o,395.35,INR,card,417612,Kotak,debit,False,,False,,True,insufficient_funds,51,2026-07-15 14:00:00,Wednesday,15.0,False,1.0,1.0,False,116,4770.78,1,0.46,2026-07-15 16:42:00,2.7,True
810892214239,cust_aIK8bPkeX6Taq7,1228.14,INR,wallet,,,,True,True,False,,False,,,,,,,,,False,550,836.36,2,,,,False
267717019647,cust_yZv2AMGClrDtYO,745.39,INR,card,524105,Axis,credit,False,,False,,True,insufficient_funds,51,2026-08-26 03:00:00,Wednesday,26.0,True,2.0,2.0,False,345,2484.0,2,0.24,2026-08-29 20:12:00,89.2,True
427435731088,cust_XTXcCi1SreIseG,1231.46,INR,card,607332,SBI,debit,False,,False,,True,insufficient_funds,51,2026-06-04 14:00:00,Thursday,4.0,True,1.0,1.0,False,547,6064.26,2,,2026-06-04 20:12:00,6.2,True
786589444836,cust_oPZehhyXkajqur,1173.61,INR,netbanking,,,,False,,False,,True,insufficient_funds,51,2026-06-20 16:00:00,Saturday,20.0,False,5.0,5.0,True,240,833.46,0,0.31,2026-06-20 16:48:00,0.8,False
516911441108,cust_DJiS9HvlxNgbb1,2268.61,INR,card,524105,Axis,debit,False,,False,,True,insufficient_funds,51,2026-08-13 12:00:00,Thursday,13.0,False,1.0,1.0,False,846,2619.79,2,0.81,2026-08-20 19:24:00,175.4,True
687082227606,cust_89DkxPzi0N7cJG,1167.41,INR,upi,,,,False,,False,,True,insufficient_funds,51,2026-08-02 16:00:00,Sunday,2.0,True,3.0,3.0,False,54,1281.94,0,0.16,2026-08-03 15:06:00,23.1,True
157511105761,cust_qepCYlASNIPUAu,1286.38,INR,card,400014,HDFC,credit,False,,False,,False,,,,,,,,,False,41,1158.84,4,,,,True
694449063023,cust_Ax3qJbVknaP0MX,2069.56,INR,card,607332,SBI,credit,True,True,False,,False,,,,,,,,,False,14,7923.69,1,0.8,,,False
507289220321,cust_3sf3xqmHuK98yH,460.79,INR,card,607332,SBI,credit,False,,False,,False,,,,,,,,,False,4,4277.08,0,0.31,,,True
676106595896,cust_zW69cRXg7yxIPn,1294.94,INR,upi,,,,True,False,False,,False,,,,,,,,,False,475,5433.34,3,,,,True
030636198936,cust_t28DjPPtqoPqcC,3447.77,INR,card,524104,Axis,debit,True,False,False,,False,,,,,,,,,False,417,2471.67,2,,,,False
451088270322,cust_AeALFo2ZyvqMng,1260.47,INR,upi,,,,False,,False,,False,,,,,,,,,False,264,430.78,2,0.3,,,True
841050112690,cust_mvajmgWJJqSaTz,1516.96,INR,card,607332,SBI,debit,True,True,False,,False,,,,,,,,,False,89,1296.69,4,0.28,,,True
969586690794,cust_H6AyzVZqZwhUBw,870.3,INR,card,524105,Axis,credit,False,,False,,True,insufficient_funds,51,2026-07-07 00:00:00,Tuesday,7.0,False,1.0,1.0,False,314,10850.57,2,0.41,2026-07-07 04:42:00,4.7,False
396527037876,cust_73LlLixHHMJi0C,269.28,INR,card,524104,Axis,credit,True,False,False,,False,,,,,,,,,False,371,2217.56,1,0.34,,,False
100570374666,cust_sH33km9CtWbZbz,1394.11,INR,card,524105,Axis,credit,False,,False,,False,,,,,,,,,False,54,1513.78,1,,,,True
572961095651,cust_g1VKIUyyaDUvfx,1171.12,INR,netbanking,,,,False,,False,,False,,,,,,,,,False,660,776.98,0,0.64,,,True
351790424713,cust_EuoxNpkHreBG8H,1822.88,INR,upi,,,,False,,False,,True,insufficient_funds,51,2026-07-01 13:00:00,Wednesday,1.0,True,1.0,1.0,False,243,3447.3,1,0.2,2026-07-02 00:18:00,11.3,False
463364590197,cust_p2OE64rvC86llE,1751.06,INR,upi,,,,False,,False,,False,,,,,,,,,False,173,3842.82,1,0.14,,,True
123752834002,cust_NfjhZt0gDdgbQz,3129.69,INR,card,400014,HDFC,debit,False,,False,,False,,,,,,,,,False,848,2764.81,0,0.38,,,True
665185613251,cust_fk6GSVi3j0aUTL,2103.81,INR,card,607332,SBI,debit,False,,False,,False,,,,,,,,,False,39,2181.24,4,0.28,,,True
967675408661,cust_MPmJG5ppmvhCdm,2398.27,INR,upi,,,,False,,False,,True,insufficient_funds,51,2026-06-18 02:00:00,Thursday,18.0,False,1.0,1.0,False,4,6348.49,0,0.32,2026-06-22 10:54:00,104.9,False
181085227579,cust_wWNvtScfYfp0ym,3781.52,INR,netbanking,,,,False,,False,,False,,,,,,,,,False,91,4028.08,1,0.27,,,True
401847207600,cust_8a3IkFMd19E7uF,2552.29,INR,card,400012,HDFC,credit,True,False,False,,False,,,,,,,,,False,239,6296.96,3,0.65,,,False
483396915691,cust_uiKt8jpLyOCLzM,3138.5,INR,card,607331,SBI,credit,False,,False,,True,insufficient_funds,51,2026-06-18 18:00:00,Thursday,18.0,False,4.0,4.0,False,146,3622.6,1,0.51,2026-06-19 01:06:00,7.1,True
281572609597,cust_T0sSTZYSHa6p3m,5277.1,INR,card,524105,Axis,debit,False,,False,,False,,,,,,,,,False,33,4526.22,2,,,,True
697250533410,cust_G1gTZD7G3PP751,3150.2,INR,upi,,,,False,,False,,True,insufficient_funds,51,2026-08-28 22:00:00,Friday,28.0,True,5.0,5.0,True,509,1629.19,1,0.36,2026-08-28 23:48:00,1.8,False
491095997957,cust_LqfZIXLnqo9ieI,551.73,INR,card,607331,SBI,credit,False,,False,,True,insufficient_funds,51,2026-07-02 08:00:00,Thursday,2.0,True,5.0,5.0,True,1067,3180.92,0,0.35,2026-07-02 08:36:00,0.6,False
577142314132,cust_5NiyGz2vyTU5H0,1357.4,INR,upi,,,,False,,False,,False,,,,,,,,,False,75,1730.12,0,0.13,,,True
615601099376,cust_9j3mhkVRwspsgP,4045.41,INR,upi,,,,False,,False,,False,,,,,,,,,False,1150,2321.51,3,0.32,,,True
133479229813,cust_6GBTJqZw52tDIM,3135.55,INR,card,508228,ICICI,debit,False,,False,,False,,,,,,,,,False,172,7735.96,2,0.4,,,True
201048124466,cust_CaKxeuhYSaS5pg,2268.84,INR,card,524104,Axis,debit,False,,False,,False,,,,,,,,,False,6,5566.01,0,0.43,,,True
890647539459,cust_UzdJQT9lhzo7lH,158.49,INR,upi,,,,False,,True,32.7,False,,,,,,,,,False,577,2788.69,2,,,,False
364702044264,cust_YJUBYS7iOesa6J,2751.89,INR,upi,,,,False,,False,,False,,,,,,,,,False,883,1073.38,2,,,,True
155949623676,cust_7SLqLKfXaiIkPU,1734.41,INR,card,400012,HDFC,credit,False,,False,,False,,,,,,,,,False,631,7150.51,0,0.26,,,True
897193526925,cust_8wwGuXo1niyNQk,1730.98,INR,card,400013,HDFC,debit,False,,False,,False,,,,,,,,,False,648,1240.09,0,0.13,,,True
448846944419,cust_XAFSXxR4Oi5onF,159.0,INR,card,400012,HDFC,debit,False,,False,,False,,,,,,,,,False,36,4682.76,4,0.3,,,True
354201169504,cust_hR4yXxbC3Lf6K7,3280.63,INR,card,508228,ICICI,credit,True,False,False,,False,,,,,,,,,False,115,1193.11,1,,,,False
759778484530,cust_DJiS9HvlxNgbb1,2330.6,INR,card,417612,Kotak,debit,False,,False,,False,,,,,,,,,False,846,2619.79,0,0.81,,,True
884230142522,cust_qYk6zJFzoc7kA8,496.59,INR,card,508228,ICICI,credit,False,,False,,False,,,,,,,,,False,566,1143.11,2,,,,True
403777150014,cust_s6FlxA3ZK0LRg4,2574.81,INR,upi,,,,False,,True,8.3,False,,,,,,,,,False,542,617.04,1,,,,False
242497318626,cust_MIs40UBk4w017X,199.9,INR,upi,,,,False,,True,8.1,False,,,,,,,,,False,110,914.24,0,0.05,,,True
891432872763,cust_T5lt2pwFA1D0T3,2189.02,INR,upi,,,,False,,False,,True,insufficient_funds,51,2026-06-22 19:00:00,Monday,22.0,False,4.0,4.0,True,862,2042.81,1,,2026-06-23 23:00:00,28.0,False
604708686390,cust_aWfV0yG7nzrbt7,756.44,INR,card,508227,ICICI,credit,False,,False,,False,,,,,,,,,False,234,6178.83,1,0.38,,,True
149511634103,cust_JfNDtYbkfNRYIF,332.54,INR,card,400013,HDFC,credit,True,True,False,,False,,,,,,,,,False,15,4843.13,0,0.31,,,False
254163182417,cust_7DwEdL0yzHvPvb,249.84,INR,card,508227,ICICI,credit,False,,False,,True,insufficient_funds,51,2026-06-22 15:00:00,Monday,22.0,False,1.0,1.0,False,97,3082.63,0,0.46,2026-06-23 10:06:00,19.1,True
049443108675,cust_wpBjB6G5xt0PyV,2100.7,INR,card,417612,Kotak,debit,False,,False,,False,,,,,,,,,False,158,2945.94,1,,,,True
430211538670,cust_0lyth8Xizm1jrC,203.22,INR,card,607331,SBI,credit,True,True,False,,False,,,,,,,,,False,109,86.17,2,0.61,,,False
836673526135,cust_wuscxTLvrMbiXj,433.07,INR,card,400012,HDFC,debit,True,True,False,,False,,,,,,,,,False,324,4857.77,2,0.27,,,False
054729421819,cust_LZiOJIrADwGpkA,1108.26,INR,card,524105,Axis,credit,False,,False,,False,,,,,,,,,False,392,163.04,1,0.38,,,True
515053027210,cust_yKbZpObRubhTyd,1404.38,INR,netbanking,,,,True,False,False,,False,,,,,,,,,False,690,4474.65,0,0.13,,,False
270411469895,cust_EaS5bnhLwvNfTg,557.68,INR,upi,,,,False,,True,47.9,False,,,,,,,,,False,242,2669.03,0,,,,True
253079648425,cust_knMNZUN20s74lf,1753.61,INR,card,400012,HDFC,debit,False,,False,,True,insufficient_funds,51,2026-06-26 19:00:00,Friday,26.0,True,1.0,1.0,False,187,3805.85,0,0.4,2026-06-26 22:54:00,3.9,True
036595391432,cust_aBxwZvhJoFijVn,787.19,INR,netbanking,,,,True,False,False,,False,,,,,,,,,False,95,2338.85,1,0.93,,,False
321263208974,cust_u9ZmKVJ0TX1eKg,651.81,INR,upi,,,,False,,False,,False,,,,,,,,,False,211,5126.1,1,,,,True
361515418237,cust_6CWb61Gqh8WYLH,1594.32,INR,card,417612,Kotak,debit,False,,False,,True,insufficient_funds,51,2026-06-13 19:00:00,Saturday,13.0,False,5.0,5.0,False,155,3969.59,1,0.46,2026-06-14 08:18:00,13.3,True
164763250714,cust_zPzdyuVH7I71s8,1086.91,INR,card,417612,Kotak,debit,False,,False,,True,insufficient_funds,51,2026-07-02 05:00:00,Thursday,2.0,True,3.0,3.0,False,190,509.08,1,,2026-07-02 19:18:00,14.3,True
324819892679,cust_400wgOMpYGUEih,1641.37,INR,card,524105,Axis,debit,False,,False,,False,,,,,,,,,False,245,496.45,1,0.76,,,True
059332864018,cust_CezIwrFJbanEvc,5516.06,INR,card,508228,ICICI,debit,True,False,False,,False,,,,,,,,,False,249,4959.12,4,0.7,,,False
619059718135,cust_ZJXud0Srx4i8iI,1311.98,INR,upi,,,,False,,False,,True,insufficient_funds,51,2026-08-02 19:00:00,Sunday,2.0,True,4.0,4.0,True,290,1441.8,1,0.53,2026-08-03 07:18:00,12.3,False
389343412935,cust_zS7HSix9wVO14t,3844.11,INR,wallet,,,,True,True,False,,False,,,,,,,,,False,263,3853.61,1,,,,True
840529257842,cust_PcpzYGfp0XolSG,1310.63,INR,card,524104,Axis,credit,False,,False,,False,,,,,,,,,False,448,2045.04,2,,,,True
446094330084,cust_1uAEiMLZQXkneo,968.1,INR,card,508228,ICICI,debit,False,,False,,False,,,,,,,,,False,297,1951.28,1,0.67,,,True
286522826244,cust_qx3V8RB8m0jYk1,2958.81,INR,upi,,,,False,,True,4.9,False,,,,,,,,,False,321,519.07,0,0.55,,,True
556697683187,cust_s6nMmSVp8o7frT,1903.01,INR,upi,,,,False,,False,,True,insufficient_funds,51,2026-07-01 16:00:00,Wednesday,1.0,True,1.0,1.0,False,188,3766.72,1,,2026-07-02 11:24:00,19.4,False
779785136190,cust_G5dv8ytO3K3uaD,1875.0,INR,upi,,,,False,,False,,False,,,,,,,,,False,316,6030.04,5,,,,True
194055575500,cust_Z4ZisuILXiCzzS,682.01,INR,card,508228,ICICI,debit,False,,False,,False,,,,,,,,,False,291,2612.59,1,,,,True
973146147674,cust_dqIt88wcE3Fdt7,652.72,INR,netbanking,,,,False,,True,18.3,False,,,,,,,,,False,16,6025.11,4,,,,True
133100657194,cust_Iyt9NgjmGRHQb2,208.32,INR,card,417612,Kotak,debit,True,False,False,,False,,,,,,,,,False,370,1286.25,1,,,,False
451987825479,cust_jSuYYAy2cDDzoU,1160.43,INR,netbanking,,,,False,,False,,False,,,,,,,,,False,117,1563.73,0,0.2,,,True
315339065286,cust_fUupBvepriCkMk,1001.44,INR,card,524104,Axis,debit,True,True,False,,False,,,,,,,,,False,136,3639.87,2,0.11,,,True
593304256597,cust_zAQVVjrjcHFtLk,993.73,INR,upi,,,,False,,False,,False,,,,,,,,,False,184,1364.44,2,0.65,,,True
748367093854,cust_hpdLX50J9pIEAs,954.87,INR,card,417612,Kotak,credit,False,,False,,False,,,,,,,,,False,583,5160.1,2,,,,True
557682671692,cust_l57Nj6IuO8K2Fr,2404.9,INR,netbanking,,,,False,,False,,True,insufficient_funds,51,2026-07-05 22:00:00,Sunday,5.0,True,1.0,1.0,False,1115,1132.54,2,0.32,2026-07-06 05:36:00,7.6,True
114429118616,cust_cXoalVfd51dVL5,1857.85,INR,card,524104,Axis,debit,True,False,False,,False,,,,,,,,,False,407,1176.16,0,0.17,,,False
922416532507,cust_hAHKdq17lem8Wp,665.47,INR,card,400012,HDFC,credit,False,,False,,False,,,,,,,,,False,38,4712.71,0,0.33,,,True
373934262269,cust_GKcPLtxjuK13zf,3689.9,INR,netbanking,,,,False,,False,,False,,,,,,,,,False,613,4151.59,0,0.25,,,True
391340329265,cust_8fym23yBiRJ3oF,2164.75,INR,card,400013,HDFC,credit,False,,False,,True,insufficient_funds,51,2026-07-27 10:00:00,Monday,27.0,True,1.0,1.0,False,403,5213.56,0,0.13,2026-07-27 10:18:00,0.3,True
596135569276,cust_5FSWXEaiSIrRgg,235.98,INR,netbanking,,,,False,,False,,False,,,,,,,,,False,1192,2816.63,3,0.46,,,True
931556056941,cust_JHXtDs8rPlrL9x,1124.04,INR,upi,,,,False,,False,,True,insufficient_funds,51,2026-08-11 07:00:00,Tuesday,11.0,False,1.0,1.0,False,1,692.71,3,0.38,2026-08-13 06:06:00,47.1,False
193732991242,cust_ytcDRHeW3qPUSy,2357.56,INR,card,400013,HDFC,debit,False,,False,,False,,,,,,,,,False,206,2039.42,0,0.26,,,True
324077830420,cust_Tgg2076zs0iewq,1672.04,INR,wallet,,,,False,,False,,False,,,,,,,,,False,80,758.96,1,0.67,,,True
814573066494,cust_HAoqTWJoP1aWRq,895.27,INR,netbanking,,,,False,,False,,True,insufficient_funds,51,2026-07-31 16:00:00,Friday,31.0,True,5.0,5.0,False,902,6597.31,3,0.51,2026-08-01 17:36:00,25.6,True
251169685847,cust_wClfySzy5Yl9no,1072.08,INR,card,607332,SBI,credit,False,,False,,False,,,,,,,,,False,125,4048.55,0,0.16,,,True
071863843728,cust_PgiI7DqZhmK5WI,2292.06,INR,card,508228,ICICI,debit,False,,False,,False,,,,,,,,,False,261,3949.14,2,0.36,,,True
281333450223,cust_PiN8SRMrTV5xQH,3729.48,INR,upi,,,,False,,False,,True,insufficient_funds,51,2026-08-04 09:00:00,Tuesday,4.0,True,3.0,3.0,False,235,3904.83,0,,2026-08-04 22:30:00,13.5,True
347233551916,cust_LJyBCh76yTSVLg,382.89,INR,upi,,,,False,,False,,False,,,,,,,,,False,694,2171.62,0,0.63,,,True
283956358474,cust_1L6e5fXvgDQJEr,583.72,INR,card,417612,Kotak,debit,False,,False,,True,insufficient_funds,51,2026-08-03 07:00:00,Monday,3.0,True,1.0,1.0,False,175,417.39,1,,2026-08-03 16:30:00,9.5,True
369261450418,cust_rf19FGrXuKuKb8,3026.87,INR,netbanking,,,,False,,False,,True,insufficient_funds,51,2026-08-15 22:00:00,Saturday,15.0,False,2.0,2.0,False,570,2660.72,0,0.16,2026-08-19 11:48:00,85.8,False
937312306537,cust_sJJUD5mpejWwTN,2101.52,INR,upi,,,,False,,False,,False,,,,,,,,,False,444,4629.71,0,0.33,,,True
528677536157,cust_MryrfL9knOIC95,407.28,INR,netbanking,,,,False,,True,5.8,False,,,,,,,,,False,53,505.17,0,,,,False
087293388543,cust_rSZUwrRJ2BufAz,226.01,INR,netbanking,,,,False,,False,,True,insufficient_funds,51,2026-07-19 09:00:00,Sunday,19.0,False,3.0,3.0,True,66,8016.02,1,,2026-07-19 15:30:00,6.5,False
594007164697,cust_aQ6hxwF2tD6p3G,1712.57,INR,card,417612,Kotak,credit,False,,False,,True,insufficient_funds,51,2026-08-01 22:00:00,Saturday,1.0,True,2.0,2.0,False,34,3416.54,3,0.68,2026-08-02 04:06:00,6.1,True
972976484065,cust_rjkvJRNWWS6Jnd,542.28,INR,upi,,,,False,,True,41.2,False,,,,,,,,,False,372,2517.05,1,0.15,,,True
389624892817,cust_yoWENSl8Gh90K7,2637.68,INR,card,400013,HDFC,debit,False,,False,,True,insufficient_funds,51,2026-06-17 14:00:00,Wednesday,17.0,False,1.0,1.0,False,245,9187.09,0,0.57,2026-06-17 20:42:00,6.7,True
551580660530,cust_rrK7gwsKHwQ2vB,396.39,INR,card,607332,SBI,debit,True,False,False,,False,,,,,,,,,False,19,3338.73,0,0.28,,,False
603314162944,cust_3K6YVt8gk0dHAf,1046.74,INR,card,524105,Axis,credit,False,,False,,True,insufficient_funds,51,2026-08-05 11:00:00,Wednesday,5.0,True,1.0,1.0,False,117,4372.02,0,,2026-08-05 12:18:00,1.3,False
131828653740,cust_YTVUKfHf4VtyyO,3396.66,INR,card,607331,SBI,debit,False,,False,,False,,,,,,,,,False,602,1122.18,0,0.32,,,True
522174728252,cust_FUzBK4RSIHGTBL,1330.57,INR,card,607331,SBI,credit,False,,False,,True,insufficient_funds,51,2026-06-29 03:00:00,Monday,29.0,True,5.0,5.0,True,980,7755.26,2,,2026-07-01 06:12:00,51.2,False
676126276979,cust_ArkW3KNh4uRifJ,1303.56,INR,card,508227,ICICI,debit,False,,False,,True,insufficient_funds,51,2026-06-19 09:00:00,Friday,19.0,False,3.0,3.0,True,228,8229.85,1,0.27,2026-06-21 17:48:00,56.8,False
030411253961,cust_TbDWAIy7feqZ0e,1173.6,INR,upi,,,,True,False,False,,False,,,,,,,,,False,134,5173.28,2,0.5,,,False
859092523540,cust_vrGIdO1R2ZLrwj,1740.18,INR,upi,,,,False,,False,,False,,,,,,,,,False,82,7649.03,0,,,,True
636374200612,cust_H7H1iWTsimoYUz,69.86,INR,upi,,,,False,,False,,True,insufficient_funds,51,2026-06-11 07:00:00,Thursday,11.0,False,1.0,1.0,False,280,1994.16,1,0.13,2026-06-13 02:00:00,43.0,False
529718627912,cust_YVXes4FPOW9dK0,774.51,INR,upi,,,,False,,False,,False,,,,,,,,,False,452,187.1,2,,,,True
620066634532,cust_SFjmhX2bIbT5sd,1486.99,INR,card,400012,HDFC,credit,False,,False,,False,,,,,,,,,False,97,1446.66,1,,,,True
842913989268,cust_RVZTCCDuNd4GL6,793.88,INR,upi,,,,True,True,False,,False,,,,,,,,,False,97,2249.1,2,0.38,,,True
367255770099,cust_nAIX6pQJytRM26,3129.3,INR,upi,,,,True,True,False,,False,,,,,,,,,False,396,1527.32,1,,,,False
338414017684,cust_7a41UQGoYvutkM,1420.39,INR,upi,,,,False,,False,,True,insufficient_funds,51,2026-06-07 21:00:00,Sunday,7.0,False,1.0,1.0,False,21,709.08,1,0.23,2026-06-11 09:54:00,84.9,False
174361776955,cust_UrR6yicTU8Zf9o,219.27,INR,wallet,,,,False,,False,,True,insufficient_funds,51,2026-08-01 04:00:00,Saturday,1.0,True,2.0,2.0,False,116,4770.78,1,0.46,2026-08-01 05:12:00,1.2,False
202724509984,cust_GSdUDtptDMIteN,322.39,INR,netbanking,,,,False,,True,79.0,False,,,,,,,,,False,369,2965.93,0,0.29,,,False
498144646797,cust_Z4ZisuILXiCzzS,1068.24,INR,upi,,,,False,,False,,False,,,,,,,,,False,291,2612.59,2,,,,True
711345611218,cust_1LE0dqL9eGboFI,530.57,INR,card,524105,Axis,debit,False,,False,,False,,,,,,,,,False,176,2546.57,1,0.2,,,True
699930957808,cust_RBjYDue4uvHQhu,1013.84,INR,card,607331,SBI,credit,False,,False,,True,insufficient_funds,51,2026-08-02 18:00:00,Sunday,2.0,True,1.0,1.0,False,94,1196.07,1,0.6,2026-08-03 04:48:00,10.8,False
497414578342,cust_2xOD1hEhFgFQiz,1546.3,INR,card,417612,Kotak,credit,False,,False,,False,,,,,,,,,False,41,2216.16,2,0.71,,,True
458347358904,cust_qb8paFAo4SFF09,4709.5,INR,card,607332,SBI,debit,False,,False,,True,insufficient_funds,51,2026-07-01 03:00:00,Wednesday,1.0,True,4.0,4.0,True,456,4437.12,0,,2026-07-02 04:30:00,25.5,False
050688443129,cust_Isw1UZoqbMnMV1,1539.25,INR,upi,,,,False,,False,,True,insufficient_funds,51,2026-07-25 10:00:00,Saturday,25.0,True,4.0,4.0,False,56,249.24,0,0.71,2026-07-25 22:18:00,12.3,True
070764093578,cust_ut5e9x3GfOjAr5,6299.55,INR,card,607331,SBI,credit,False,,False,,False,,,,,,,,,False,762,881.31,2,0.3,,,True
140760611172,cust_8h6H8L7QGatTlf,767.41,INR,card,607332,SBI,credit,True,False,False,,False,,,,,,,,,False,693,2122.16,2,,,,False
981429085286,cust_JmexI1h8wFFT5K,688.8,INR,upi,,,,False,,False,,True,insufficient_funds,51,2026-07-11 06:00:00,Saturday,11.0,False,1.0,1.0,False,405,1172.96,1,0.62,2026-07-11 21:06:00,15.1,True
153385752683,cust_JHXtDs8rPlrL9x,1463.68,INR,upi,,,,False,,False,,True,insufficient_funds,51,2026-08-26 14:00:00,Wednesday,26.0,True,1.0,1.0,False,1,692.71,1,,2026-08-27 04:00:00,14.0,True
666743996631,cust_lXNGFsbtXmXhQ2,2209.74,INR,upi,,,,False,,False,,True,insufficient_funds,51,2026-06-08 13:00:00,Monday,8.0,False,5.0,5.0,False,174,1779.85,1,,2026-06-08 22:24:00,9.4,True
310600674712,cust_6TW7I19PhH8wfd,759.26,INR,card,417612,Kotak,debit,False,,False,,True,insufficient_funds,51,2026-06-22 19:00:00,Monday,22.0,False,4.0,4.0,True,447,2290.25,1,0.64,2026-06-23 02:06:00,7.1,False
906293761689,cust_PiN8SRMrTV5xQH,224.89,INR,card,607332,SBI,credit,True,True,False,,False,,,,,,,,,False,235,3904.83,1,0.44,,,False
729937102052,cust_rAdIOqAry9aIEX,5025.17,INR,netbanking,,,,False,,False,,True,insufficient_funds,51,2026-08-04 03:00:00,Tuesday,4.0,True,1.0,1.0,False,351,2633.0,2,0.69,2026-08-04 09:42:00,6.7,False
169358513733,cust_LXWBqz8I5HZCQT,898.98,INR,upi,,,,False,,False,,False,,,,,,,,,False,304,3791.47,3,0.5,,,True
548799885399,cust_TxUiMNf1GPUdsd,1316.29,INR,card,417612,Kotak,debit,False,,False,,True,insufficient_funds,51,2026-07-23 04:00:00,Thursday,23.0,False,2.0,2.0,False,18,1289.61,0,0.27,2026-07-28 07:48:00,123.8,True
231828283738,cust_zNTUcUUGtW2yd0,2381.08,INR,wallet,,,,False,,False,,True,insufficient_funds,51,2026-06-08 00:00:00,Monday,8.0,False,4.0,4.0,True,168,778.12,2,0.46,2026-06-08 14:42:00,14.7,False
476588481356,cust_clAqoAd3pZ3rvh,2530.07,INR,upi,,,,False,,False,,False,,,,,,,,,False,103,10032.52,2,,,,True
405140128606,cust_OmOt7UtML9WEBH,2770.38,INR,card,524105,Axis,debit,True,True,False,,False,,,,,,,,,False,177,2680.78,1,0.18,,,False
372221364238,cust_UbPfcEruXu1YAH,302.15,INR,upi,,,,False,,False,,True,insufficient_funds,51,2026-07-06 17:00:00,Monday,6.0,False,1.0,1.0,False,15,1604.58,0,0.29,2026-07-08 22:30:00,53.5,True
077858156686,cust_C0pKWbm2FyLY7Q,5157.83,INR,upi,,,,True,False,False,,False,,,,,,,,,False,123,4105.56,0,,,,False
243612210904,cust_pQ9BZcuPcxIAz8,1311.19,INR,card,524105,Axis,credit,False,,False,,True,insufficient_funds,51,2026-06-16 06:00:00,Tuesday,16.0,False,1.0,1.0,False,354,3771.63,2,0.72,2026-06-17 23:24:00,41.4,True
274868719105,cust_brKNYUirrJ7AFJ,3440.5,INR,card,400013,HDFC,credit,True,False,False,,False,,,,,,,,,False,198,3481.5,0,0.18,,,False
567814770854,cust_G3Icpu6ZuJZGeZ,2906.09,INR,netbanking,,,,False,,False,,True,insufficient_funds,51,2026-07-16 13:00:00,Thursday,16.0,False,3.0,3.0,True,444,1312.63,1,0.27,2026-07-18 06:18:00,41.3,False
963607812174,cust_sGZ5zkvbo7IegD,681.32,INR,upi,,,,True,True,False,,False,,,,,,,,,False,21,1613.37,4,,,,False
789872422280,cust_GSdUDtptDMIteN,1592.77,INR,upi,,,,False,,False,,False,,,,,,,,,False,369,2965.93,0,,,,True
417642952570,cust_sYGt2QMwVRktFf,476.62,INR,netbanking,,,,True,False,False,,False,,,,,,,,,False,1021,4278.08,3,,,,False
694432109001,cust_ZOpVqS74BFXZRS,3470.63,INR,card,400012,HDFC,credit,False,,False,,True,insufficient_funds,51,2026-08-12 06:00:00,Wednesday,12.0,False,4.0,4.0,True,60,1126.33,0,,2026-08-14 14:42:00,56.7,False
086476621516,cust_TcJf4NW81fwLRK,728.59,INR,card,400012,HDFC,debit,False,,False,,False,,,,,,,,,False,140,1493.84,2,0.29,,,True
293998501585,cust_CezIwrFJbanEvc,2447.16,INR,netbanking,,,,False,,False,,False,,,,,,,,,False,249,4959.12,0,,,,True
922957434180,cust_lla6xcshhuCUZm,885.13,INR,card,607331,SBI,debit,False,,False,,False,,,,,,,,,False,204,1859.97,1,,,,True
432202312248,cust_9ALI8WqzWjC3UC,2537.3,INR,card,400013,HDFC,credit,True,False,False,,False,,,,,,,,,False,161,3212.13,0,0.18,,,False
118757230520,cust_ISs7zptxx0mRup,957.66,INR,wallet,,,,False,,False,,False,,,,,,,,,False,492,1916.13,0,,,,True
451252469356,cust_k6NdCJLEB0PLeo,1659.78,INR,upi,,,,False,,False,,False,,,,,,,,,False,147,8140.29,2,,,,True
817413811999,cust_OREOGRnWWMQ6ol,1050.42,INR,upi,,,,False,,False,,True,insufficient_funds,51,2026-07-25 10:00:00,Saturday,25.0,True,1.0,1.0,False,183,1320.31,2,0.65,2026-07-25 11:24:00,1.4,True
862021284149,cust_89DkxPzi0N7cJG,1560.63,INR,card,417612,Kotak,debit,False,,False,,True,insufficient_funds,51,2026-08-07 10:00:00,Friday,7.0,False,4.0,4.0,True,54,1281.94,0,0.16,2026-08-09 07:24:00,45.4,False
822966544230,cust_ohNkyAxrVJ7UFF,732.46,INR,upi,,,,False,,False,,False,,,,,,,,,False,7,5011.83,1,0.24,,,True
916365714295,cust_yWmodZL97yBWCy,1662.08,INR,netbanking,,,,True,False,False,,False,,,,,,,,,False,267,8367.44,1,0.16,,,False
731057565701,cust_2CmPSZiDRIM2gn,595.18,INR,upi,,,,True,False,False,,False,,,,,,,,,False,245,2028.72,0,0.79,,,True
625485270229,cust_VqYAwlEpmU96ut,9918.47,INR,card,607331,SBI,debit,False,,False,,True,insufficient_funds,51,2026-07-19 09:00:00,Sunday,19.0,False,2.0,2.0,False,142,1325.82,0,0.59,2026-07-21 22:54:00,61.9,False
267746288622,cust_CynproQcqPl70A,1530.46,INR,upi,,,,False,,False,,True,insufficient_funds,51,2026-06-20 03:00:00,Saturday,20.0,False,1.0,1.0,False,133,6665.41,4,,2026-06-22 01:42:00,46.7,True
898006694111,cust_wReI1l9RpZZJRQ,1567.98,INR,card,524105,Axis,debit,False,,False,,False,,,,,,,,,False,189,1499.34,2,0.55,,,True
342504809365,cust_R3yelmYrbpNnH3,337.11,INR,netbanking,,,,False,,True,30.6,False,,,,,,,,,False,340,5289.17,0,,,,False
903198641263,cust_ERnhU9gclGr0ov,1148.81,INR,card,524104,Axis,credit,False,,False,,False,,,,,,,,,False,28,1257.48,2,0.15,,,True
192074534399,cust_gqAnqxWr2p1uYt,534.71,INR,card,607332,SBI,credit,False,,False,,True,insufficient_funds,51,2026-06-13 05:00:00,Saturday,13.0,False,1.0,1.0,False,527,1122.12,1,0.33,2026-06-14 01:42:00,20.7,False
974318233409,cust_7YsEqmGv0lH8wV,1440.07,INR,card,417612,Kotak,credit,False,,False,,True,insufficient_funds,51,2026-06-08 15:00:00,Monday,8.0,False,1.0,1.0,False,441,1906.07,1,0.23,2026-06-09 01:42:00,10.7,True
827992279806,cust_4UueEiP6Iy0KBG,88.67,INR,netbanking,,,,True,False,False,,False,,,,,,,,,False,243,3462.61,1,0.49,,,False
303891501494,cust_bmSkjWTaAPNtb0,792.5,INR,card,400012,HDFC,debit,False,,False,,True,insufficient_funds,51,2026-06-17 06:00:00,Wednesday,17.0,False,1.0,1.0,False,339,5600.48,1,,2026-06-19 06:48:00,48.8,True
550897032007,cust_3rZm4usruPt6z2,2115.54,INR,upi,,,,False,,False,,False,,,,,,,,,False,177,2705.7,0,0.65,,,True
961953883872,cust_CrPm8z159ned2u,2097.58,INR,card,400013,HDFC,debit,False,,False,,False,,,,,,,,,False,203,5626.3,1,0.2,,,True
235823378282,cust_Wcp2KLYUJ9bVT9,2265.54,INR,wallet,,,,False,,False,,False,,,,,,,,,False,155,1022.58,1,0.26,,,True
248714634652,cust_Cq1jCsDsQPq1Vs,2929.79,INR,wallet,,,,True,False,False,,False,,,,,,,,,False,340,5084.14,1,0.49,,,True
311710549124,cust_Wxq7IlwCEwWXjl,3299.48,INR,card,508228,ICICI,debit,False,,False,,False,,,,,,,,,False,136,8061.82,1,0.61,,,True
696361886921,cust_yKbZpObRubhTyd,717.8,INR,card,417612,Kotak,debit,False,,False,,False,,,,,,,,,False,690,4474.65,1,0.13,,,True
853907762103,cust_mLhwUDx2082MFd,1842.7,INR,card,417612,Kotak,credit,False,,False,,True,insufficient_funds,51,2026-08-22 05:00:00,Saturday,22.0,False,2.0,2.0,False,234,1039.45,2,,2026-08-23 07:54:00,26.9,False
808257896943,cust_bfbAKyQCddF00X,776.95,INR,card,524105,Axis,credit,False,,False,,False,,,,,,,,,False,575,1493.4,0,,,,True
232159782573,cust_zDqCqD0O4MvWzP,3168.21,INR,card,417612,Kotak,debit,False,,False,,True,insufficient_funds,51,2026-06-26 15:00:00,Friday,26.0,True,1.0,1.0,False,70,1355.01,2,,2026-06-27 12:06:00,21.1,False
884889413053,cust_HNUkONEnO41EOp,2405.85,INR,upi,,,,False,,False,,True,insufficient_funds,51,2026-08-03 15:00:00,Monday,3.0,True,2.0,2.0,False,443,4378.82,0,,2026-08-03 21:06:00,6.1,False
446953196291,cust_XstXni1yNHFFt6,4311.86,INR,card,400014,HDFC,debit,False,,False,,False,,,,,,,,,False,71,5235.11,2,0.46,,,True
414187767861,cust_XmpmdeAiAgR8By,3373.54,INR,netbanking,,,,False,,False,,False,,,,,,,,,False,181,3452.56,2,0.26,,,True
544380732603,cust_bYMXyFK4sHuHel,3897.6,INR,card,400014,HDFC,credit,False,,False,,False,,,,,,,,,False,375,2531.16,1,0.27,,,True
159262450571,cust_aBxwZvhJoFijVn,2012.9,INR,netbanking,,,,False,,False,,False,,,,,,,,,False,95,2338.85,1,0.93,,,True
200010270454,cust_X3thTnZjX8vJp3,1020.09,INR,upi,,,,False,,False,,False,,,,,,,,,False,352,328.16,0,0.57,,,True
546491451313,cust_zW69cRXg7yxIPn,263.28,INR,card,400013,HDFC,credit,False,,False,,False,,,,,,,,,False,475,5433.34,2,0.54,,,True
405402367385,cust_YzpEzftFbRMfKu,657.72,INR,card,524105,Axis,debit,False,,False,,False,,,,,,,,,False,236,260.55,1,,,,True
804819711752,cust_rZHBUxmz5F0Pkg,1125.91,INR,card,400012,HDFC,debit,False,,False,,False,,,,,,,,,False,682,2595.14,3,0.26,,,True
789757717945,cust_cvsJ5PA1vfBfDI,1223.48,INR,netbanking,,,,False,,True,4.1,False,,,,,,,,,False,161,945.6,1,0.34,,,True
092308748573,cust_m4m6hmhxP8Ymb5,711.13,INR,card,508228,ICICI,credit,False,,False,,True,insufficient_funds,51,2026-06-10 06:00:00,Wednesday,10.0,False,3.0,3.0,True,157,6882.82,2,,2026-06-12 11:12:00,53.2,False
141848138753,cust_1UJ3A1IIPKoBAw,3784.15,INR,wallet,,,,False,,False,,False,,,,,,,,,False,292,439.48,0,0.76,,,True
791786798253,cust_2I51xLddGYnhxJ,2362.63,INR,netbanking,,,,True,True,False,,False,,,,,,,,,False,91,2502.15,3,0.17,,,False
690829612911,cust_uO9CTw0NZAH1w6,1562.85,INR,upi,,,,False,,True,36.1,False,,,,,,,,,False,123,5000.18,1,,,,False
249891146660,cust_GMLrstQRODj0JW,1388.27,INR,upi,,,,False,,False,,False,,,,,,,,,False,19,5680.72,1,,,,True
447825154096,cust_E11mfcix3byoTd,1048.58,INR,netbanking,,,,False,,False,,True,insufficient_funds,51,2026-06-11 16:00:00,Thursday,11.0,False,3.0,3.0,True,197,1438.25,0,0.27,2026-06-12 09:18:00,17.3,False
862694874501,cust_PgiI7DqZhmK5WI,1277.89,INR,netbanking,,,,True,True,False,,False,,,,,,,,,False,261,3949.14,2,0.36,,,True
360907492932,cust_B3f1rocZVhgvHK,1083.5,INR,upi,,,,False,,True,14.9,False,,,,,,,,,False,424,5146.86,0,0.71,,,False
879349286111,cust_j55m8A7UqijALG,1258.3,INR,upi,,,,True,True,False,,False,,,,,,,,,False,442,633.44,1,0.1,,,False
285871714392,cust_gXJm4fsJzTjeux,601.75,INR,upi,,,,False,,False,,True,insufficient_funds,51,2026-08-05 05:00:00,Wednesday,5.0,True,2.0,2.0,False,337,491.47,2,0.1,2026-08-05 17:42:00,12.7,False
187724366177,cust_CwdkXFJFm59mDn,2578.86,INR,upi,,,,False,,False,,True,insufficient_funds,51,2026-08-27 02:00:00,Thursday,27.0,True,1.0,1.0,False,35,2677.52,1,,2026-08-27 07:00:00,5.0,True
824785395592,cust_FTZKmUBDYTZUXz,2692.46,INR,card,607331,SBI,debit,False,,False,,True,insufficient_funds,51,2026-07-21 00:00:00,Tuesday,21.0,False,1.0,1.0,False,176,979.95,0,0.06,2026-07-25 02:24:00,98.4,False
348975978763,cust_Wi5PBH17MjoKwW,462.2,INR,upi,,,,False,,False,,True,insufficient_funds,51,2026-08-24 13:00:00,Monday,24.0,False,4.0,4.0,True,128,2106.48,1,0.42,2026-08-28 02:48:00,85.8,False
998602843703,cust_c584Hn7x25KGsc,639.39,INR,upi,,,,False,,False,,True,insufficient_funds,51,2026-07-19 20:00:00,Sunday,19.0,False,1.0,1.0,False,260,5302.7,1,0.93,2026-07-20 05:12:00,9.2,True
098107568236,cust_t8kg9SSN1ByqRi,1031.91,INR,upi,,,,False,,False,,True,insufficient_funds,51,2026-08-23 03:00:00,Sunday,23.0,False,1.0,1.0,False,133,1183.3,0,0.21,2026-08-30 13:54:00,178.9,False
158935026833,cust_JZhmJid8q48pJb,2020.42,INR,netbanking,,,,False,,False,,False,,,,,,,,,False,211,933.82,2,,,,True
671830950052,cust_DMZzoPlZHLPzci,1917.38,INR,card,508228,ICICI,credit,False,,False,,True,insufficient_funds,51,2026-06-14 07:00:00,Sunday,14.0,False,1.0,1.0,False,48,4624.09,0,0.67,2026-06-17 16:36:00,81.6,True
276351665853,cust_H3skUMpUwUGt1X,2061.57,INR,netbanking,,,,True,True,False,,False,,,,,,,,,False,53,3705.09,7,0.28,,,True
884260274258,cust_cS1R4OTgOFDow7,1176.32,INR,wallet,,,,False,,False,,False,,,,,,,,,False,416,10226.19,2,0.38,,,True
229172503923,cust_vA4olAPxS7naXV,5137.58,INR,card,508227,ICICI,debit,False,,False,,True,insufficient_funds,51,2026-07-18 00:00:00,Saturday,18.0,False,2.0,2.0,False,1032,4967.42,0,0.29,2026-07-18 20:36:00,20.6,False
437678983242,cust_8iA63WIEcUT7cc,1720.32,INR,card,607331,SBI,credit,False,,False,,False,,,,,,,,,False,23,565.03,1,0.48,,,True
813845951736,cust_hZLWumvMi5brH8,1354.1,INR,upi,,,,False,,False,,False,,,,,,,,,False,300,387.78,2,0.22,,,True
910166178432,cust_HR9Eukj1mdrHfj,1303.96,INR,upi,,,,True,False,False,,False,,,,,,,,,False,193,5324.18,0,0.31,,,False
803753175825,cust_6FT8KDvon3Dnso,485.46,INR,netbanking,,,,True,False,False,,False,,,,,,,,,False,52,821.98,1,0.33,,,False
707613313683,cust_RBhbpFfMTl64WJ,1443.66,INR,upi,,,,False,,False,,True,insufficient_funds,51,2026-06-14 20:00:00,Sunday,14.0,False,1.0,1.0,False,140,2155.48,2,0.16,2026-06-15 16:54:00,20.9,False
862133588197,cust_kU39V3WL64ZOtI,1457.02,INR,card,607331,SBI,credit,False,,False,,True,insufficient_funds,51,2026-06-06 10:00:00,Saturday,6.0,False,5.0,5.0,True,154,1535.91,1,0.69,2026-06-11 22:54:00,132.9,False
225488610432,cust_1DS7IQXJVZEgET,511.09,INR,netbanking,,,,True,True,False,,False,,,,,,,,,False,183,1528.54,1,,,,True
440366365599,cust_9yAErgotKXrML6,214.04,INR,upi,,,,False,,True,39.2,False,,,,,,,,,False,163,2431.26,1,0.08,,,True
793192426210,cust_7DwEdL0yzHvPvb,513.52,INR,card,524104,Axis,credit,True,False,False,,False,,,,,,,,,False,97,3082.63,1,0.46,,,False
667516412670,cust_uIXXKBqy5kL386,1861.48,INR,netbanking,,,,True,False,False,,False,,,,,,,,,False,123,1831.01,1,0.84,,,False
738356695975,cust_ubjamDSNzkusWu,765.93,INR,netbanking,,,,False,,True,1.0,False,,,,,,,,,False,226,254.2,1,0.68,,,False
248209036530,cust_naR8qPzztgcEXJ,2220.17,INR,upi,,,,True,True,False,,False,,,,,,,,,False,34,1135.21,0,,,,True
153677741675,cust_XXv4joJ1LsaTvb,548.66,INR,card,400013,HDFC,credit,False,,False,,False,,,,,,,,,False,20,1206.42,2,,,,True
318872690656,cust_a9ULpN2xzKKZGU,530.66,INR,card,508227,ICICI,debit,False,,False,,False,,,,,,,,,False,62,1242.73,2,,,,True
423684491888,cust_PbRMKyyLknpMy3,1534.45,INR,netbanking,,,,True,True,False,,False,,,,,,,,,False,113,2392.86,1,0.74,,,False
502782787137,cust_uO9CTw0NZAH1w6,723.47,INR,upi,,,,False,,False,,True,insufficient_funds,51,2026-07-30 09:00:00,Thursday,30.0,True,1.0,1.0,False,123,5000.18,1,0.02,2026-07-30 20:24:00,11.4,True
840919349403,cust_fwfkVNzCtX9EE6,1432.49,INR,card,607331,SBI,credit,False,,False,,False,,,,,,,,,False,299,2672.23,0,0.12,,,True
005438239486,cust_SMkvCBMK2sViLB,957.33,INR,card,607331,SBI,credit,False,,False,,False,,,,,,,,,False,335,865.63,1,,,,True
142837308560,cust_NTwF2yS8YVuu1C,1944.57,INR,upi,,,,False,,True,17.7,False,,,,,,,,,False,466,2634.25,1,0.15,,,False
328126610058,cust_MkqyXiSZXGNRDd,260.03,INR,netbanking,,,,False,,False,,False,,,,,,,,,False,17,645.25,1,0.1,,,True
164603050747,cust_6YGSIJ6x7oK8r5,3108.69,INR,upi,,,,False,,False,,True,insufficient_funds,51,2026-07-04 20:00:00,Saturday,4.0,True,3.0,3.0,True,572,4500.63,0,,2026-07-05 00:54:00,4.9,False
944871150152,cust_RmCXCaBlAQPVVW,1613.87,INR,card,417612,Kotak,credit,False,,False,,False,,,,,,,,,False,74,1106.26,1,0.6,,,True
709228742221,cust_xXAdzfNUotfg39,768.21,INR,upi,,,,False,,False,,True,insufficient_funds,51,2026-07-29 17:00:00,Wednesday,29.0,True,1.0,1.0,False,649,630.5,1,,2026-07-30 03:12:00,10.2,True
418324608837,cust_7KiiDV1JqEsj6t,1243.51,INR,upi,,,,False,,False,,True,insufficient_funds,51,2026-07-27 01:00:00,Monday,27.0,True,1.0,1.0,False,28,7386.58,1,0.48,2026-07-27 05:12:00,4.2,True
335447264589,cust_kUHIZrib5CG0lw,836.16,INR,card,508228,ICICI,debit,False,,False,,False,,,,,,,,,False,408,2922.18,2,0.24,,,True
120494653374,cust_JmexI1h8wFFT5K,1688.5,INR,card,607331,SBI,debit,True,True,False,,False,,,,,,,,,False,405,1172.96,1,0.62,,,True
589296113354,cust_7y8AL55c9kRjMD,4167.28,INR,card,400013,HDFC,debit,True,False,False,,False,,,,,,,,,False,704,3645.22,0,0.15,,,False
200363563454,cust_be0w0hRC9YOuF0,3369.42,INR,upi,,,,False,,False,,False,,,,,,,,,False,564,2163.12,0,0.25,,,True
728031765696,cust_USyqRr99ut4ASy,7266.75,INR,netbanking,,,,False,,False,,False,,,,,,,,,False,143,1043.22,0,0.79,,,True
047817964837,cust_JMlvoKveuvb5in,2162.97,INR,netbanking,,,,False,,False,,False,,,,,,,,,False,245,460.46,0,0.61,,,True
868829464308,cust_MkqyXiSZXGNRDd,1626.19,INR,card,524105,Axis,debit,True,True,False,,False,,,,,,,,,False,17,645.25,0,0.1,,,False
775900690737,cust_WiDryW11OrYTXX,670.17,INR,upi,,,,False,,False,,True,insufficient_funds,51,2026-07-09 15:00:00,Thursday,9.0,False,3.0,3.0,True,97,4750.64,1,,2026-07-10 15:00:00,24.0,False
694698926439,cust_5uHCaq9I144VYi,1688.57,INR,card,524105,Axis,credit,False,,False,,True,insufficient_funds,51,2026-06-24 16:00:00,Wednesday,24.0,False,2.0,2.0,False,743,795.22,1,0.27,2026-06-25 03:00:00,11.0,False
557645935747,cust_Cq1jCsDsQPq1Vs,1250.43,INR,upi,,,,True,True,False,,False,,,,,,,,,False,340,5084.14,2,,,,True
502549846695,cust_urTBZeOc6NSGww,543.96,INR,upi,,,,True,True,False,,False,,,,,,,,,False,12,2937.52,3,0.63,,,False
653089772145,cust_t28DjPPtqoPqcC,681.07,INR,card,417612,Kotak,debit,False,,False,,True,insufficient_funds,51,2026-06-06 18:00:00,Saturday,6.0,False,4.0,4.0,True,417,2471.67,3,,2026-06-09 01:36:00,55.6,False
029936989207,cust_08ymnB5zQLrTVA,740.07,INR,upi,,,,False,,False,,False,,,,,,,,,False,228,3152.47,0,0.93,,,True
930821564076,cust_IgjLSXX1wtiaeD,1269.65,INR,card,400012,HDFC,credit,False,,False,,True,insufficient_funds,51,2026-07-13 20:00:00,Monday,13.0,False,5.0,5.0,True,480,1449.87,0,0.39,2026-07-16 07:48:00,59.8,False
796174335440,cust_m4m6hmhxP8Ymb5,453.81,INR,card,417612,Kotak,debit,False,,False,,False,,,,,,,,,False,157,6882.82,1,0.44,,,True
168364022831,cust_5LDQCHYzHigAmQ,3544.02,INR,upi,,,,False,,False,,True,insufficient_funds,51,2026-07-13 23:00:00,Monday,13.0,False,2.0,2.0,False,214,352.33,1,0.09,2026-07-20 22:06:00,167.1,False
638687390890,cust_gjo8TtOQSFi2ot,4234.66,INR,upi,,,,False,,False,,False,,,,,,,,,False,355,3182.42,1,0.09,,,True
007829427124,cust_YC1BbZ1TPHGKIP,632.21,INR,card,508228,ICICI,debit,False,,False,,True,insufficient_funds,51,2026-07-02 05:00:00,Thursday,2.0,True,2.0,2.0,False,614,1134.62,0,0.63,2026-07-02 06:54:00,1.9,False
326158838774,cust_6KDuie27aftdf9,225.35,INR,upi,,,,False,,False,,False,,,,,,,,,False,292,2861.79,3,0.43,,,True
961011851789,cust_ePt8WuM7n72q3b,2419.1,INR,wallet,,,,False,,False,,True,insufficient_funds,51,2026-07-04 08:00:00,Saturday,4.0,True,1.0,1.0,False,23,1555.6,3,0.22,2026-07-04 09:12:00,1.2,True
745222089586,cust_8PbCc9QxMvhTYV,735.33,INR,upi,,,,False,,True,17.0,False,,,,,,,,,False,180,3029.61,1,,,,False
936342493694,cust_kxHDth1iYosyDL,507.13,INR,card,508228,ICICI,credit,False,,False,,True,insufficient_funds,51,2026-08-13 08:00:00,Thursday,13.0,False,4.0,4.0,True,64,452.68,0,,2026-08-25 07:54:00,287.9,False
640841551687,cust_AOwx67HbHvwcHp,492.1,INR,card,417612,Kotak,credit,True,True,False,,False,,,,,,,,,False,20,3145.79,1,0.64,,,True
601487731589,cust_nBRNtp3FaBNfBM,1084.87,INR,upi,,,,False,,False,,False,,,,,,,,,False,141,905.84,2,0.4,,,True
064609949835,cust_bbSKeUUtphVk7x,2762.16,INR,card,607332,SBI,credit,False,,False,,False,,,,,,,,,False,113,1267.55,1,0.62,,,True
611251595064,cust_0IgzAZJE8TLrhU,4211.17,INR,wallet,,,,False,,False,,False,,,,,,,,,False,435,1668.36,0,0.62,,,True
743837882529,cust_qxow1oRoWHFepf,4032.2,INR,card,524104,Axis,debit,False,,False,,False,,,,,,,,,False,113,5070.38,3,,,,True
119321432770,cust_yWmodZL97yBWCy,2357.13,INR,netbanking,,,,False,,False,,False,,,,,,,,,False,267,8367.44,0,0.16,,,True
396407194164,cust_OyLZW45y4r0Ggp,305.97,INR,card,524104,Axis,debit,False,,False,,False,,,,,,,,,False,486,2391.16,2,0.67,,,True
400258572662,cust_8TNBUDRszknUY5,1338.39,INR,upi,,,,False,,False,,True,insufficient_funds,51,2026-07-28 02:00:00,Tuesday,28.0,True,3.0,3.0,True,154,9379.16,0,,2026-07-28 22:48:00,20.8,False
667727721144,cust_1L6e5fXvgDQJEr,785.09,INR,card,417612,Kotak,credit,False,,False,,False,,,,,,,,,False,175,417.39,1,0.52,,,True
592845931134,cust_qYSHAGA81Moobm,2240.82,INR,upi,,,,False,,False,,False,,,,,,,,,False,251,2907.24,2,,,,True
926155359501,cust_HR9Eukj1mdrHfj,857.73,INR,netbanking,,,,False,,False,,True,insufficient_funds,51,2026-08-07 21:00:00,Friday,7.0,False,2.0,2.0,False,193,5324.18,3,0.31,2026-08-11 01:06:00,76.1,False
197703174610,cust_njovZnemR7dxqS,890.06,INR,card,417612,Kotak,credit,False,,False,,True,insufficient_funds,51,2026-07-27 09:00:00,Monday,27.0,True,4.0,4.0,True,126,1369.06,3,0.29,2026-07-27 16:54:00,7.9,False
854477450635,cust_H6AyzVZqZwhUBw,2371.31,INR,netbanking,,,,False,,False,,False,,,,,,,,,False,314,10850.57,1,,,,True
578202404911,cust_qYSHAGA81Moobm,1851.68,INR,card,607332,SBI,credit,True,False,False,,False,,,,,,,,,False,251,2907.24,3,,,,True
135266870134,cust_1uAEiMLZQXkneo,5871.14,INR,wallet,,,,False,,False,,True,insufficient_funds,51,2026-07-01 03:00:00,Wednesday,1.0,True,3.0,3.0,False,297,1951.28,2,0.67,2026-07-01 15:30:00,12.5,True
148537865045,cust_MryrfL9knOIC95,2004.57,INR,netbanking,,,,False,,False,,True,insufficient_funds,51,2026-06-16 19:00:00,Tuesday,16.0,False,1.0,1.0,False,53,505.17,3,0.43,2026-06-23 09:42:00,158.7,True
573770655467,cust_i5JCWIWkOyFY4t,2590.43,INR,upi,,,,False,,True,70.5,False,,,,,,,,,False,23,741.28,3,0.68,,,False
968303863773,cust_k6NdCJLEB0PLeo,2651.36,INR,card,508228,ICICI,credit,True,True,False,,False,,,,,,,,,False,147,8140.29,2,0.91,,,False
232510496411,cust_BGilS9vvrgC6Tk,2396.18,INR,card,417612,Kotak,credit,False,,False,,True,insufficient_funds,51,2026-07-26 23:00:00,Sunday,26.0,True,1.0,1.0,False,15,3172.21,1,0.06,2026-07-27 07:30:00,8.5,True
920104308889,cust_MwzLoePeQjhJlP,1066.33,INR,upi,,,,False,,False,,False,,,,,,,,,False,24,3440.39,3,0.47,,,True
662503225661,cust_GOXiyvHNmiEo46,4023.81,INR,upi,,,,False,,False,,True,insufficient_funds,51,2026-06-24 07:00:00,Wednesday,24.0,False,4.0,4.0,False,142,3920.15,1,0.37,2026-06-28 21:18:00,110.3,True
819030067603,cust_qzYh54tef4Ezn2,1863.28,INR,netbanking,,,,False,,False,,True,insufficient_funds,51,2026-07-05 09:00:00,Sunday,5.0,True,1.0,1.0,False,739,3025.53,0,,2026-07-06 10:06:00,25.1,False
358811239321,cust_J25QxnPzhAVlWF,993.91,INR,upi,,,,False,,False,,True,insufficient_funds,51,2026-08-03 09:00:00,Monday,3.0,True,1.0,1.0,False,283,5444.1,1,,2026-08-04 18:36:00,33.6,True
562067569452,cust_TlaqVC1V9R86En,733.93,INR,card,400013,HDFC,credit,False,,False,,False,,,,,,,,,False,181,7324.94,1,,,,True
550076430882,cust_vA4olAPxS7naXV,544.72,INR,upi,,,,False,,False,,True,insufficient_funds,51,2026-06-08 06:00:00,Monday,8.0,False,1.0,1.0,False,1032,4967.42,0,,2026-06-09 12:00:00,30.0,True
018275141037,cust_CH2zu5R2mvQT3T,1139.14,INR,netbanking,,,,False,,False,,True,insufficient_funds,51,2026-06-12 05:00:00,Friday,12.0,False,1.0,1.0,False,36,562.63,0,0.59,2026-06-22 17:48:00,252.8,False
121495655159,cust_Qwca79isJS8jhu,886.85,INR,upi,,,,True,False,False,,False,,,,,,,,,False,115,2855.6,1,0.57,,,True
123033851106,cust_QQb9R4eH0c3bFq,772.26,INR,card,524105,Axis,credit,False,,False,,False,,,,,,,,,False,685,1545.53,2,,,,True
365529529833,cust_N1DfRytTlpTSIo,3038.95,INR,upi,,,,False,,False,,True,insufficient_funds,51,2026-08-21 13:00:00,Friday,21.0,False,2.0,2.0,False,523,6039.84,1,,2026-08-25 09:48:00,92.8,True
148092450310,cust_zW69cRXg7yxIPn,2407.47,INR,netbanking,,,,False,,False,,True,insufficient_funds,51,2026-08-14 10:00:00,Friday,14.0,False,1.0,1.0,False,475,5433.34,0,,2026-08-15 11:54:00,25.9,True
306368381877,cust_DMZzoPlZHLPzci,1560.62,INR,netbanking,,,,False,,False,,False,,,,,,,,,False,48,4624.09,1,,,,True
033388803053,cust_DdJViOm5Ry1kSm,250.71,INR,upi,,,,False,,False,,False,,,,,,,,,False,285,1259.92,1,,,,True
448285959324,cust_nh7t1ciGEQg9w0,1951.09,INR,netbanking,,,,False,,False,,True,insufficient_funds,51,2026-08-25 22:00:00,Tuesday,25.0,True,3.0,3.0,False,289,740.79,2,0.4,2026-08-25 22:06:00,0.1,True
018077798011,cust_jZ0km38ur8xQW3,1639.27,INR,netbanking,,,,False,,False,,True,insufficient_funds,51,2026-06-14 01:00:00,Sunday,14.0,False,5.0,5.0,True,171,1917.61,1,0.15,2026-06-15 15:42:00,38.7,False
207816200604,cust_VQ9X3Gck2qxvNG,2977.59,INR,upi,,,,False,,True,60.4,False,,,,,,,,,False,512,2657.28,1,,,,True
141657970950,cust_OoWF0fnw5GECMM,1361.58,INR,card,508227,ICICI,credit,True,True,False,,False,,,,,,,,,False,152,5718.42,0,,,,False
570321852133,cust_RaWUWT5NB63wB9,1135.4,INR,card,524104,Axis,credit,False,,False,,True,insufficient_funds,51,2026-08-29 08:00:00,Saturday,29.0,True,1.0,1.0,False,176,1569.38,0,0.35,2026-08-29 09:36:00,1.6,False
900356962143,cust_q6XvjgYoPHteXi,850.6,INR,netbanking,,,,False,,False,,False,,,,,,,,,False,1731,911.12,1,0.24,,,True
826979416949,cust_8oRB0UPh4pPqsl,377.17,INR,upi,,,,False,,False,,True,insufficient_funds,51,2026-06-12 06:00:00,Friday,12.0,False,5.0,5.0,False,123,2719.92,1,0.71,2026-06-15 16:42:00,82.7,True
712558376712,cust_LJyBCh76yTSVLg,1954.33,INR,card,524105,Axis,credit,False,,False,,False,,,,,,,,,False,694,2171.62,2,0.63,,,True
100894134527,cust_TcJf4NW81fwLRK,1286.25,INR,card,417612,Kotak,credit,False,,False,,False,,,,,,,,,False,140,1493.84,1,0.29,,,True
944686062972,cust_y0853SIub2Wf5j,407.07,INR,card,417612,Kotak,debit,False,,False,,True,insufficient_funds,51,2026-08-01 18:00:00,Saturday,1.0,True,2.0,2.0,False,114,3831.41,1,0.51,2026-08-01 20:54:00,2.9,False
395365338522,cust_rdS4OTEL3IAdUL,2619.88,INR,upi,,,,False,,False,,False,,,,,,,,,False,96,284.78,2,,,,True
032036093114,cust_B52zTD26FeEvvH,1294.09,INR,card,524105,Axis,credit,False,,False,,True,insufficient_funds,51,2026-07-01 15:00:00,Wednesday,1.0,True,1.0,1.0,False,597,1476.57,3,0.32,2026-07-02 08:30:00,17.5,False
139511178743,cust_bYMXyFK4sHuHel,872.83,INR,upi,,,,False,,False,,True,insufficient_funds,51,2026-07-23 19:00:00,Thursday,23.0,False,2.0,2.0,False,375,2531.16,0,0.27,2026-07-23 23:00:00,4.0,False
835659861676,cust_1DS7IQXJVZEgET,2374.31,INR,card,524105,Axis,credit,True,True,False,,False,,,,,,,,,False,183,1528.54,2,0.53,,,False
404616144458,cust_DHJKUrV630PniH,353.41,INR,card,524104,Axis,credit,False,,False,,True,insufficient_funds,51,2026-08-12 22:00:00,Wednesday,12.0,False,3.0,3.0,True,82,2062.89,0,0.37,2026-08-14 08:42:00,34.7,False
230033086231,cust_R3yelmYrbpNnH3,2411.53,INR,card,524105,Axis,debit,False,,False,,False,,,,,,,,,False,340,5289.17,0,0.31,,,True
047608629339,cust_AOwx67HbHvwcHp,1553.9,INR,upi,,,,False,,False,,True,insufficient_funds,51,2026-08-18 15:00:00,Tuesday,18.0,False,1.0,1.0,False,20,3145.79,0,0.64,2026-08-19 03:24:00,12.4,True
310362916208,cust_m4WqcAIUqqsrtP,946.45,INR,card,417612,Kotak,debit,True,True,False,,False,,,,,,,,,False,57,6267.4,0,0.45,,,False
702650013662,cust_j5wgIU7VmZC0JF,63.44,INR,card,524105,Axis,debit,True,True,False,,False,,,,,,,,,False,358,4288.67,0,0.31,,,True
286375830813,cust_LbiZBVFlUXSYF3,2948.53,INR,netbanking,,,,False,,False,,False,,,,,,,,,False,357,1657.45,1,,,,True
552583558796,cust_DJiS9HvlxNgbb1,665.08,INR,netbanking,,,,True,False,False,,False,,,,,,,,,False,846,2619.79,1,0.81,,,False
640392326303,cust_sGZ5zkvbo7IegD,2852.01,INR,upi,,,,False,,False,,False,,,,,,,,,False,21,1613.37,0,0.37,,,True
658420482984,cust_8fym23yBiRJ3oF,1321.24,INR,card,417612,Kotak,credit,False,,False,,True,insufficient_funds,51,2026-06-27 06:00:00,Saturday,27.0,True,4.0,4.0,True,403,5213.56,2,,2026-06-27 08:36:00,2.6,False
632293052228,cust_1yArGbBMhMgQdt,1094.87,INR,card,607332,SBI,debit,False,,False,,True,insufficient_funds,51,2026-07-22 23:00:00,Wednesday,22.0,False,4.0,4.0,True,904,962.59,1,0.63,2026-07-27 17:00:00,114.0,False
077895878063,cust_PgiI7DqZhmK5WI,1315.26,INR,card,417612,Kotak,credit,False,,False,,True,insufficient_funds,51,2026-07-01 05:00:00,Wednesday,1.0,True,2.0,2.0,False,261,3949.14,0,0.36,2026-07-01 14:54:00,9.9,True
876644870629,cust_naR8qPzztgcEXJ,364.53,INR,card,400014,HDFC,debit,False,,False,,False,,,,,,,,,False,34,1135.21,1,,,,True
744799132840,cust_t1uiOwxRp5Y78T,3867.64,INR,upi,,,,False,,False,,False,,,,,,,,,False,160,4690.8,3,0.25,,,True
661528665593,cust_FkFoFJ3pkxla4J,2461.34,INR,upi,,,,False,,True,26.8,False,,,,,,,,,False,211,3149.03,0,0.3,,,False
104835643318,cust_mSKjptZJPasWsg,1184.74,INR,upi,,,,False,,False,,False,,,,,,,,,False,23,3792.72,1,,,,True
634544342701,cust_sid1U7A67H9dPl,1068.24,INR,card,524105,Axis,credit,False,,False,,False,,,,,,,,,False,288,2548.02,1,0.23,,,True
766202583677,cust_ArkW3KNh4uRifJ,909.55,INR,card,524104,Axis,credit,False,,False,,False,,,,,,,,,False,228,8229.85,1,0.27,,,True
895118261327,cust_zS5DZLplqkwKcj,3161.28,INR,wallet,,,,False,,False,,True,insufficient_funds,51,2026-07-31 06:00:00,Friday,31.0,True,1.0,1.0,False,908,2594.03,1,0.56,2026-07-31 06:48:00,0.8,False
346239079768,cust_gnTVhxbWQSAy0V,1504.36,INR,wallet,,,,False,,False,,False,,,,,,,,,False,235,2787.15,0,,,,True
213741560881,cust_6YGSIJ6x7oK8r5,1144.56,INR,upi,,,,False,,False,,False,,,,,,,,,False,572,4500.63,2,0.19,,,True
233184511322,cust_pMuJRP0qSuCyG1,1170.37,INR,netbanking,,,,False,,False,,True,insufficient_funds,51,2026-06-22 08:00:00,Monday,22.0,False,4.0,4.0,True,236,2806.71,1,0.15,2026-06-24 02:12:00,42.2,False
421771224303,cust_2K65US3McPl9x8,485.58,INR,upi,,,,False,,False,,False,,,,,,,,,False,95,194.21,0,,,,True
845080136242,cust_AeALFo2ZyvqMng,1427.39,INR,netbanking,,,,False,,False,,True,insufficient_funds,51,2026-06-28 20:00:00,Sunday,28.0,True,2.0,2.0,False,264,430.78,1,0.3,2026-06-29 17:06:00,21.1,True
733746278510,cust_jSuYYAy2cDDzoU,967.6,INR,card,524105,Axis,debit,False,,False,,True,insufficient_funds,51,2026-08-13 09:00:00,Thursday,13.0,False,2.0,2.0,False,117,1563.73,0,0.2,2026-08-17 19:18:00,106.3,False
171234954613,cust_oFy34nAJJgYjMq,842.62,INR,netbanking,,,,False,,False,,True,insufficient_funds,51,2026-07-27 19:00:00,Monday,27.0,True,1.0,1.0,False,277,5140.48,1,0.08,2026-07-28 06:36:00,11.6,True
329506646070,cust_k2wbJG87thm75f,3073.53,INR,card,524105,Axis,debit,False,,False,,False,,,,,,,,,False,255,2414.61,2,,,,True
699918558621,cust_SkcpmQ72LLul2G,1618.08,INR,wallet,,,,True,True,False,,False,,,,,,,,,False,102,1550.19,1,0.78,,,False
060103495329,cust_H4QOniD0NCNOJ1,2238.53,INR,card,508227,ICICI,debit,False,,False,,True,insufficient_funds,51,2026-08-03 11:00:00,Monday,3.0,True,2.0,2.0,False,736,1624.11,2,,2026-08-03 18:18:00,7.3,False
805864448588,cust_UbPfcEruXu1YAH,1710.79,INR,card,400013,HDFC,debit,False,,False,,True,insufficient_funds,51,2026-07-30 18:00:00,Thursday,30.0,True,3.0,3.0,True,15,1604.58,1,0.29,2026-07-31 01:54:00,7.9,False
906487368264,cust_nfwrT5a5xT0o2C,109.02,INR,upi,,,,False,,False,,True,insufficient_funds,51,2026-06-15 09:00:00,Monday,15.0,False,1.0,1.0,False,7,848.69,3,0.51,2026-06-15 22:12:00,13.2,False
220346969745,cust_KXrfzxE1CB51jj,4917.74,INR,upi,,,,False,,False,,True,insufficient_funds,51,2026-06-11 03:00:00,Thursday,11.0,False,4.0,4.0,True,50,3756.33,0,,2026-06-22 21:12:00,282.2,False
697566982210,cust_nh7t1ciGEQg9w0,882.48,INR,card,607331,SBI,debit,False,,False,,False,,,,,,,,,False,289,740.79,2,0.4,,,True
179501906556,cust_2iG00RvQ4Jb6Nb,1991.65,INR,upi,,,,False,,False,,False,,,,,,,,,False,113,4477.3,2,,,,True
877611972303,cust_8IT6MT78SrejPX,753.19,INR,upi,,,,False,,False,,True,insufficient_funds,51,2026-08-08 22:00:00,Saturday,8.0,False,1.0,1.0,False,484,1661.0,4,,2026-08-09 06:36:00,8.6,False
642164240183,cust_wWNvtScfYfp0ym,723.65,INR,card,607331,SBI,debit,False,,False,,False,,,,,,,,,False,91,4028.08,3,,,,True
229381094723,cust_klqyesgaTD3Zde,784.25,INR,netbanking,,,,False,,False,,True,insufficient_funds,51,2026-08-10 01:00:00,Monday,10.0,False,1.0,1.0,False,16,3478.17,0,0.14,2026-08-12 11:36:00,58.6,False
688467179480,cust_TQHJqzrCzUFPWf,2043.99,INR,upi,,,,False,,False,,True,insufficient_funds,51,2026-06-07 14:00:00,Sunday,7.0,False,2.0,2.0,False,271,3159.56,2,0.64,2026-06-11 19:42:00,101.7,True
513931217080,cust_Dkf0J7ELkpOH3P,2241.74,INR,upi,,,,False,,False,,True,insufficient_funds,51,2026-07-16 17:00:00,Thursday,16.0,False,3.0,3.0,False,3,77.72,2,0.38,2026-07-17 08:24:00,15.4,True
850428183046,cust_qYSHAGA81Moobm,1367.54,INR,card,400012,HDFC,credit,True,False,False,,False,,,,,,,,,False,251,2907.24,2,0.24,,,False
825033644347,cust_qDI0cKV2lwnlK8,1272.02,INR,upi,,,,False,,False,,False,,,,,,,,,False,530,1416.61,2,,,,True
401220919582,cust_iRal7TqVQucP8V,1371.02,INR,netbanking,,,,False,,False,,False,,,,,,,,,False,95,6063.23,1,0.34,,,True
092935569761,cust_TjdVmyjcNmhHRv,135.14,INR,upi,,,,False,,False,,True,insufficient_funds,51,2026-08-26 18:00:00,Wednesday,26.0,True,1.0,1.0,False,124,9024.59,2,0.22,2026-08-26 19:00:00,1.0,True
138086966352,cust_Cq1jCsDsQPq1Vs,560.79,INR,netbanking,,,,True,False,False,,False,,,,,,,,,False,340,5084.14,2,,,,False
618342387373,cust_sX0eILBvAQZu9u,1261.43,INR,card,508227,ICICI,debit,False,,False,,False,,,,,,,,,False,105,2702.48,1,0.61,,,True
868531746228,cust_RlTDLvR1HnJmDH,663.06,INR,wallet,,,,True,False,False,,False,,,,,,,,,False,55,3702.42,0,0.19,,,False
459216493040,cust_Z6lCLe6mwVAOHg,1102.17,INR,netbanking,,,,True,False,False,,False,,,,,,,,,False,299,3958.56,1,0.13,,,False
970212428431,cust_pCnRaUxvCt5Kwe,352.88,INR,card,400012,HDFC,credit,False,,False,,False,,,,,,,,,False,786,2507.93,0,0.16,,,True
528619629919,cust_XmpmdeAiAgR8By,1564.6,INR,card,417612,Kotak,credit,False,,False,,True,insufficient_funds,51,2026-07-15 17:00:00,Wednesday,15.0,False,3.0,3.0,True,181,3452.56,1,0.26,2026-07-16 03:18:00,10.3,False
924594943481,cust_ZOpVqS74BFXZRS,1314.97,INR,card,508227,ICICI,debit,False,,False,,True,insufficient_funds,51,2026-08-26 00:00:00,Wednesday,26.0,True,2.0,2.0,False,60,1126.33,2,0.23,2026-08-26 16:18:00,16.3,False
621658798806,cust_9llW1pz7an1RsR,1167.9,INR,upi,,,,False,,False,,True,insufficient_funds,51,2026-08-24 18:00:00,Monday,24.0,False,5.0,5.0,True,521,1942.09,4,,2026-08-31 09:00:00,159.0,False
463266833441,cust_YLzE7R3Ht6Jbpv,1457.45,INR,upi,,,,False,,False,,False,,,,,,,,,False,74,5062.43,2,,,,True
755363851155,cust_dcUqrPuBHZYeCg,2445.2,INR,card,400012,HDFC,credit,False,,False,,True,insufficient_funds,51,2026-07-28 20:00:00,Tuesday,28.0,True,3.0,3.0,False,74,2033.57,1,,2026-07-29 02:36:00,6.6,True
363181395053,cust_m1mJEbSRDfTcDz,1295.99,INR,card,400012,HDFC,debit,False,,False,,False,,,,,,,,,False,84,380.64,1,,,,True
882797897004,cust_o4zEKTujRHqr6f,1732.83,INR,netbanking,,,,False,,False,,False,,,,,,,,,False,298,3268.61,2,0.41,,,True
698696878616,cust_0cpnlBwPHjEvMN,395.24,INR,upi,,,,False,,False,,True,insufficient_funds,51,2026-07-27 13:00:00,Monday,27.0,True,4.0,4.0,False,173,406.69,0,,2026-07-28 14:30:00,25.5,True
102352563112,cust_nHgqnwEBxaW0j3,2666.12,INR,upi,,,,True,True,False,,False,,,,,,,,,False,349,386.6,0,,,,False
792841549982,cust_Qwca79isJS8jhu,3769.43,INR,upi,,,,False,,False,,True,insufficient_funds,51,2026-06-29 04:00:00,Monday,29.0,True,2.0,2.0,False,115,2855.6,0,0.57,2026-06-29 06:42:00,2.7,False
715388412253,cust_a9ULpN2xzKKZGU,1921.2,INR,card,417612,Kotak,debit,True,True,False,,False,,,,,,,,,False,62,1242.73,0,0.3,,,True
306952565711,cust_ZOpVqS74BFXZRS,2534.81,INR,card,508227,ICICI,debit,True,True,False,,False,,,,,,,,,False,60,1126.33,3,0.23,,,True
526598557094,cust_F9Gd81hIlnTd3H,1240.76,INR,card,508227,ICICI,credit,False,,False,,False,,,,,,,,,False,494,4468.46,1,0.5,,,True
997290228485,cust_NwxBI1Wx2w0LZr,1937.95,INR,upi,,,,False,,False,,False,,,,,,,,,False,176,7939.09,1,0.52,,,True
607292974659,cust_6za0S9FnYd6RoU,2619.43,INR,netbanking,,,,False,,False,,False,,,,,,,,,False,640,2530.52,1,0.43,,,True
207791862214,cust_8GN8ahKXV78jAy,1795.68,INR,upi,,,,False,,False,,True,insufficient_funds,51,2026-07-27 04:00:00,Monday,27.0,True,2.0,2.0,False,43,1029.35,2,0.46,2026-07-27 22:12:00,18.2,True
602414761338,cust_YYMvoBmRw7Dm8e,973.41,INR,card,607331,SBI,credit,False,,False,,True,insufficient_funds,51,2026-07-30 02:00:00,Thursday,30.0,True,1.0,1.0,False,7,702.67,0,0.57,2026-07-30 11:30:00,9.5,True
240747248248,cust_csHw6rIZbLksMc,332.5,INR,upi,,,,False,,False,,False,,,,,,,,,False,457,906.25,1,0.25,,,True
671016137963,cust_LXWBqz8I5HZCQT,1972.14,INR,netbanking,,,,True,False,False,,False,,,,,,,,,False,304,3791.47,0,,,,False
559802017237,cust_400wgOMpYGUEih,870.38,INR,upi,,,,True,True,False,,False,,,,,,,,,False,245,496.45,1,0.76,,,True
507958632043,cust_SCaxcG4kBfPIam,1473.06,INR,card,400013,HDFC,debit,False,,False,,True,insufficient_funds,51,2026-08-25 00:00:00,Tuesday,25.0,True,3.0,3.0,True,718,781.34,2,,2026-08-25 00:24:00,0.4,False
485247795819,cust_9vJ0oxDJOCQrb9,1552.1,INR,card,417612,Kotak,credit,True,False,False,,False,,,,,,,,,False,41,5810.17,1,0.7,,,False
908722060910,cust_oqso9QZYCrjLtN,1836.38,INR,upi,,,,False,,False,,False,,,,,,,,,False,124,5205.13,0,,,,True
681688322234,cust_VGeFfJHeJoOYSa,697.96,INR,card,607332,SBI,debit,True,True,False,,False,,,,,,,,,False,63,399.62,0,0.82,,,False
397795476230,cust_l57Nj6IuO8K2Fr,1843.84,INR,upi,,,,True,False,False,,False,,,,,,,,,False,1115,1132.54,0,0.32,,,False
006243343937,cust_ggWaaPBHAMp2MY,923.85,INR,upi,,,,False,,False,,True,insufficient_funds,51,2026-06-17 11:00:00,Wednesday,17.0,False,5.0,5.0,True,243,5637.5,0,0.15,2026-06-18 12:06:00,25.1,False
836616054579,cust_PMo50FsLQpl2Lv,3662.21,INR,upi,,,,True,True,False,,False,,,,,,,,,False,53,1208.31,0,0.24,,,False
556228031944,cust_KJi7OZLnaBmMkY,2256.06,INR,upi,,,,False,,False,,True,insufficient_funds,51,2026-07-30 04:00:00,Thursday,30.0,True,3.0,3.0,False,1319,1128.96,0,0.29,2026-07-30 12:06:00,8.1,True
741917549959,cust_UOu53BySRerG1I,1764.13,INR,upi,,,,False,,True,46.9,False,,,,,,,,,False,173,5102.86,2,0.26,,,False
780600848924,cust_2CmPSZiDRIM2gn,879.65,INR,upi,,,,True,False,False,,False,,,,,,,,,False,245,2028.72,1,,,,False
775852770847,cust_OSf3wDvQTYbY4Q,1647.06,INR,upi,,,,False,,True,54.9,False,,,,,,,,,False,123,2589.28,2,,,,True
081433861434,cust_aTZsQEXf3Lx87E,2338.35,INR,card,400012,HDFC,debit,True,True,False,,False,,,,,,,,,False,371,2823.81,0,,,,True
190566671346,cust_EnxTDVwdfdta7x,5398.76,INR,netbanking,,,,False,,False,,True,insufficient_funds,51,2026-07-22 08:00:00,Wednesday,22.0,False,3.0,3.0,True,242,1024.32,0,0.52,2026-07-25 17:12:00,81.2,False
817334379923,cust_NTwF2yS8YVuu1C,1790.67,INR,upi,,,,False,,False,,False,,,,,,,,,False,466,2634.25,1,0.15,,,True
584566671022,cust_E5dV3Q6q4eMt2M,1094.77,INR,card,524105,Axis,credit,False,,False,,False,,,,,,,,,False,23,2089.36,1,0.43,,,True
281602958000,cust_o1rjxriHiLmjDj,749.72,INR,upi,,,,False,,False,,True,insufficient_funds,51,2026-06-12 20:00:00,Friday,12.0,False,4.0,4.0,True,371,3459.74,3,0.25,2026-06-14 01:30:00,29.5,False
845896608033,cust_nBRNtp3FaBNfBM,57.22,INR,card,607332,SBI,credit,False,,False,,True,insufficient_funds,51,2026-07-30 14:00:00,Thursday,30.0,True,3.0,3.0,False,141,905.84,1,0.4,2026-07-30 23:36:00,9.6,True
078030646033,cust_9X14XqphoVLhgt,1338.21,INR,upi,,,,False,,False,,False,,,,,,,,,False,93,2832.69,3,0.39,,,True
795158553494,cust_5U3PyeippVgDWn,1360.0,INR,upi,,,,False,,False,,True,insufficient_funds,51,2026-07-01 11:00:00,Wednesday,1.0,True,1.0,1.0,False,475,4894.35,0,0.28,2026-07-02 14:30:00,27.5,True
349847357679,cust_ph8ucIy5dcqscO,2499.69,INR,upi,,,,False,,False,,True,insufficient_funds,51,2026-06-08 07:00:00,Monday,8.0,False,1.0,1.0,False,77,2566.72,1,0.29,2026-06-10 00:36:00,41.6,False
632569506013,cust_m9bJCyMXu0GD65,404.14,INR,upi,,,,True,False,False,,False,,,,,,,,,False,301,8635.98,4,,,,False
743784904285,cust_KdgFcw3dTuWmdX,823.43,INR,upi,,,,True,True,False,,False,,,,,,,,,False,886,471.91,0,0.16,,,False
777569497818,cust_D9n1Qs3SJv3xxl,2155.84,INR,netbanking,,,,False,,False,,True,insufficient_funds,51,2026-08-10 05:00:00,Monday,10.0,False,3.0,3.0,True,104,2612.04,0,,2026-08-13 11:36:00,78.6,False
244272112665,cust_OA9Bi75DV01ySI,822.65,INR,card,508227,ICICI,credit,False,,False,,True,insufficient_funds,51,2026-08-21 04:00:00,Friday,21.0,False,5.0,5.0,True,1112,350.78,3,0.39,2026-08-25 07:42:00,99.7,False
033561347264,cust_wReI1l9RpZZJRQ,993.48,INR,card,524104,Axis,debit,False,,False,,True,insufficient_funds,51,2026-08-08 13:00:00,Saturday,8.0,False,4.0,4.0,True,189,1499.34,0,0.55,2026-08-08 17:42:00,4.7,False
373629910798,cust_cXMdH74ZyrtAXN,713.0,INR,card,524105,Axis,credit,True,False,False,,False,,,,,,,,,False,734,5419.71,1,0.49,,,False
147174950856,cust_RRKvdvEcSNM107,459.6,INR,netbanking,,,,False,,False,,False,,,,,,,,,False,200,1223.49,0,0.19,,,True
883445300737,cust_jDYFfvIIieoMmt,1586.34,INR,card,417612,Kotak,debit,False,,False,,True,insufficient_funds,51,2026-07-28 10:00:00,Tuesday,28.0,True,2.0,2.0,False,134,5374.53,3,0.2,2026-07-28 19:30:00,9.5,True
096053789308,cust_FuOloAXx2mV6wc,1506.2,INR,card,400013,HDFC,credit,True,False,False,,False,,,,,,,,,False,342,2806.96,0,0.32,,,False
883293413188,cust_uUrQPHLHhvLNes,374.33,INR,card,417612,Kotak,debit,False,,False,,True,insufficient_funds,51,2026-06-15 23:00:00,Monday,15.0,False,1.0,1.0,False,15,2067.89,1,0.84,2026-06-18 19:24:00,68.4,True
855010767709,cust_t7GWo8tXRoSCHI,1585.35,INR,card,508227,ICICI,credit,False,,False,,False,,,,,,,,,False,182,2066.46,1,0.24,,,True
568168434623,cust_Kjjmt27txoknOi,3308.94,INR,card,508228,ICICI,debit,False,,False,,True,insufficient_funds,51,2026-07-22 13:00:00,Wednesday,22.0,False,1.0,1.0,False,45,937.67,3,,2026-07-24 11:48:00,46.8,False
922496978446,cust_09hUq9uYgRrM1Y,234.25,INR,card,607332,SBI,credit,True,False,False,,False,,,,,,,,,False,35,1235.41,1,0.13,,,False
532061152516,cust_QOKTLt7pkk49bA,2510.45,INR,wallet,,,,True,False,False,,False,,,,,,,,,False,110,146.84,2,,,,False
031592154326,cust_8oRB0UPh4pPqsl,758.59,INR,card,417612,Kotak,credit,False,,False,,False,,,,,,,,,False,123,2719.92,4,0.71,,,True
397560900589,cust_mfMVTIrRPEmVbI,900.51,INR,upi,,,,False,,False,,True,insufficient_funds,51,2026-08-08 07:00:00,Saturday,8.0,False,4.0,4.0,True,319,946.62,3,0.27,2026-08-10 01:42:00,42.7,False
899865536771,cust_Ec99ENQ522WJzr,2014.58,INR,card,400014,HDFC,credit,False,,False,,True,insufficient_funds,51,2026-06-27 21:00:00,Saturday,27.0,True,2.0,2.0,False,207,945.12,3,0.28,2026-06-29 11:48:00,38.8,True
494102735431,cust_axTqIpzfe2diau,4475.5,INR,card,400013,HDFC,debit,False,,False,,False,,,,,,,,,False,1034,871.05,0,0.11,,,True
625658658453,cust_a9a9mzP44EYYUR,1898.16,INR,netbanking,,,,False,,False,,True,insufficient_funds,51,2026-06-10 15:00:00,Wednesday,10.0,False,1.0,1.0,False,45,590.49,1,,2026-06-12 06:30:00,39.5,True
288710732409,cust_sYGt2QMwVRktFf,1360.85,INR,card,508227,ICICI,credit,True,False,False,,False,,,,,,,,,False,1021,4278.08,0,0.29,,,False
372393696759,cust_AeALFo2ZyvqMng,1225.33,INR,netbanking,,,,True,True,False,,False,,,,,,,,,False,264,430.78,1,0.3,,,False
151917412001,cust_XTZ2tFnwVIu5YT,534.83,INR,upi,,,,True,False,False,,False,,,,,,,,,False,357,6225.18,2,0.63,,,False
079293836262,cust_JpBxmF566xOquj,3510.79,INR,card,524104,Axis,debit,False,,False,,False,,,,,,,,,False,72,1747.49,3,,,,True
169582389625,cust_sMnQe40FaRAvnQ,2985.81,INR,upi,,,,False,,False,,False,,,,,,,,,False,335,1279.08,0,0.34,,,True
357257857449,cust_F6oz6nrH1Io3j7,1767.36,INR,upi,,,,False,,False,,False,,,,,,,,,False,94,4823.15,2,0.16,,,True
622853560038,cust_Ci8nWQfTHiuf2W,1423.93,INR,card,524104,Axis,debit,True,False,False,,False,,,,,,,,,False,180,2469.98,0,0.37,,,True
818273895492,cust_WSGAi1UtWwgXoN,369.05,INR,card,508227,ICICI,debit,False,,False,,True,insufficient_funds,51,2026-07-01 03:00:00,Wednesday,1.0,True,2.0,2.0,False,433,2249.12,1,0.35,2026-07-02 07:12:00,28.2,True
767609456850,cust_yYHikhqi7crbSq,1844.83,INR,card,400012,HDFC,debit,False,,False,,False,,,,,,,,,False,376,3259.15,0,0.64,,,True
301632502133,cust_9vJ0oxDJOCQrb9,1154.85,INR,upi,,,,True,True,False,,False,,,,,,,,,False,41,5810.17,0,0.7,,,True
059436721702,cust_RUGJzMeAwy4vCL,3054.09,INR,upi,,,,False,,False,,False,,,,,,,,,False,341,2700.8,1,,,,True
214254927891,cust_XYL71F0KwRuoHe,321.5,INR,upi,,,,True,True,False,,False,,,,,,,,,False,540,3956.7,1,,,,False
632448275504,cust_vn4Yk3gLazPS7o,1135.48,INR,upi,,,,True,True,False,,False,,,,,,,,,False,407,7033.18,2,0.68,,,False
665129681935,cust_N3WyfLje0ai3m9,1575.33,INR,card,524104,Axis,debit,False,,False,,True,insufficient_funds,51,2026-06-09 13:00:00,Tuesday,9.0,False,1.0,1.0,False,466,4178.66,2,0.64,2026-06-11 09:30:00,44.5,True
052173049487,cust_RC5utiDdKD9ymR,3024.88,INR,netbanking,,,,False,,False,,False,,,,,,,,,False,336,1007.64,0,0.73,,,True
388384690218,cust_T5m7DZIyvy6Pwo,701.08,INR,netbanking,,,,True,False,False,,False,,,,,,,,,False,112,4112.39,2,,,,False
826118374299,cust_XNaz8Tch8XLb3h,286.57,INR,card,524104,Axis,debit,False,,False,,False,,,,,,,,,False,44,2356.61,1,0.41,,,True
880853711183,cust_Qrex1VFI5Je9vO,476.4,INR,upi,,,,False,,False,,False,,,,,,,,,False,396,564.12,3,0.59,,,True
013102789580,cust_HMukeuXHDcZeZO,2334.73,INR,card,417612,Kotak,credit,True,True,False,,False,,,,,,,,,False,51,3156.84,0,0.45,,,True
068567618682,cust_qfpr5bc0GGlw6z,3239.65,INR,card,508227,ICICI,credit,False,,False,,False,,,,,,,,,False,53,2824.03,1,0.41,,,True
718889469081,cust_zE8nbqV2wnL7a4,1706.97,INR,card,508227,ICICI,debit,False,,False,,True,insufficient_funds,51,2026-08-10 07:00:00,Monday,10.0,False,1.0,1.0,False,76,5859.25,0,0.42,2026-08-11 21:12:00,38.2,False
527375523818,cust_Wqv7vBEQCDwfmf,861.98,INR,card,524104,Axis,credit,True,False,False,,False,,,,,,,,,False,278,5259.49,1,0.62,,,False
888601457404,cust_wksaq9crY6OZwJ,2607.14,INR,upi,,,,False,,False,,False,,,,,,,,,False,593,1253.2,2,0.17,,,True
544049108313,cust_SFjmhX2bIbT5sd,602.39,INR,card,508227,ICICI,credit,True,False,False,,False,,,,,,,,,False,97,1446.66,0,0.82,,,False
799638209487,cust_us8rGZtGyJkXk0,1366.73,INR,card,607332,SBI,credit,False,,False,,True,insufficient_funds,51,2026-06-24 12:00:00,Wednesday,24.0,False,4.0,4.0,False,123,641.17,0,0.42,2026-06-25 00:18:00,12.3,True
336674811500,cust_T0sSTZYSHa6p3m,1319.96,INR,netbanking,,,,True,True,False,,False,,,,,,,,,False,33,4526.22,3,0.61,,,False
179242704519,cust_iOdmWeNrX0RLIj,3700.45,INR,card,524104,Axis,debit,False,,False,,True,insufficient_funds,51,2026-07-31 23:00:00,Friday,31.0,True,3.0,3.0,False,561,1445.78,0,,2026-08-01 18:30:00,19.5,True
479619720314,cust_QMQodSF7id4hPB,2294.69,INR,upi,,,,False,,True,77.7,False,,,,,,,,,False,635,2343.22,2,0.31,,,False
994060858181,cust_QmS4rsNe9i9EGv,906.61,INR,upi,,,,False,,False,,False,,,,,,,,,False,310,1578.86,2,,,,True
766236003569,cust_DnnxIYmTFJg8zv,2059.19,INR,card,607332,SBI,credit,False,,False,,False,,,,,,,,,False,47,5678.03,2,0.18,,,True
600443392577,cust_UAp8JRH0krW7s0,1726.37,INR,card,508228,ICICI,debit,True,False,False,,False,,,,,,,,,False,455,3666.47,0,0.46,,,True
652393115239,cust_f50YGGBJfvOqV8,1170.63,INR,netbanking,,,,True,True,False,,False,,,,,,,,,False,934,5968.31,1,0.32,,,False
536142304894,cust_YW8ijQf52ITgIH,2645.93,INR,netbanking,,,,True,False,False,,False,,,,,,,,,False,53,7547.92,1,,,,False
400343784150,cust_sNbOVcZFapXJ5E,2980.44,INR,upi,,,,False,,False,,True,insufficient_funds,51,2026-08-20 04:00:00,Thursday,20.0,False,2.0,2.0,False,352,1375.05,0,,2026-08-23 07:00:00,75.0,False
816447766063,cust_SDbmBssWuvzaqz,1389.37,INR,card,417612,Kotak,credit,False,,False,,False,,,,,,,,,False,136,2771.04,2,0.26,,,True
381881587934,cust_FUExdNxoSxahMY,2543.07,INR,card,508227,ICICI,credit,False,,False,,False,,,,,,,,,False,27,3146.14,0,0.63,,,True
396195916455,cust_dcUqrPuBHZYeCg,491.01,INR,card,417612,Kotak,credit,False,,False,,False,,,,,,,,,False,74,2033.57,3,,,,True
529679961087,cust_Ci8nWQfTHiuf2W,2352.62,INR,upi,,,,False,,False,,True,insufficient_funds,51,2026-06-21 14:00:00,Sunday,21.0,False,2.0,2.0,False,180,2469.98,2,0.37,2026-06-21 15:18:00,1.3,True
337018567736,cust_CJX9SexIkD33Ny,655.42,INR,card,607331,SBI,debit,False,,False,,True,insufficient_funds,51,2026-08-27 19:00:00,Thursday,27.0,True,1.0,1.0,False,277,1675.64,1,0.22,2026-08-28 01:18:00,6.3,False
532992067171,cust_H4QOniD0NCNOJ1,713.19,INR,netbanking,,,,False,,False,,True,insufficient_funds,51,2026-08-13 02:00:00,Thursday,13.0,False,2.0,2.0,False,736,1624.11,2,0.53,2026-08-15 06:00:00,52.0,False
847248619590,cust_ewgTemzlXrlrXw,220.89,INR,card,417612,Kotak,debit,False,,False,,False,,,,,,,,,False,116,1355.94,0,0.33,,,True
120098443724,cust_IJulZidhpNPu2F,2256.5,INR,upi,,,,True,False,False,,False,,,,,,,,,False,74,815.05,0,0.59,,,False
607008208672,cust_hK2Qil62gfjVNt,397.08,INR,upi,,,,False,,False,,False,,,,,,,,,False,210,2534.96,1,0.54,,,True
200827613688,cust_fCdau1nMT1kzwC,962.59,INR,card,417612,Kotak,credit,False,,False,,True,insufficient_funds,51,2026-06-09 15:00:00,Tuesday,9.0,False,1.0,1.0,False,542,2936.78,0,,2026-06-11 12:24:00,45.4,False
267930779450,cust_Kjjmt27txoknOi,233.56,INR,upi,,,,True,False,False,,False,,,,,,,,,False,45,937.67,0,,,,False
199644099157,cust_eM5UAp4zpJFfsG,1059.47,INR,upi,,,,False,,False,,False,,,,,,,,,False,197,1558.8,2,0.2,,,True
660529883455,cust_MvBzZLWy67kbEB,2049.01,INR,card,400012,HDFC,credit,False,,False,,False,,,,,,,,,False,101,5640.07,2,0.59,,,True
465388879866,cust_j55m8A7UqijALG,1254.67,INR,netbanking,,,,True,False,False,,False,,,,,,,,,False,442,633.44,4,0.1,,,False
473979735496,cust_RUGJzMeAwy4vCL,1614.7,INR,upi,,,,True,False,False,,False,,,,,,,,,False,341,2700.8,1,0.75,,,False
467609374162,cust_YVXes4FPOW9dK0,1661.01,INR,card,508227,ICICI,credit,False,,False,,False,,,,,,,,,False,452,187.1,1,0.29,,,True
420614584465,cust_SOvPQHwoItQFEs,3565.12,INR,card,417612,Kotak,credit,True,False,False,,False,,,,,,,,,False,336,4566.71,0,0.26,,,False
199912037657,cust_2xOD1hEhFgFQiz,477.4,INR,upi,,,,False,,False,,False,,,,,,,,,False,41,2216.16,4,,,,True
017616378462,cust_5LDQCHYzHigAmQ,730.42,INR,upi,,,,True,False,False,,False,,,,,,,,,False,214,352.33,4,0.09,,,True
280550667416,cust_rMuyDG2LUcQ1gn,279.23,INR,card,607331,SBI,credit,False,,False,,True,insufficient_funds,51,2026-06-30 22:00:00,Tuesday,30.0,True,1.0,1.0,False,201,483.69,3,,2026-07-01 00:36:00,2.6,True
208380585317,cust_3ExDi6ZWrzQCES,4126.02,INR,card,524105,Axis,credit,False,,False,,True,insufficient_funds,51,2026-06-06 02:00:00,Saturday,6.0,False,1.0,1.0,False,157,2147.99,0,0.28,2026-06-06 09:30:00,7.5,False
223770619677,cust_2PfTNLUesscYu5,1521.3,INR,card,400014,HDFC,credit,False,,False,,False,,,,,,,,,False,94,8462.6,3,0.7,,,True
160828384066,cust_fgZiOJQOTpWywX,935.77,INR,upi,,,,False,,False,,False,,,,,,,,,False,286,3769.59,0,0.15,,,True
407755708985,cust_8gRGMOLAhR8irH,1330.73,INR,card,400012,HDFC,debit,True,False,False,,False,,,,,,,,,False,153,2301.91,0,0.29,,,False
953313190209,cust_FuOloAXx2mV6wc,2232.54,INR,netbanking,,,,False,,False,,True,insufficient_funds,51,2026-06-27 15:00:00,Saturday,27.0,True,1.0,1.0,False,342,2806.96,1,0.32,2026-06-27 22:48:00,7.8,True
283309989354,cust_s9MsCLiP20483b,501.7,INR,upi,,,,True,True,False,,False,,,,,,,,,False,22,4567.81,2,0.78,,,True
064011575309,cust_Y5kCNM1YS3j6Xi,278.61,INR,card,508228,ICICI,debit,False,,False,,True,insufficient_funds,51,2026-08-09 06:00:00,Sunday,9.0,False,1.0,1.0,False,499,542.42,0,,2026-08-10 14:42:00,32.7,False
054220344874,cust_bKzbTl5xzMSvcF,479.62,INR,upi,,,,False,,True,33.9,False,,,,,,,,,False,123,1622.5,2,0.12,,,True
820719292563,cust_lH0Evl05TrX9jM,1624.45,INR,netbanking,,,,False,,False,,False,,,,,,,,,False,526,1845.11,3,0.56,,,True
561378293217,cust_dcUqrPuBHZYeCg,409.34,INR,card,508227,ICICI,credit,True,False,False,,False,,,,,,,,,False,74,2033.57,0,0.41,,,False
006584992792,cust_w5qM3jAUmRaOmj,511.08,INR,upi,,,,False,,False,,True,insufficient_funds,51,2026-07-06 19:00:00,Monday,6.0,False,1.0,1.0,False,410,5290.78,1,0.33,2026-07-07 10:12:00,15.2,False
755100698269,cust_9j3mhkVRwspsgP,1101.75,INR,netbanking,,,,False,,False,,False,,,,,,,,,False,1150,2321.51,1,0.32,,,True
815284471691,cust_JHXtDs8rPlrL9x,2413.14,INR,wallet,,,,False,,False,,True,insufficient_funds,51,2026-08-25 16:00:00,Tuesday,25.0,True,1.0,1.0,False,1,692.71,2,0.38,2026-08-25 18:30:00,2.5,False
717928487129,cust_fnDSYSzcamDgIz,2171.33,INR,card,400013,HDFC,credit,False,,False,,False,,,,,,,,,False,24,2973.89,1,0.34,,,True
543650604691,cust_FDUO4967luCPmS,1903.39,INR,netbanking,,,,False,,False,,True,insufficient_funds,51,2026-08-17 20:00:00,Monday,17.0,False,2.0,2.0,False,725,3619.08,1,0.96,2026-08-18 02:36:00,6.6,False
752229247541,cust_rSZUwrRJ2BufAz,687.22,INR,wallet,,,,False,,False,,False,,,,,,,,,False,66,8016.02,2,0.4,,,True
667796517608,cust_bsp5v5MmtCjaUh,2718.86,INR,card,524104,Axis,debit,True,False,False,,False,,,,,,,,,False,112,4795.33,3,0.6,,,False
512580114246,cust_JZhmJid8q48pJb,653.19,INR,netbanking,,,,False,,False,,False,,,,,,,,,False,211,933.82,2,0.54,,,True
172111448737,cust_3ExDi6ZWrzQCES,597.01,INR,card,400013,HDFC,credit,False,,False,,False,,,,,,,,,False,157,2147.99,2,0.28,,,True
997954624643,cust_XSJMC5l6tURnvg,1934.41,INR,card,400013,HDFC,credit,False,,False,,True,insufficient_funds,51,2026-07-31 21:00:00,Friday,31.0,True,1.0,1.0,False,333,2702.92,0,0.83,2026-08-01 05:42:00,8.7,True
560613121225,cust_XYL71F0KwRuoHe,1581.81,INR,card,607331,SBI,credit,False,,False,,True,insufficient_funds,51,2026-08-07 22:00:00,Friday,7.0,False,1.0,1.0,False,540,3956.7,0,0.31,2026-08-09 06:06:00,32.1,False
305643847776,cust_Qz8PiX5f21RwZ5,811.78,INR,netbanking,,,,True,False,False,,False,,,,,,,,,False,130,3887.05,0,0.67,,,False
437141018416,cust_8UzNtyrD1LeY9o,50.64,INR,upi,,,,False,,False,,False,,,,,,,,,False,61,3053.11,1,,,,True
422943986607,cust_AZdNkF7JDJJMHq,957.72,INR,card,400014,HDFC,debit,True,True,False,,False,,,,,,,,,False,334,2072.38,0,0.44,,,False
504505810836,cust_fL41SnlJvhwgAU,1630.26,INR,upi,,,,False,,True,9.8,False,,,,,,,,,False,24,3805.2,1,0.57,,,True
821664001855,cust_fCdau1nMT1kzwC,2095.18,INR,card,607331,SBI,debit,False,,False,,False,,,,,,,,,False,542,2936.78,0,,,,True
061457885789,cust_Ld3H6LBwPr3byl,1242.11,INR,card,524105,Axis,debit,False,,False,,True,insufficient_funds,51,2026-07-22 22:00:00,Wednesday,22.0,False,1.0,1.0,False,167,3433.97,1,,2026-07-23 10:18:00,12.3,False
172825846045,cust_4PQgC7bYa7xQyh,959.2,INR,card,607331,SBI,credit,True,True,False,,False,,,,,,,,,False,25,4764.82,0,0.57,,,False
513585581651,cust_SPPvWcuHOt2WVf,1249.22,INR,card,508227,ICICI,credit,False,,False,,True,insufficient_funds,51,2026-08-01 01:00:00,Saturday,1.0,True,2.0,2.0,False,301,2067.31,1,,2026-08-01 18:48:00,17.8,False
990564659143,cust_nHgqnwEBxaW0j3,626.0,INR,netbanking,,,,False,,False,,False,,,,,,,,,False,349,386.6,3,0.45,,,True
229721366013,cust_ImO02A11wtfsYd,2197.65,INR,card,607331,SBI,credit,False,,False,,True,insufficient_funds,51,2026-06-11 13:00:00,Thursday,11.0,False,1.0,1.0,False,859,1717.65,1,0.28,2026-06-13 17:30:00,52.5,False
769965660396,cust_eb9FnZcwlaLfib,821.23,INR,netbanking,,,,False,,False,,False,,,,,,,,,False,463,2357.79,0,0.34,,,True
757368734736,cust_iS3uC4aoQDE6kG,2615.27,INR,card,417612,Kotak,debit,False,,False,,False,,,,,,,,,False,289,4849.78,2,0.42,,,True
779214231642,cust_x13NPGw2ZmJ518,1219.73,INR,wallet,,,,True,True,False,,False,,,,,,,,,False,340,2517.75,1,0.25,,,False
703996429966,cust_AVCMniLGS0gXk9,2613.39,INR,upi,,,,False,,False,,False,,,,,,,,,False,170,6845.0,2,0.2,,,True
303891855865,cust_LqUFWuTwUQS0d1,1417.74,INR,upi,,,,False,,False,,False,,,,,,,,,False,563,1532.33,1,0.66,,,True
736342645207,cust_wZZjodfvJYOudf,3222.54,INR,card,400014,HDFC,debit,False,,False,,True,insufficient_funds,51,2026-06-23 00:00:00,Tuesday,23.0,False,1.0,1.0,False,1829,254.34,2,0.28,2026-06-23 15:12:00,15.2,False
501182122132,cust_dWrXrVEEqDzhvy,1476.0,INR,netbanking,,,,False,,False,,False,,,,,,,,,False,305,7398.64,1,,,,True
366615568041,cust_pxrlT9H9rdzerX,867.95,INR,netbanking,,,,True,False,False,,False,,,,,,,,,False,95,3842.01,1,,,,True
457882629292,cust_kXnOk9Om3TtumD,1816.86,INR,card,400014,HDFC,debit,False,,False,,False,,,,,,,,,False,1368,3170.38,0,,,,True
005456719804,cust_GLvlQjOOqWqdfl,1255.84,INR,card,417612,Kotak,debit,False,,False,,True,insufficient_funds,51,2026-06-07 18:00:00,Sunday,7.0,False,3.0,3.0,True,445,5338.27,1,0.32,2026-06-09 01:48:00,31.8,False
782033856401,cust_uAbgATFWP5lCRd,1375.41,INR,card,400014,HDFC,debit,False,,False,,False,,,,,,,,,False,826,3970.15,0,0.39,,,True
430896803245,cust_Ysq16cjjgKXu5I,3062.62,INR,upi,,,,True,False,False,,False,,,,,,,,,False,741,3591.61,0,,,,False
711587372529,cust_xfRSJhJphRgvJz,4688.76,INR,card,508228,ICICI,debit,True,False,False,,False,,,,,,,,,False,364,3696.78,0,0.84,,,False
067789761046,cust_ok4ESUBUc1j3Qr,893.34,INR,card,524104,Axis,credit,True,True,False,,False,,,,,,,,,False,323,3425.67,1,0.46,,,False
719135167617,cust_uO9CTw0NZAH1w6,2441.14,INR,card,607331,SBI,debit,False,,False,,False,,,,,,,,,False,123,5000.18,2,0.02,,,True
452134690898,cust_j5wgIU7VmZC0JF,1120.78,INR,upi,,,,False,,False,,False,,,,,,,,,False,358,4288.67,1,0.31,,,True
830323395935,cust_jhs64K2K59Ye67,1580.12,INR,card,524104,Axis,debit,False,,False,,True,insufficient_funds,51,2026-06-12 11:00:00,Friday,12.0,False,1.0,1.0,False,25,975.87,1,,2026-06-14 14:36:00,51.6,False
962650363517,cust_2U3DfbpUfHiXXd,1873.86,INR,card,400013,HDFC,credit,True,False,False,,False,,,,,,,,,False,42,1791.95,0,,,,False
296897797644,cust_TxUiMNf1GPUdsd,3396.59,INR,upi,,,,False,,False,,True,insufficient_funds,51,2026-07-14 11:00:00,Tuesday,14.0,False,1.0,1.0,False,18,1289.61,1,0.27,2026-07-18 17:06:00,102.1,True
786192874509,cust_WZhELt4nezjdVm,3103.0,INR,upi,,,,True,True,False,,False,,,,,,,,,False,326,1029.78,0,,,,False
092774220745,cust_6YGSIJ6x7oK8r5,335.04,INR,upi,,,,False,,True,20.5,False,,,,,,,,,False,572,4500.63,2,0.19,,,True
947418621409,cust_8D7EUdRO6xZATJ,983.27,INR,card,417612,Kotak,credit,False,,False,,False,,,,,,,,,False,475,579.37,0,0.4,,,True
582741621480,cust_oc2ywGvRGRwqmI,776.96,INR,card,508227,ICICI,debit,False,,False,,False,,,,,,,,,False,3,1779.32,2,,,,True
039229743709,cust_0IgzAZJE8TLrhU,2032.18,INR,card,400012,HDFC,credit,False,,False,,False,,,,,,,,,False,435,1668.36,1,0.62,,,True
462818783672,cust_jzDAns80tkiSee,1333.09,INR,card,607331,SBI,debit,False,,False,,True,insufficient_funds,51,2026-08-13 01:00:00,Thursday,13.0,False,1.0,1.0,False,323,3856.66,1,0.5,2026-08-13 06:54:00,5.9,True
388529403620,cust_xtX6iiHAkh6Su4,2097.27,INR,card,417612,Kotak,credit,False,,False,,False,,,,,,,,,False,185,303.49,3,0.6,,,True
058078832868,cust_SOvPQHwoItQFEs,678.29,INR,card,400014,HDFC,debit,False,,False,,False,,,,,,,,,False,336,4566.71,1,0.26,,,True
962805092633,cust_lXNGFsbtXmXhQ2,89.54,INR,netbanking,,,,False,,False,,False,,,,,,,,,False,174,1779.85,0,,,,True
797334811129,cust_cXoalVfd51dVL5,2541.36,INR,upi,,,,True,False,False,,False,,,,,,,,,False,407,1176.16,0,,,,False
194398719012,cust_oTjT3TLRTbHJQA,1128.4,INR,card,417612,Kotak,credit,False,,False,,False,,,,,,,,,False,121,711.43,1,0.27,,,True
939617930566,cust_UXvatliNv5P7bY,1866.38,INR,netbanking,,,,False,,False,,True,insufficient_funds,51,2026-06-21 14:00:00,Sunday,21.0,False,2.0,2.0,False,117,4117.29,1,0.7,2026-06-23 11:00:00,45.0,True
039648899574,cust_7y8AL55c9kRjMD,1561.77,INR,card,607331,SBI,debit,False,,False,,True,insufficient_funds,51,2026-06-19 04:00:00,Friday,19.0,False,1.0,1.0,False,704,3645.22,2,,2026-06-19 18:00:00,14.0,False
677709882008,cust_Ax3qJbVknaP0MX,2090.75,INR,wallet,,,,True,True,False,,False,,,,,,,,,False,14,7923.69,2,,,,True
730360588543,cust_XB0LNxV2rRA6Fs,1615.09,INR,card,524105,Axis,debit,False,,False,,True,insufficient_funds,51,2026-07-02 15:00:00,Thursday,2.0,True,2.0,2.0,False,52,3167.22,1,,2026-07-02 16:30:00,1.5,True
461772516171,cust_myKP3tc4LjY6O1,1770.87,INR,upi,,,,False,,False,,False,,,,,,,,,False,902,8927.59,1,,,,True
594957447323,cust_1yArGbBMhMgQdt,2880.81,INR,upi,,,,False,,False,,True,insufficient_funds,51,2026-07-03 04:00:00,Friday,3.0,True,1.0,1.0,False,904,962.59,0,,2026-07-04 16:18:00,36.3,False
147162622798,cust_Y3UuI9sf8DbzVv,1551.7,INR,card,524105,Axis,credit,False,,False,,False,,,,,,,,,False,761,5783.21,1,0.42,,,True
595127667276,cust_s4EZ5fBlrHCjxr,1320.54,INR,upi,,,,False,,False,,True,insufficient_funds,51,2026-06-26 00:00:00,Friday,26.0,True,4.0,4.0,True,273,1736.37,3,0.7,2026-06-26 13:54:00,13.9,False
573683902131,cust_qErt0DFaclTttH,2604.96,INR,card,417612,Kotak,credit,False,,False,,True,insufficient_funds,51,2026-06-27 03:00:00,Saturday,27.0,True,2.0,2.0,False,281,4061.47,1,0.53,2026-06-27 11:12:00,8.2,True
025291423917,cust_rfD3rmRMI8OtNX,974.69,INR,card,607331,SBI,credit,False,,False,,False,,,,,,,,,False,951,2655.93,1,0.38,,,True
778480446606,cust_gyNVZuGncz3LAx,2655.56,INR,upi,,,,False,,False,,False,,,,,,,,,False,185,1555.33,4,0.37,,,True
267251739215,cust_ahSIhjmJlwghig,1626.31,INR,wallet,,,,False,,False,,True,insufficient_funds,51,2026-08-01 11:00:00,Saturday,1.0,True,1.0,1.0,False,894,1284.73,1,0.75,2026-08-01 12:48:00,1.8,False
519508293463,cust_cXMdH74ZyrtAXN,747.23,INR,card,607331,SBI,credit,False,,False,,False,,,,,,,,,False,734,5419.71,0,0.49,,,True
536219376149,cust_2K65US3McPl9x8,1936.2,INR,netbanking,,,,False,,False,,True,insufficient_funds,51,2026-06-24 05:00:00,Wednesday,24.0,False,1.0,1.0,False,95,194.21,0,0.37,2026-06-25 21:54:00,40.9,False
681251923890,cust_QmS4rsNe9i9EGv,3938.38,INR,upi,,,,False,,False,,True,insufficient_funds,51,2026-07-17 12:00:00,Friday,17.0,False,1.0,1.0,False,310,1578.86,2,0.58,2026-07-20 12:12:00,72.2,True
420232532706,cust_z3wogWCgOxwXkt,899.36,INR,card,524105,Axis,debit,False,,False,,False,,,,,,,,,False,447,4637.58,0,0.28,,,True
210360562976,cust_dqIt88wcE3Fdt7,4443.79,INR,card,400012,HDFC,credit,True,True,False,,False,,,,,,,,,False,16,6025.11,1,,,,False
884950784561,cust_IrBkpCKRwmDoAY,3804.11,INR,card,417612,Kotak,credit,False,,False,,False,,,,,,,,,False,943,2780.56,1,0.51,,,True
096594262616,cust_yh1qtiDvraaIb3,2426.2,INR,upi,,,,True,False,False,,False,,,,,,,,,False,256,1595.53,1,0.45,,,False
712311329424,cust_gz65P2OHyUkYuO,634.91,INR,upi,,,,False,,False,,False,,,,,,,,,False,257,160.57,2,0.42,,,True
469206211628,cust_LnvuE9Oo4evYnM,394.14,INR,card,607332,SBI,credit,False,,False,,True,insufficient_funds,51,2026-06-25 06:00:00,Thursday,25.0,True,2.0,2.0,False,51,2726.21,0,0.51,2026-06-27 01:06:00,43.1,False
913976788830,cust_8n2X8E5uaB6Po2,1235.81,INR,netbanking,,,,False,,False,,True,insufficient_funds,51,2026-06-20 08:00:00,Saturday,20.0,False,4.0,4.0,True,243,350.47,1,,2026-06-22 22:30:00,62.5,False
570987019575,cust_XAFSXxR4Oi5onF,925.36,INR,card,524105,Axis,credit,False,,False,,False,,,,,,,,,False,36,4682.76,1,0.3,,,True
550369875231,cust_RJc2Fs2yovJ7gt,507.53,INR,card,508228,ICICI,debit,False,,False,,True,insufficient_funds,51,2026-06-21 06:00:00,Sunday,21.0,False,1.0,1.0,False,173,1217.36,0,0.85,2026-06-22 02:24:00,20.4,False
987479606421,cust_Cfk12bgcsZoJd8,40.91,INR,card,607331,SBI,debit,False,,False,,True,insufficient_funds,51,2026-08-03 12:00:00,Monday,3.0,True,1.0,1.0,False,36,6939.4,1,0.43,2026-08-04 18:42:00,30.7,True
627846294580,cust_IFbVkcmacZxTXL,1960.36,INR,upi,,,,True,False,False,,False,,,,,,,,,False,64,3605.5,1,,,,False
597032827563,cust_2X2zGKGG7WmH55,8174.08,INR,upi,,,,False,,True,27.4,False,,,,,,,,,False,155,5272.32,0,,,,False
105774878064,cust_t8kg9SSN1ByqRi,985.81,INR,card,400014,HDFC,debit,False,,False,,True,insufficient_funds,51,2026-08-08 12:00:00,Saturday,8.0,False,1.0,1.0,False,133,1183.3,1,0.21,2026-08-09 19:18:00,31.3,True
470052068627,cust_NRyhGm5kvdgAvv,1515.96,INR,card,524104,Axis,credit,False,,False,,False,,,,,,,,,False,230,432.39,1,0.29,,,True
139578349384,cust_MIs40UBk4w017X,1648.82,INR,card,508228,ICICI,credit,True,False,False,,False,,,,,,,,,False,110,914.24,1,0.05,,,False
977434612367,cust_sOfC1PdXJ51i4t,972.44,INR,wallet,,,,True,False,False,,False,,,,,,,,,False,161,4315.78,2,,,,False
838910444414,cust_Ld3H6LBwPr3byl,769.92,INR,card,508227,ICICI,credit,True,False,False,,False,,,,,,,,,False,167,3433.97,2,0.49,,,False
010199567572,cust_QQb9R4eH0c3bFq,1661.44,INR,card,508227,ICICI,debit,False,,False,,True,insufficient_funds,51,2026-07-01 00:00:00,Wednesday,1.0,True,5.0,5.0,True,685,1545.53,0,0.39,2026-07-01 11:24:00,11.4,False
684703449821,cust_RRKvdvEcSNM107,567.39,INR,card,400012,HDFC,credit,False,,False,,True,insufficient_funds,51,2026-08-17 18:00:00,Monday,17.0,False,1.0,1.0,False,200,1223.49,0,0.19,2026-08-17 19:06:00,1.1,True
361840970157,cust_MUO2T48wijUMHT,630.19,INR,card,508228,ICICI,credit,False,,False,,False,,,,,,,,,False,1074,1316.82,1,0.36,,,True
126601613724,cust_BphnmukrE5GwSF,423.07,INR,netbanking,,,,False,,False,,True,insufficient_funds,51,2026-07-16 02:00:00,Thursday,16.0,False,5.0,5.0,True,247,2037.57,3,0.44,2026-07-16 16:30:00,14.5,False
071417219695,cust_F9Gd81hIlnTd3H,563.4,INR,netbanking,,,,False,,True,4.7,False,,,,,,,,,False,494,4468.46,2,0.5,,,False
283735980180,cust_aQ6hxwF2tD6p3G,565.62,INR,wallet,,,,False,,False,,False,,,,,,,,,False,34,3416.54,1,,,,True
737501309426,cust_7vwNXFsPzn3LuI,1937.64,INR,upi,,,,False,,False,,True,insufficient_funds,51,2026-08-24 21:00:00,Monday,24.0,False,1.0,1.0,False,449,4269.7,0,0.06,2026-08-28 13:18:00,88.3,False
996266295240,cust_SkcpmQ72LLul2G,204.14,INR,netbanking,,,,True,True,False,,False,,,,,,,,,False,102,1550.19,2,0.78,,,False
618070571619,cust_QThIOrrDZhZMa4,2325.57,INR,card,508228,ICICI,debit,True,False,False,,False,,,,,,,,,False,572,4326.84,2,,,,False
447123301111,cust_hK2Qil62gfjVNt,444.36,INR,card,524104,Axis,debit,False,,False,,False,,,,,,,,,False,210,2534.96,1,0.54,,,True
735291824222,cust_K4Xo8ZnmIm9lt6,2292.79,INR,netbanking,,,,False,,False,,True,insufficient_funds,51,2026-07-31 07:00:00,Friday,31.0,True,1.0,1.0,False,130,2954.69,3,0.42,2026-07-31 12:42:00,5.7,False
559625629162,cust_Qr4jf6eb0wwhA7,1451.96,INR,card,524105,Axis,credit,True,True,False,,False,,,,,,,,,False,363,1171.7,0,0.7,,,False
791540774191,cust_QFW6Hsa5cpHsL1,585.75,INR,card,607331,SBI,debit,False,,False,,False,,,,,,,,,False,200,1530.18,1,,,,True
733341002566,cust_AOwx67HbHvwcHp,2335.08,INR,netbanking,,,,False,,False,,False,,,,,,,,,False,20,3145.79,4,0.64,,,True
711364045865,cust_XpQuiJYwMZd1I5,2360.07,INR,netbanking,,,,False,,False,,True,insufficient_funds,51,2026-08-01 11:00:00,Saturday,1.0,True,3.0,3.0,False,225,611.44,3,0.07,2026-08-01 17:06:00,6.1,True
810990687264,cust_9GDXmVCoHStc8x,630.28,INR,wallet,,,,False,,False,,True,insufficient_funds,51,2026-07-27 02:00:00,Monday,27.0,True,2.0,2.0,False,111,5681.42,0,0.35,2026-07-27 10:30:00,8.5,False
737935997938,cust_62N65om48MrKYa,611.8,INR,card,508227,ICICI,credit,False,,False,,False,,,,,,,,,False,92,3685.27,1,,,,True
750279597047,cust_X3thTnZjX8vJp3,2272.35,INR,card,400014,HDFC,debit,False,,False,,False,,,,,,,,,False,352,328.16,2,0.57,,,True
475160642056,cust_3ExDi6ZWrzQCES,481.44,INR,card,508228,ICICI,credit,False,,False,,True,insufficient_funds,51,2026-08-22 09:00:00,Saturday,22.0,False,1.0,1.0,False,157,2147.99,2,0.28,2026-08-25 07:42:00,70.7,True
487840478013,cust_rc07HXmBCAGUqb,1905.56,INR,card,417612,Kotak,credit,False,,False,,False,,,,,,,,,False,99,927.34,2,0.22,,,True
843047826659,cust_Zf7xnSlD9NoRHO,1796.21,INR,netbanking,,,,False,,False,,True,insufficient_funds,51,2026-08-28 21:00:00,Friday,28.0,True,4.0,4.0,True,56,3691.78,1,0.59,2026-08-29 15:42:00,18.7,False
744875289951,cust_OREOGRnWWMQ6ol,1711.67,INR,wallet,,,,False,,False,,True,insufficient_funds,51,2026-08-27 11:00:00,Thursday,27.0,True,2.0,2.0,False,183,1320.31,2,0.65,2026-08-27 16:36:00,5.6,False
023849777086,cust_4CrIKDTxcKkyGe,1941.88,INR,card,508227,ICICI,debit,False,,False,,True,insufficient_funds,51,2026-06-13 02:00:00,Saturday,13.0,False,5.0,5.0,True,20,1164.76,1,0.31,2026-06-15 19:12:00,65.2,False
721942173672,cust_zDqCqD0O4MvWzP,978.2,INR,upi,,,,False,,False,,True,insufficient_funds,51,2026-06-18 08:00:00,Thursday,18.0,False,3.0,3.0,True,70,1355.01,0,0.19,2026-06-18 20:06:00,12.1,False
971643852661,cust_obsQI4FXYCS7Mj,497.09,INR,upi,,,,False,,False,,True,insufficient_funds,51,2026-06-13 03:00:00,Saturday,13.0,False,5.0,5.0,False,143,3131.52,0,0.4,2026-06-15 22:06:00,67.1,True
615875525640,cust_TgjgYhMTbM6aaF,2048.52,INR,netbanking,,,,False,,False,,True,insufficient_funds,51,2026-07-24 17:00:00,Friday,24.0,False,1.0,1.0,False,57,1463.32,0,0.32,2026-07-26 11:12:00,42.2,False
599758597544,cust_VnbnzCzXhNrVyx,824.41,INR,upi,,,,False,,True,27.8,False,,,,,,,,,False,864,2380.63,0,0.31,,,True
978822050121,cust_H0x9ZUinAMRwTf,2329.33,INR,card,417612,Kotak,debit,False,,False,,False,,,,,,,,,False,392,2213.79,1,,,,True
797515121649,cust_ph8ucIy5dcqscO,1645.46,INR,upi,,,,False,,False,,False,,,,,,,,,False,77,2566.72,3,0.29,,,True
931394998101,cust_oEDgK1ZJGhdE71,1239.95,INR,card,400014,HDFC,credit,True,False,False,,False,,,,,,,,,False,47,4402.28,2,0.85,,,False
385443514157,cust_bYMXyFK4sHuHel,2705.29,INR,card,508228,ICICI,credit,False,,False,,False,,,,,,,,,False,375,2531.16,1,0.27,,,True
939270352697,cust_33F5lFPlu6OdRK,973.84,INR,upi,,,,True,False,False,,False,,,,,,,,,False,365,3198.39,3,0.49,,,False
429765741737,cust_KtKX9niq0wOBTQ,710.78,INR,netbanking,,,,False,,False,,False,,,,,,,,,False,281,1508.46,1,0.71,,,True
990008428959,cust_6za0S9FnYd6RoU,2879.79,INR,card,607331,SBI,credit,True,False,False,,False,,,,,,,,,False,640,2530.52,1,0.43,,,False
609105626192,cust_Et9rLXoylaJ9aB,240.09,INR,netbanking,,,,False,,False,,False,,,,,,,,,False,636,226.85,0,,,,True
267224154512,cust_XpQuiJYwMZd1I5,611.6,INR,netbanking,,,,False,,False,,False,,,,,,,,,False,225,611.44,0,,,,True
748409547710,cust_uAbgATFWP5lCRd,3388.71,INR,card,417612,Kotak,debit,False,,False,,True,insufficient_funds,51,2026-07-22 23:00:00,Wednesday,22.0,False,2.0,2.0,False,826,3970.15,3,0.39,2026-07-24 09:48:00,34.8,False
138196899557,cust_1onLn25rRlXPQl,1335.14,INR,card,400012,HDFC,debit,False,,False,,False,,,,,,,,,False,23,699.78,1,0.2,,,True
101439753409,cust_8TNBUDRszknUY5,2102.88,INR,card,607331,SBI,debit,False,,False,,False,,,,,,,,,False,154,9379.16,0,0.6,,,True
147782415850,cust_zUCcKjyYBqKNLR,1822.68,INR,netbanking,,,,False,,False,,True,insufficient_funds,51,2026-08-05 18:00:00,Wednesday,5.0,True,3.0,3.0,False,233,3197.05,6,0.72,2026-08-06 11:24:00,17.4,True
360215017129,cust_400wgOMpYGUEih,325.23,INR,upi,,,,False,,False,,False,,,,,,,,,False,245,496.45,0,0.76,,,True
474210170684,cust_yxZenPoswE9dYf,3011.32,INR,card,417612,Kotak,debit,True,False,False,,False,,,,,,,,,False,238,2135.92,2,0.66,,,False
367746902360,cust_yoWENSl8Gh90K7,6257.16,INR,wallet,,,,False,,False,,False,,,,,,,,,False,245,9187.09,2,,,,True
737392342669,cust_1LE0dqL9eGboFI,627.77,INR,upi,,,,False,,False,,False,,,,,,,,,False,176,2546.57,1,,,,True
080485796188,cust_Qi0JiTNxzMm7Ft,4254.05,INR,upi,,,,False,,False,,False,,,,,,,,,False,662,8525.46,1,0.37,,,True
631168868143,cust_8UzNtyrD1LeY9o,1237.19,INR,upi,,,,False,,False,,False,,,,,,,,,False,61,3053.11,0,0.24,,,True
533064312491,cust_iaVBWcptNi96XL,2397.95,INR,card,417612,Kotak,debit,False,,False,,True,insufficient_funds,51,2026-07-28 05:00:00,Tuesday,28.0,True,1.0,1.0,False,53,3015.05,1,0.28,2026-07-28 17:30:00,12.5,False
930204449068,cust_zFFtyikiUHVpu1,1809.88,INR,upi,,,,False,,False,,False,,,,,,,,,False,414,2096.04,1,0.48,,,True
416742032632,cust_oFy34nAJJgYjMq,743.43,INR,upi,,,,False,,True,30.1,False,,,,,,,,,False,277,5140.48,3,0.08,,,False
963087239211,cust_iT7WyH11Y4Y8PF,2211.56,INR,netbanking,,,,False,,False,,False,,,,,,,,,False,58,1963.16,1,,,,True
701823067896,cust_UqLhpzAGGbNRLB,1067.58,INR,card,508227,ICICI,credit,False,,False,,False,,,,,,,,,False,165,1490.41,1,0.18,,,True
530098261314,cust_ez8POoNAPBlzZi,3308.55,INR,netbanking,,,,False,,False,,True,insufficient_funds,51,2026-07-13 09:00:00,Monday,13.0,False,1.0,1.0,False,978,1469.76,0,,2026-07-14 20:54:00,35.9,False
095832672691,cust_dpGDaLkkzrmTys,3695.23,INR,card,400014,HDFC,credit,False,,False,,False,,,,,,,,,False,12,3235.52,0,,,,True
338146455075,cust_m1mJEbSRDfTcDz,1382.35,INR,upi,,,,False,,False,,False,,,,,,,,,False,84,380.64,1,,,,True
315754671144,cust_q9UCABpByBTuyk,766.94,INR,upi,,,,True,False,False,,False,,,,,,,,,False,31,1988.9,1,,,,False
248943563376,cust_mNLui0ydTnzKxo,916.8,INR,upi,,,,False,,False,,False,,,,,,,,,False,389,2893.36,0,0.77,,,True
347798739084,cust_LBtp6rEKGD2iBY,615.53,INR,upi,,,,False,,False,,True,insufficient_funds,51,2026-07-11 23:00:00,Saturday,11.0,False,1.0,1.0,False,998,1746.58,1,0.4,2026-07-12 17:48:00,18.8,True
006891475003,cust_ttMxRxayAQIBov,1485.05,INR,wallet,,,,False,,False,,False,,,,,,,,,False,16,489.68,3,0.36,,,True
505221779909,cust_ZvZ8Vx8vBrMsSX,571.23,INR,upi,,,,False,,False,,False,,,,,,,,,False,128,7464.92,1,0.42,,,True
521438257262,cust_FTZKmUBDYTZUXz,2261.92,INR,upi,,,,False,,False,,False,,,,,,,,,False,176,979.95,0,,,,True
323518910934,cust_Z4ZisuILXiCzzS,2440.47,INR,card,524105,Axis,debit,False,,False,,True,insufficient_funds,51,2026-06-17 03:00:00,Wednesday,17.0,False,1.0,1.0,False,291,2612.59,1,0.37,2026-06-19 03:24:00,48.4,False
001500214405,cust_2xOD1hEhFgFQiz,2204.07,INR,upi,,,,False,,False,,False,,,,,,,,,False,41,2216.16,1,,,,True
873678399673,cust_OGQOaXJ7JxKe90,1094.54,INR,netbanking,,,,False,,True,43.1,False,,,,,,,,,False,481,1413.24,1,0.13,,,False
627371853223,cust_BtDY53Z6cNI0dL,2104.48,INR,wallet,,,,False,,False,,True,insufficient_funds,51,2026-06-22 06:00:00,Monday,22.0,False,1.0,1.0,False,144,1500.97,3,0.58,2026-06-23 21:24:00,39.4,True
149433111715,cust_UOu53BySRerG1I,638.57,INR,netbanking,,,,False,,False,,False,,,,,,,,,False,173,5102.86,2,,,,True
078047930299,cust_5J7Unll18MYhLG,1978.47,INR,upi,,,,True,False,False,,False,,,,,,,,,False,54,1863.13,0,,,,False
434790121362,cust_aoe8ZLPHLnHpIC,1454.56,INR,card,400013,HDFC,credit,False,,False,,False,,,,,,,,,False,10,2232.0,1,0.42,,,True
007641127436,cust_s4Ka9oBcfyhKFD,2898.56,INR,card,508228,ICICI,debit,False,,False,,True,insufficient_funds,51,2026-06-04 08:00:00,Thursday,4.0,True,3.0,3.0,True,538,1076.07,0,,2026-06-04 10:54:00,2.9,False
915082689239,cust_kr1vXAVu07Zuhl,2729.25,INR,card,400014,HDFC,debit,False,,False,,True,insufficient_funds,51,2026-08-07 10:00:00,Friday,7.0,False,1.0,1.0,False,254,2974.44,2,0.15,2026-08-07 15:42:00,5.7,False
267338339053,cust_MTZrHfQXDeDkoS,613.78,INR,upi,,,,False,,False,,True,insufficient_funds,51,2026-06-27 02:00:00,Saturday,27.0,True,1.0,1.0,False,57,1093.43,2,,2026-06-27 08:42:00,6.7,False
076226513701,cust_CTVXhKS5ZeJcTA,993.66,INR,upi,,,,False,,False,,True,insufficient_funds,51,2026-08-17 23:00:00,Monday,17.0,False,1.0,1.0,False,148,5051.56,0,0.37,2026-08-21 00:18:00,73.3,False
604274890908,cust_B2i4NDz4SZI6Se,2109.78,INR,card,524105,Axis,credit,False,,False,,False,,,,,,,,,False,280,4146.74,1,,,,True
308553163473,cust_5aDNECX9mgsl6y,658.26,INR,card,524104,Axis,credit,True,False,False,,False,,,,,,,,,False,75,2513.32,5,0.45,,,False
820038461286,cust_Ci8nWQfTHiuf2W,1777.14,INR,netbanking,,,,True,True,False,,False,,,,,,,,,False,180,2469.98,2,0.37,,,False
403661279971,cust_bfbAKyQCddF00X,2241.16,INR,upi,,,,True,True,False,,False,,,,,,,,,False,575,1493.4,1,,,,False
588086040310,cust_aBIT9nYAxpKkLF,2056.8,INR,card,417612,Kotak,debit,False,,False,,False,,,,,,,,,False,247,5902.02,2,0.18,,,True
321835187110,cust_icBAQ7zdo3ZeqP,1019.19,INR,card,508228,ICICI,debit,False,,False,,False,,,,,,,,,False,717,3701.82,0,0.38,,,True
961980844370,cust_3kzGLg8KhtetlO,797.23,INR,card,524105,Axis,credit,False,,False,,False,,,,,,,,,False,444,2896.8,1,,,,True
803124881922,cust_ok4ESUBUc1j3Qr,1063.1,INR,card,400014,HDFC,debit,False,,False,,False,,,,,,,,,False,323,3425.67,1,0.46,,,True
858805407984,cust_lEHGhEnWUQ1NAX,2887.78,INR,upi,,,,True,False,False,,False,,,,,,,,,False,23,4965.99,2,,,,True
336138454347,cust_JHXtDs8rPlrL9x,2862.49,INR,card,508227,ICICI,credit,False,,False,,True,insufficient_funds,51,2026-07-09 07:00:00,Thursday,9.0,False,4.0,4.0,True,1,692.71,1,,2026-07-09 14:00:00,7.0,False
406137832871,cust_ser69NchpUj26I,3751.09,INR,card,524105,Axis,debit,False,,False,,False,,,,,,,,,False,1033,707.09,0,0.05,,,True
179646109238,cust_el37QbwxRI0DPn,2664.61,INR,upi,,,,True,True,False,,False,,,,,,,,,False,39,381.51,3,,,,False
122239379933,cust_ok4ESUBUc1j3Qr,1818.13,INR,upi,,,,False,,False,,False,,,,,,,,,False,323,3425.67,0,,,,True
224440793554,cust_Mq5AOyz99zXzCI,1016.31,INR,wallet,,,,True,True,False,,False,,,,,,,,,False,15,3014.77,0,0.24,,,True
387895068520,cust_kgYQeab5e8zIHs,2216.0,INR,upi,,,,False,,False,,False,,,,,,,,,False,39,738.89,0,0.68,,,True
799996683895,cust_kJjA8CdvCgdxyc,2600.38,INR,card,417612,Kotak,debit,True,True,False,,False,,,,,,,,,False,65,3399.18,1,,,,False
640307938098,cust_Kjjmt27txoknOi,2643.96,INR,card,524105,Axis,credit,False,,False,,True,insufficient_funds,51,2026-07-02 09:00:00,Thursday,2.0,True,1.0,1.0,False,45,937.67,5,,2026-07-02 19:00:00,10.0,True
805600585987,cust_1R76S383dI6APi,1052.51,INR,upi,,,,False,,False,,False,,,,,,,,,False,495,702.79,1,0.71,,,True
634620069747,cust_ZzJhP4AE1QdEd8,755.32,INR,card,400013,HDFC,credit,False,,False,,False,,,,,,,,,False,8,871.56,2,0.39,,,True
278877768707,cust_uJcUFDxijOQYna,1416.02,INR,upi,,,,False,,False,,False,,,,,,,,,False,163,5449.54,1,0.79,,,True
170842346192,cust_1UJ3A1IIPKoBAw,1969.91,INR,netbanking,,,,True,False,False,,False,,,,,,,,,False,292,439.48,1,0.76,,,False
226763792901,cust_PmkMGS6UmxUUy1,2138.04,INR,upi,,,,True,True,False,,False,,,,,,,,,False,11,2573.64,0,,,,False
629287538400,cust_Bog76iATeqzNMm,885.98,INR,upi,,,,False,,False,,True,insufficient_funds,51,2026-07-20 03:00:00,Monday,20.0,False,1.0,1.0,False,47,3112.17,1,0.73,2026-07-20 11:36:00,8.6,False
920393152039,cust_81AsqhQnGac72Q,859.24,INR,wallet,,,,False,,False,,False,,,,,,,,,False,530,516.57,0,,,,True
542138036482,cust_pgpzkqxwPyaQ6S,483.28,INR,card,524105,Axis,debit,False,,False,,False,,,,,,,,,False,75,1846.95,1,0.48,,,True
624612392650,cust_Ycy4ShUT6fX2qr,741.23,INR,netbanking,,,,False,,True,14.5,False,,,,,,,,,False,500,4536.93,3,0.45,,,True
784528653311,cust_hWuZUFKd5ET3by,966.14,INR,wallet,,,,False,,False,,False,,,,,,,,,False,7,3472.94,1,0.16,,,True
615078115772,cust_iLMh6HNWKYTYcE,1191.62,INR,card,400014,HDFC,debit,True,False,False,,False,,,,,,,,,False,199,5256.64,1,0.16,,,False
446088914728,cust_xd254lOTkbSoCO,626.86,INR,card,524105,Axis,debit,True,False,False,,False,,,,,,,,,False,85,1303.25,2,0.28,,,False
389912936549,cust_y1oznvupv0FgJw,2945.48,INR,card,524104,Axis,debit,False,,False,,False,,,,,,,,,False,78,1366.75,0,,,,True
138731944660,cust_5CWree01HF1LKf,539.25,INR,upi,,,,True,True,False,,False,,,,,,,,,False,147,2694.76,1,,,,False
419838877110,cust_t8kg9SSN1ByqRi,1145.48,INR,wallet,,,,False,,False,,False,,,,,,,,,False,133,1183.3,1,0.21,,,True
903629190284,cust_ggiuHcEy5dTWy3,784.0,INR,upi,,,,True,False,False,,False,,,,,,,,,False,93,4118.51,1,0.39,,,False
372871372135,cust_7a41UQGoYvutkM,3187.75,INR,card,607332,SBI,credit,False,,False,,False,,,,,,,,,False,21,709.08,1,0.23,,,True
664636878233,cust_sxKzqj4kStjEDv,320.52,INR,upi,,,,False,,False,,False,,,,,,,,,False,242,863.46,0,0.73,,,True
418581255619,cust_EaS5bnhLwvNfTg,1742.24,INR,card,607331,SBI,debit,False,,False,,False,,,,,,,,,False,242,2669.03,0,0.58,,,True
602152747625,cust_ZJXud0Srx4i8iI,789.88,INR,netbanking,,,,False,,False,,True,insufficient_funds,51,2026-07-17 14:00:00,Friday,17.0,False,1.0,1.0,False,290,1441.8,0,,2026-07-25 05:30:00,183.5,False
920832439946,cust_8oRB0UPh4pPqsl,108.98,INR,wallet,,,,True,False,False,,False,,,,,,,,,False,123,2719.92,0,0.71,,,False
848322948236,cust_ez8POoNAPBlzZi,2241.22,INR,netbanking,,,,False,,False,,False,,,,,,,,,False,978,1469.76,0,,,,True
161788594054,cust_nAIX6pQJytRM26,4887.23,INR,upi,,,,True,False,False,,False,,,,,,,,,False,396,1527.32,1,,,,False
415527203785,cust_CTVXhKS5ZeJcTA,563.97,INR,upi,,,,False,,False,,True,insufficient_funds,51,2026-07-17 06:00:00,Friday,17.0,False,1.0,1.0,False,148,5051.56,1,0.37,2026-07-18 01:24:00,19.4,True
168125997666,cust_9gMY2F2BJcTuGK,1884.86,INR,netbanking,,,,False,,False,,False,,,,,,,,,False,272,2484.58,0,0.22,,,True
077654287498,cust_ttMxRxayAQIBov,1928.27,INR,card,400013,HDFC,debit,False,,False,,True,insufficient_funds,51,2026-08-03 16:00:00,Monday,3.0,True,2.0,2.0,False,16,489.68,1,0.36,2026-08-04 06:24:00,14.4,False
594286936965,cust_Hf1Ef9jPu0WNQD,1108.28,INR,upi,,,,False,,False,,True,insufficient_funds,51,2026-07-30 08:00:00,Thursday,30.0,True,5.0,5.0,True,151,5505.67,2,0.51,2026-07-30 13:00:00,5.0,False
737549070087,cust_BkH6I2vW0njzLA,465.79,INR,card,524105,Axis,debit,False,,False,,False,,,,,,,,,False,214,534.61,1,0.47,,,True
892331403985,cust_l21E3auTTMxe9a,2857.59,INR,netbanking,,,,False,,True,2.8,False,,,,,,,,,False,16,3078.69,0,,,,False
856960173620,cust_RBjYDue4uvHQhu,1313.99,INR,wallet,,,,False,,False,,False,,,,,,,,,False,94,1196.07,0,,,,True
038920789536,cust_IgjLSXX1wtiaeD,1950.44,INR,upi,,,,False,,False,,False,,,,,,,,,False,480,1449.87,1,0.39,,,True
769481350440,cust_LEfZhFNNUWNug9,2324.7,INR,upi,,,,False,,True,37.8,False,,,,,,,,,False,144,1308.47,2,0.08,,,True
365936831618,cust_dWrXrVEEqDzhvy,1753.13,INR,netbanking,,,,False,,False,,False,,,,,,,,,False,305,7398.64,1,,,,True
259360749962,cust_UAqVsmBKUUp4xo,2035.44,INR,card,508228,ICICI,credit,True,False,False,,False,,,,,,,,,False,153,3215.59,1,0.15,,,False
066703421292,cust_oJ5QoPX4KYSrOo,1067.33,INR,card,524105,Axis,debit,True,False,False,,False,,,,,,,,,False,354,2440.66,2,,,,False
748485433408,cust_dWrXrVEEqDzhvy,1449.48,INR,card,417612,Kotak,credit,False,,False,,True,insufficient_funds,51,2026-08-29 03:00:00,Saturday,29.0,True,3.0,3.0,False,305,7398.64,1,0.47,2026-08-30 14:42:00,35.7,True
365978640443,cust_Y69M0NBtVlJ1gx,1962.65,INR,upi,,,,False,,False,,True,insufficient_funds,51,2026-07-09 23:00:00,Thursday,9.0,False,1.0,1.0,False,116,1783.29,1,0.14,2026-07-11 02:24:00,27.4,False
753734322230,cust_NwxBI1Wx2w0LZr,884.69,INR,upi,,,,True,True,False,,False,,,,,,,,,False,176,7939.09,0,0.52,,,True
172597967872,cust_xtX6iiHAkh6Su4,2321.12,INR,netbanking,,,,True,True,False,,False,,,,,,,,,False,185,303.49,0,0.6,,,True
878545644538,cust_evqoexFNqSkdga,288.92,INR,upi,,,,True,False,False,,False,,,,,,,,,False,164,7255.09,0,0.7,,,False
976083333672,cust_kUHIZrib5CG0lw,538.35,INR,wallet,,,,True,False,False,,False,,,,,,,,,False,408,2922.18,2,,,,True
572678820270,cust_Q3kk8gjZEvp3Bq,1008.05,INR,upi,,,,True,False,False,,False,,,,,,,,,False,331,2377.75,1,0.75,,,False
795106497407,cust_9VIigneLlr8ABm,82.44,INR,card,607332,SBI,debit,False,,False,,False,,,,,,,,,False,208,818.96,3,0.12,,,True
767301186680,cust_0KDT2IKQa4WRg6,3062.86,INR,card,607332,SBI,credit,False,,False,,True,insufficient_funds,51,2026-07-19 15:00:00,Sunday,19.0,False,2.0,2.0,False,73,4535.56,0,,2026-07-22 10:12:00,67.2,False
876807426902,cust_CwdkXFJFm59mDn,423.9,INR,upi,,,,True,True,False,,False,,,,,,,,,False,35,2677.52,1,0.61,,,False
195765142200,cust_ok4ESUBUc1j3Qr,4076.13,INR,netbanking,,,,True,True,False,,False,,,,,,,,,False,323,3425.67,1,,,,False
589778170704,cust_Y69M0NBtVlJ1gx,2280.18,INR,card,607332,SBI,credit,False,,False,,True,insufficient_funds,51,2026-06-10 15:00:00,Wednesday,10.0,False,5.0,5.0,True,116,1783.29,2,,2026-06-13 11:00:00,68.0,False
063110396619,cust_PQ4zokKOjG89oe,1848.18,INR,card,508227,ICICI,credit,False,,False,,True,insufficient_funds,51,2026-07-31 08:00:00,Friday,31.0,True,2.0,2.0,False,288,751.75,1,,2026-07-31 12:18:00,4.3,False
759369260906,cust_RhOYdzkuZKs6lf,1942.24,INR,upi,,,,True,True,False,,False,,,,,,,,,False,178,3641.33,1,0.88,,,False
942718894942,cust_G3Icpu6ZuJZGeZ,3093.52,INR,card,607332,SBI,debit,True,False,False,,False,,,,,,,,,False,444,1312.63,1,,,,False
092721222704,cust_gjo8TtOQSFi2ot,1447.59,INR,upi,,,,True,True,False,,False,,,,,,,,,False,355,3182.42,1,0.09,,,True
441556063950,cust_8XG5KtTyegr1il,744.51,INR,upi,,,,False,,False,,True,insufficient_funds,51,2026-08-14 17:00:00,Friday,14.0,False,3.0,3.0,False,314,3806.77,4,0.12,2026-08-14 21:12:00,4.2,True
745892306893,cust_rGd4QBUQUvIht5,2959.47,INR,card,524105,Axis,debit,False,,False,,True,insufficient_funds,51,2026-06-04 21:00:00,Thursday,4.0,True,1.0,1.0,False,33,519.71,1,0.39,2026-06-05 11:18:00,14.3,False
197452057446,cust_g1VKIUyyaDUvfx,2637.27,INR,upi,,,,True,False,False,,False,,,,,,,,,False,660,776.98,3,0.64,,,False
044575470153,cust_2NyR6jQPywlsLb,3387.84,INR,upi,,,,False,,True,11.1,False,,,,,,,,,False,69,5310.68,2,0.25,,,True
009300719623,cust_8FFIyEja7OQTxr,51.39,INR,card,417612,Kotak,credit,False,,False,,False,,,,,,,,,False,294,9746.96,1,0.2,,,True
831750064034,cust_kSOrrcq5wmo5ah,613.52,INR,card,400014,HDFC,credit,False,,False,,False,,,,,,,,,False,560,2923.95,1,0.19,,,True
653949910220,cust_3goiByRAVZp83j,539.88,INR,netbanking,,,,False,,False,,True,insufficient_funds,51,2026-08-05 05:00:00,Wednesday,5.0,True,1.0,1.0,False,871,3303.51,3,,2026-08-05 10:42:00,5.7,False
583121782263,cust_IxBiWxilFT9sgv,1968.23,INR,netbanking,,,,True,True,False,,False,,,,,,,,,False,61,644.92,2,,,,True
602701831380,cust_rlGtm9dq59RlTg,65.64,INR,upi,,,,False,,False,,True,insufficient_funds,51,2026-06-28 08:00:00,Sunday,28.0,True,2.0,2.0,False,195,1062.07,1,0.49,2026-06-28 21:48:00,13.8,False
678388985198,cust_wZZjodfvJYOudf,478.63,INR,card,400013,HDFC,debit,False,,False,,False,,,,,,,,,False,1829,254.34,2,0.28,,,True
328397651333,cust_Iujx0rcKIrSINu,301.1,INR,upi,,,,False,,False,,False,,,,,,,,,False,435,1754.62,1,0.42,,,True
671220906937,cust_RRKvdvEcSNM107,827.16,INR,card,524105,Axis,debit,True,True,False,,False,,,,,,,,,False,200,1223.49,1,0.19,,,False
384638675569,cust_clAqoAd3pZ3rvh,2156.78,INR,upi,,,,False,,False,,False,,,,,,,,,False,103,10032.52,2,0.2,,,True
412196257837,cust_jSuYYAy2cDDzoU,2352.03,INR,netbanking,,,,True,False,False,,False,,,,,,,,,False,117,1563.73,1,0.2,,,False
011601779656,cust_UzdJQT9lhzo7lH,629.72,INR,upi,,,,True,True,False,,False,,,,,,,,,False,577,2788.69,0,0.51,,,False
089730139046,cust_RZUlwoEFqRso42,884.4,INR,card,607331,SBI,credit,False,,False,,False,,,,,,,,,False,796,3289.8,3,0.26,,,True
552044064075,cust_mvajmgWJJqSaTz,1205.85,INR,upi,,,,False,,False,,False,,,,,,,,,False,89,1296.69,4,,,,True
842874132787,cust_B3f1rocZVhgvHK,2066.88,INR,card,417612,Kotak,debit,False,,False,,False,,,,,,,,,False,424,5146.86,0,0.71,,,True
895116208603,cust_H3skUMpUwUGt1X,2098.48,INR,upi,,,,False,,False,,True,insufficient_funds,51,2026-08-05 22:00:00,Wednesday,5.0,True,2.0,2.0,False,53,3705.09,1,0.28,2026-08-06 02:54:00,4.9,False
780200147065,cust_mXoIgMmsgPc65s,1321.06,INR,wallet,,,,False,,False,,True,insufficient_funds,51,2026-07-22 21:00:00,Wednesday,22.0,False,1.0,1.0,False,519,2551.09,1,0.3,2026-07-25 16:18:00,67.3,False
477893690883,cust_JTfI02BLzzPc4r,426.47,INR,upi,,,,False,,False,,False,,,,,,,,,False,343,1403.86,1,0.5,,,True
587232822451,cust_AHTGmdoSHucE84,2022.02,INR,upi,,,,False,,False,,False,,,,,,,,,False,105,6178.62,1,0.14,,,True
871680309360,cust_iRal7TqVQucP8V,1985.92,INR,netbanking,,,,False,,False,,False,,,,,,,,,False,95,6063.23,3,0.34,,,True
817026535986,cust_vUYcfZi13ALy9B,2155.82,INR,upi,,,,True,False,False,,False,,,,,,,,,False,501,2433.47,1,0.76,,,True
224912910901,cust_Qwca79isJS8jhu,1307.25,INR,card,400012,HDFC,debit,False,,False,,False,,,,,,,,,False,115,2855.6,0,0.57,,,True
603947189237,cust_qxow1oRoWHFepf,4523.97,INR,card,400013,HDFC,debit,True,False,False,,False,,,,,,,,,False,113,5070.38,1,,,,False
327998058555,cust_tTQEMwkJKcZh7M,525.15,INR,netbanking,,,,True,True,False,,False,,,,,,,,,False,8,3485.14,1,0.28,,,True
096535802814,cust_2X2zGKGG7WmH55,3356.14,INR,card,607332,SBI,credit,False,,False,,True,insufficient_funds,51,2026-06-30 11:00:00,Tuesday,30.0,True,2.0,2.0,False,155,5272.32,3,0.69,2026-06-30 20:48:00,9.8,True
138829775128,cust_kJjA8CdvCgdxyc,445.46,INR,upi,,,,True,True,False,,False,,,,,,,,,False,65,3399.18,2,0.59,,,False
774328192135,cust_N1m4Yrpw2cBdVc,1914.91,INR,card,524104,Axis,debit,False,,False,,False,,,,,,,,,False,1022,4059.87,0,,,,True
271556778772,cust_vUYcfZi13ALy9B,756.14,INR,upi,,,,True,False,False,,False,,,,,,,,,False,501,2433.47,1,0.76,,,False
126890564089,cust_IJulZidhpNPu2F,1488.03,INR,upi,,,,False,,False,,False,,,,,,,,,False,74,815.05,0,,,,True
817487902217,cust_w5qM3jAUmRaOmj,1324.68,INR,card,607332,SBI,credit,False,,False,,True,insufficient_funds,51,2026-08-21 07:00:00,Friday,21.0,False,1.0,1.0,False,410,5290.78,2,,2026-08-22 04:06:00,21.1,False
773259183969,cust_njovZnemR7dxqS,2800.15,INR,upi,,,,True,True,False,,False,,,,,,,,,False,126,1369.06,4,,,,True
951698643531,cust_OmOt7UtML9WEBH,2483.57,INR,card,400014,HDFC,debit,False,,False,,False,,,,,,,,,False,177,2680.78,2,0.18,,,True
743433866904,cust_3rPc6n5Ra4vUKE,3132.46,INR,wallet,,,,True,True,False,,False,,,,,,,,,False,275,2877.11,1,0.1,,,False
462273941224,cust_vefeTB6f7NVDe2,1155.55,INR,upi,,,,True,True,False,,False,,,,,,,,,False,224,2160.37,1,,,,True
320175822046,cust_ddWhQkixFKoj1n,277.05,INR,card,607332,SBI,debit,False,,False,,True,insufficient_funds,51,2026-07-28 04:00:00,Tuesday,28.0,True,4.0,4.0,False,157,5977.99,1,,2026-07-29 09:30:00,29.5,True
343145218587,cust_wEwuCGxfDHPEpu,319.09,INR,upi,,,,False,,False,,True,insufficient_funds,51,2026-07-08 17:00:00,Wednesday,8.0,False,1.0,1.0,False,12,3577.78,1,,2026-07-08 18:06:00,1.1,False
629683479368,cust_gKJFStct9PeWAV,272.94,INR,netbanking,,,,True,True,False,,False,,,,,,,,,False,344,4279.21,2,,,,False
113181489588,cust_K67uyL2GKeSm4Q,1395.72,INR,upi,,,,True,False,False,,False,,,,,,,,,False,469,2420.89,0,,,,False
020032717474,cust_p2OE64rvC86llE,1919.83,INR,upi,,,,False,,False,,True,insufficient_funds,51,2026-06-27 15:00:00,Saturday,27.0,True,4.0,4.0,True,173,3842.82,1,0.14,2026-06-27 19:36:00,4.6,False
824702229737,cust_t7GWo8tXRoSCHI,3546.57,INR,upi,,,,False,,False,,False,,,,,,,,,False,182,2066.46,1,,,,True
613725604095,cust_zS5DZLplqkwKcj,1354.65,INR,card,508227,ICICI,credit,True,False,False,,False,,,,,,,,,False,908,2594.03,1,0.56,,,True
576346054813,cust_dqr4pzrvFHvIv3,1358.26,INR,upi,,,,False,,False,,False,,,,,,,,,False,140,1217.21,0,,,,True
854369368623,cust_aoj5C4XCMLICxK,994.6,INR,upi,,,,True,False,False,,False,,,,,,,,,False,355,7888.31,1,0.43,,,False
806464681267,cust_zUCcKjyYBqKNLR,167.2,INR,card,417612,Kotak,debit,False,,False,,True,insufficient_funds,51,2026-08-21 02:00:00,Friday,21.0,False,2.0,2.0,False,233,3197.05,1,0.72,2026-08-22 15:36:00,37.6,False
558558284744,cust_iaVBWcptNi96XL,2491.19,INR,card,607331,SBI,credit,False,,False,,True,insufficient_funds,51,2026-07-16 17:00:00,Thursday,16.0,False,1.0,1.0,False,53,3015.05,1,0.28,2026-07-17 06:48:00,13.8,False
207432627925,cust_hPuLWw1UHW3u3X,1455.55,INR,card,417612,Kotak,debit,False,,False,,True,insufficient_funds,51,2026-07-23 14:00:00,Thursday,23.0,False,3.0,3.0,True,153,5273.89,1,0.66,2026-07-29 02:00:00,132.0,False
760965946557,cust_TxUiMNf1GPUdsd,1003.33,INR,card,524104,Axis,credit,True,False,False,,False,,,,,,,,,False,18,1289.61,0,0.27,,,False
404016190196,cust_6KDuie27aftdf9,3175.63,INR,netbanking,,,,True,True,False,,False,,,,,,,,,False,292,2861.79,0,,,,False
494063441498,cust_taRevPJfPv19Py,1035.19,INR,netbanking,,,,True,False,False,,False,,,,,,,,,False,216,2195.08,1,,,,False
551519726713,cust_LbiZBVFlUXSYF3,757.8,INR,upi,,,,False,,False,,False,,,,,,,,,False,357,1657.45,1,0.21,,,True
753481235206,cust_c584Hn7x25KGsc,2277.74,INR,card,607332,SBI,credit,False,,False,,True,insufficient_funds,51,2026-06-29 00:00:00,Monday,29.0,True,1.0,1.0,False,260,5302.7,1,0.93,2026-06-29 01:00:00,1.0,True
171286854789,cust_JTfI02BLzzPc4r,587.2,INR,upi,,,,True,True,False,,False,,,,,,,,,False,343,1403.86,1,0.5,,,False
804548190044,cust_ZvZ8Vx8vBrMsSX,477.06,INR,card,400012,HDFC,debit,False,,False,,False,,,,,,,,,False,128,7464.92,1,0.42,,,True
109647212316,cust_N0xV00Kkxr4Br6,329.08,INR,card,607332,SBI,credit,False,,False,,True,insufficient_funds,51,2026-07-10 05:00:00,Friday,10.0,False,3.0,3.0,False,294,2890.65,0,0.25,2026-07-13 13:12:00,80.2,True
161803960201,cust_8Coq4eRlXGnRW5,1349.61,INR,card,607331,SBI,credit,False,,False,,True,insufficient_funds,51,2026-07-29 11:00:00,Wednesday,29.0,True,3.0,3.0,True,1042,3602.79,3,0.29,2026-07-29 11:24:00,0.4,False
607375489058,cust_bYMXyFK4sHuHel,2659.96,INR,card,524105,Axis,credit,True,False,False,,False,,,,,,,,,False,375,2531.16,0,0.27,,,False
640777068428,cust_xfRSJhJphRgvJz,2935.58,INR,upi,,,,False,,True,2.8,False,,,,,,,,,False,364,3696.78,1,0.84,,,False
356455945715,cust_aIK8bPkeX6Taq7,2910.85,INR,upi,,,,False,,False,,True,insufficient_funds,51,2026-06-26 20:00:00,Friday,26.0,True,2.0,2.0,False,550,836.36,1,0.55,2026-06-26 23:12:00,3.2,False
403001625683,cust_kCkvQalRhBJ3CU,1284.58,INR,netbanking,,,,True,True,False,,False,,,,,,,,,False,227,3105.27,2,0.04,,,False
439116486016,cust_Isw1UZoqbMnMV1,1221.5,INR,card,524105,Axis,debit,True,False,False,,False,,,,,,,,,False,56,249.24,1,,,,False
721849274742,cust_ZOpVqS74BFXZRS,3351.0,INR,card,400013,HDFC,debit,True,True,False,,False,,,,,,,,,False,60,1126.33,3,0.23,,,True
291696766337,cust_wZZjodfvJYOudf,998.56,INR,upi,,,,False,,False,,True,insufficient_funds,51,2026-07-22 16:00:00,Wednesday,22.0,False,1.0,1.0,False,1829,254.34,1,0.28,2026-07-27 09:12:00,113.2,False
989098535191,cust_26WsyB7l0p6qwO,1889.23,INR,card,417612,Kotak,debit,False,,False,,True,insufficient_funds,51,2026-07-28 15:00:00,Tuesday,28.0,True,1.0,1.0,False,590,439.19,0,,2026-07-28 19:00:00,4.0,False
210842484137,cust_9wha4cAczR8A5d,2210.27,INR,card,417612,Kotak,credit,True,False,False,,False,,,,,,,,,False,679,4323.99,1,0.54,,,True
981215519879,cust_V8eBCe4dhFss5c,3366.64,INR,card,508228,ICICI,debit,False,,False,,False,,,,,,,,,False,138,2084.44,2,,,,True
703391442384,cust_4CnEFxsRuYiTlY,691.12,INR,card,508227,ICICI,credit,False,,False,,False,,,,,,,,,False,148,5283.8,4,0.45,,,True
179898899565,cust_BphnmukrE5GwSF,920.66,INR,upi,,,,False,,False,,False,,,,,,,,,False,247,2037.57,2,0.44,,,True
251724237294,cust_zh3udQPnvgmRER,1751.94,INR,upi,,,,False,,False,,True,insufficient_funds,51,2026-07-21 21:00:00,Tuesday,21.0,False,1.0,1.0,False,740,2267.24,0,,2026-07-24 04:36:00,55.6,False
614512158669,cust_8K6NrVlqG16GsW,2649.48,INR,upi,,,,False,,False,,True,insufficient_funds,51,2026-06-12 14:00:00,Friday,12.0,False,3.0,3.0,True,88,3603.53,4,0.13,2026-06-15 14:48:00,72.8,False
336238615172,cust_e4DOTbaCuvcEiI,700.11,INR,netbanking,,,,True,True,False,,False,,,,,,,,,False,383,1921.49,3,0.19,,,False
733905094833,cust_eGjzogrPWlE5Me,1042.98,INR,netbanking,,,,False,,False,,True,insufficient_funds,51,2026-07-13 10:00:00,Monday,13.0,False,4.0,4.0,True,562,5560.06,2,0.53,2026-07-21 02:24:00,184.4,False
165308384534,cust_XhGd1oqKE0ST7E,1065.34,INR,card,400012,HDFC,debit,False,,False,,True,insufficient_funds,51,2026-06-04 16:00:00,Thursday,4.0,True,5.0,5.0,True,22,1954.29,1,0.47,2026-06-05 22:12:00,30.2,False
666501263144,cust_NfjhZt0gDdgbQz,645.92,INR,card,607331,SBI,credit,False,,False,,False,,,,,,,,,False,848,2764.81,4,0.38,,,True
358689978302,cust_5oy1jGEzKNt31B,2055.73,INR,upi,,,,True,False,False,,False,,,,,,,,,False,198,2441.87,0,0.52,,,False
595265878313,cust_6CWb61Gqh8WYLH,988.98,INR,upi,,,,False,,False,,False,,,,,,,,,False,155,3969.59,2,0.46,,,True
333615509744,cust_hPuLWw1UHW3u3X,747.03,INR,upi,,,,False,,False,,False,,,,,,,,,False,153,5273.89,1,,,,True
883092239435,cust_PQ4zokKOjG89oe,912.61,INR,card,508228,ICICI,debit,True,False,False,,False,,,,,,,,,False,288,751.75,1,0.43,,,False
718467122755,cust_04BqXwG6SOyo68,1049.12,INR,upi,,,,False,,False,,False,,,,,,,,,False,362,993.28,0,,,,True
763012118088,cust_89emhJt5LBBfJ1,1290.1,INR,card,607332,SBI,credit,False,,False,,True,insufficient_funds,51,2026-06-13 07:00:00,Saturday,13.0,False,1.0,1.0,False,164,4653.68,0,,2026-06-17 07:42:00,96.7,False
067606358424,cust_fCdau1nMT1kzwC,2939.2,INR,netbanking,,,,True,False,False,,False,,,,,,,,,False,542,2936.78,1,0.39,,,False
406697670140,cust_1jYInBuNaVWswj,1938.04,INR,card,508228,ICICI,debit,True,False,False,,False,,,,,,,,,False,143,1445.31,3,,,,False
291059998263,cust_EaS5bnhLwvNfTg,1113.31,INR,card,607332,SBI,debit,False,,False,,False,,,,,,,,,False,242,2669.03,1,0.58,,,True
062019544328,cust_G1gTZD7G3PP751,239.85,INR,upi,,,,False,,False,,True,insufficient_funds,51,2026-07-14 16:00:00,Tuesday,14.0,False,1.0,1.0,False,509,1629.19,2,0.36,2026-07-18 14:24:00,94.4,True
227155053055,cust_OREOGRnWWMQ6ol,1125.53,INR,upi,,,,False,,False,,False,,,,,,,,,False,183,1320.31,1,0.65,,,True
490739497748,cust_z8Apb4mm7qT46X,6545.26,INR,card,417612,Kotak,debit,False,,False,,False,,,,,,,,,False,303,1729.96,2,0.53,,,True
097230872766,cust_DYUlODrpJLKS7x,4994.13,INR,card,607332,SBI,credit,False,,False,,True,insufficient_funds,51,2026-08-13 06:00:00,Thursday,13.0,False,3.0,3.0,False,349,3325.83,0,0.63,2026-08-13 12:30:00,6.5,True
214287110230,cust_fGlU5Jc7ACp191,1517.21,INR,card,417612,Kotak,credit,False,,False,,True,insufficient_funds,51,2026-08-06 01:00:00,Thursday,6.0,False,1.0,1.0,False,9,2891.82,0,0.74,2026-08-07 08:30:00,31.5,True
038149037661,cust_rMuyDG2LUcQ1gn,2646.22,INR,netbanking,,,,False,,False,,False,,,,,,,,,False,201,483.69,1,0.22,,,True
870227607503,cust_K4Xo8ZnmIm9lt6,561.74,INR,card,524105,Axis,credit,True,True,False,,False,,,,,,,,,False,130,2954.69,0,0.42,,,False
407011163103,cust_FuOloAXx2mV6wc,4499.36,INR,card,508227,ICICI,debit,False,,False,,True,insufficient_funds,51,2026-06-24 11:00:00,Wednesday,24.0,False,4.0,4.0,True,342,2806.96,1,0.32,2026-06-24 19:06:00,8.1,False
438890972864,cust_TktKjC1SCyaRDc,1682.21,INR,card,607332,SBI,credit,False,,False,,True,insufficient_funds,51,2026-07-16 21:00:00,Thursday,16.0,False,1.0,1.0,False,153,3830.66,0,0.18,2026-07-18 09:06:00,36.1,False
377479171243,cust_M4iwXhWQfeG8d0,734.41,INR,card,524105,Axis,credit,False,,False,,False,,,,,,,,,False,430,2936.93,0,,,,True
791754127684,cust_nh7t1ciGEQg9w0,3492.29,INR,upi,,,,False,,False,,True,insufficient_funds,51,2026-08-29 21:00:00,Saturday,29.0,True,2.0,2.0,False,289,740.79,3,,2026-08-30 23:42:00,26.7,False
298038451440,cust_tiaAE24hzkJHT3,640.09,INR,card,400014,HDFC,credit,False,,False,,False,,,,,,,,,False,29,6281.66,1,0.27,,,True
491795203149,cust_naR8qPzztgcEXJ,134.73,INR,card,417612,Kotak,credit,False,,False,,False,,,,,,,,,False,34,1135.21,2,0.28,,,True
801317575827,cust_Qwca79isJS8jhu,1567.13,INR,card,524105,Axis,debit,False,,False,,True,insufficient_funds,51,2026-07-03 16:00:00,Friday,3.0,True,2.0,2.0,False,115,2855.6,3,0.57,2026-07-04 01:36:00,9.6,True
981234032524,cust_KL3W3951QwG6EU,343.72,INR,netbanking,,,,False,,False,,True,insufficient_funds,51,2026-07-28 09:00:00,Tuesday,28.0,True,1.0,1.0,False,215,1180.74,2,,2026-07-29 11:12:00,26.2,False
693839193554,cust_UAp8JRH0krW7s0,602.7,INR,card,524105,Axis,debit,False,,False,,False,,,,,,,,,False,455,3666.47,4,,,,True
283023070334,cust_ZPhoEJtRQGxkvU,719.2,INR,upi,,,,False,,False,,False,,,,,,,,,False,210,3588.28,2,0.24,,,True
031259535519,cust_xXAdzfNUotfg39,4042.61,INR,card,400012,HDFC,credit,False,,False,,False,,,,,,,,,False,649,630.5,3,0.41,,,True
539815675825,cust_EZQsHwohBdtSYy,820.06,INR,netbanking,,,,False,,True,24.4,False,,,,,,,,,False,17,3766.0,2,,,,False
885884179327,cust_XrdI1A5bq7qC4n,1536.7,INR,wallet,,,,False,,False,,True,insufficient_funds,51,2026-07-18 16:00:00,Saturday,18.0,False,1.0,1.0,False,418,3650.64,0,0.34,2026-07-19 18:12:00,26.2,False
870229367214,cust_MIgj1fHxSpi2Kb,3038.11,INR,card,508228,ICICI,debit,False,,False,,False,,,,,,,,,False,7,10140.43,2,0.22,,,True
495788490793,cust_7YvBQ9eW6aqoFm,950.98,INR,netbanking,,,,False,,False,,False,,,,,,,,,False,68,1301.43,2,0.52,,,True
953635847709,cust_YgeimUnGgEzI2M,2219.56,INR,upi,,,,False,,False,,True,insufficient_funds,51,2026-06-28 11:00:00,Sunday,28.0,True,3.0,3.0,True,402,3635.89,0,,2026-06-29 03:18:00,16.3,False
688262497157,cust_bmSkjWTaAPNtb0,2365.38,INR,netbanking,,,,False,,False,,False,,,,,,,,,False,339,5600.48,7,0.22,,,True
921566838781,cust_8XG5KtTyegr1il,724.98,INR,netbanking,,,,False,,False,,False,,,,,,,,,False,314,3806.77,1,0.12,,,True
635651558860,cust_K4Xo8ZnmIm9lt6,711.55,INR,netbanking,,,,True,True,False,,False,,,,,,,,,False,130,2954.69,0,0.42,,,True
283833787450,cust_7KiiDV1JqEsj6t,729.37,INR,upi,,,,False,,False,,False,,,,,,,,,False,28,7386.58,1,,,,True
554109061721,cust_obsQI4FXYCS7Mj,374.26,INR,netbanking,,,,False,,False,,False,,,,,,,,,False,143,3131.52,0,0.4,,,True
450772627534,cust_ytaYEetkNlvWVz,72.15,INR,card,417612,Kotak,credit,False,,False,,True,insufficient_funds,51,2026-08-15 22:00:00,Saturday,15.0,False,2.0,2.0,False,216,2803.77,0,0.15,2026-08-17 11:00:00,37.0,False
170932049564,cust_47dsR8W1fVrYDo,429.35,INR,card,417612,Kotak,credit,True,True,False,,False,,,,,,,,,False,146,1795.87,2,,,,False
982241013716,cust_8PbCc9QxMvhTYV,1095.96,INR,netbanking,,,,False,,False,,True,insufficient_funds,51,2026-06-27 22:00:00,Saturday,27.0,True,5.0,5.0,False,180,3029.61,1,0.7,2026-06-28 18:54:00,20.9,True
177589281991,cust_HfjwNhhfm2IQd9,423.99,INR,card,524104,Axis,credit,False,,False,,False,,,,,,,,,False,104,1058.46,2,,,,True
159780464413,cust_ez8POoNAPBlzZi,1293.66,INR,upi,,,,True,True,False,,False,,,,,,,,,False,978,1469.76,3,,,,False
674906926576,cust_3K6YVt8gk0dHAf,412.51,INR,card,417612,Kotak,credit,False,,False,,False,,,,,,,,,False,117,4372.02,0,0.42,,,True
063066313203,cust_fT44jVSzgZQaov,857.87,INR,upi,,,,False,,True,62.7,False,,,,,,,,,False,412,7262.81,0,0.66,,,False
548311170793,cust_uugZfexMlWSlZX,4020.05,INR,upi,,,,False,,False,,False,,,,,,,,,False,802,2197.98,0,,,,True
312606099037,cust_AZdNkF7JDJJMHq,434.16,INR,upi,,,,False,,False,,False,,,,,,,,,False,334,2072.38,0,0.44,,,True
904274960676,cust_LXWBqz8I5HZCQT,929.32,INR,upi,,,,False,,False,,False,,,,,,,,,False,304,3791.47,2,0.5,,,True
610412265933,cust_Vcm6HkdDtIdQI0,1690.97,INR,card,400013,HDFC,credit,False,,False,,False,,,,,,,,,False,409,1293.99,1,,,,True
381277199803,cust_h5rImkPpgnDZsG,1354.98,INR,upi,,,,False,,False,,False,,,,,,,,,False,742,3468.49,3,,,,True
120605325412,cust_3Uji4PJyuGxYx1,1313.51,INR,card,607332,SBI,debit,True,False,False,,False,,,,,,,,,False,150,1217.58,0,,,,False
795240758932,cust_D9n1Qs3SJv3xxl,370.56,INR,upi,,,,True,False,False,,False,,,,,,,,,False,104,2612.04,1,,,,False
434386129296,cust_sMnQe40FaRAvnQ,2015.36,INR,card,524105,Axis,credit,False,,False,,False,,,,,,,,,False,335,1279.08,1,0.34,,,True
071138794340,cust_gjo8TtOQSFi2ot,1889.33,INR,upi,,,,True,False,False,,False,,,,,,,,,False,355,3182.42,1,0.09,,,False
768590035388,cust_ddbrTSyH0opK9P,3409.44,INR,upi,,,,False,,True,26.4,False,,,,,,,,,False,90,5263.88,0,0.71,,,False
227093034174,cust_EZQsHwohBdtSYy,669.92,INR,card,417612,Kotak,debit,False,,False,,False,,,,,,,,,False,17,3766.0,2,0.24,,,True
115976951063,cust_MvBzZLWy67kbEB,3041.54,INR,wallet,,,,False,,False,,False,,,,,,,,,False,101,5640.07,3,0.59,,,True
611562727399,cust_G5dv8ytO3K3uaD,2668.92,INR,upi,,,,False,,False,,False,,,,,,,,,False,316,6030.04,0,,,,True
110587250191,cust_7gQq3YZ9TCgVla,1733.84,INR,upi,,,,False,,False,,False,,,,,,,,,False,73,1400.2,2,0.15,,,True
128771377015,cust_zFFtyikiUHVpu1,414.48,INR,upi,,,,False,,False,,False,,,,,,,,,False,414,2096.04,0,0.48,,,True
199041397419,cust_PnM31NHnUKRHwA,2036.14,INR,netbanking,,,,False,,False,,True,insufficient_funds,51,2026-06-20 03:00:00,Saturday,20.0,False,1.0,1.0,False,259,2395.2,2,0.36,2026-06-20 13:18:00,10.3,False
863023753077,cust_Obecc2cZD635SD,1210.13,INR,netbanking,,,,True,True,False,,False,,,,,,,,,False,25,884.8,2,,,,False
710245758988,cust_N1DfRytTlpTSIo,1538.11,INR,upi,,,,True,True,False,,False,,,,,,,,,False,523,6039.84,2,0.16,,,True
109414043614,cust_1Ud8hQb8rKlnni,2704.74,INR,card,607331,SBI,debit,False,,False,,False,,,,,,,,,False,526,2297.91,1,0.67,,,True
740502179532,cust_8DNnZOcxb1bHeo,1805.02,INR,netbanking,,,,False,,False,,False,,,,,,,,,False,62,2146.13,0,0.58,,,True
288878200852,cust_ZzJhP4AE1QdEd8,1009.55,INR,netbanking,,,,False,,False,,True,insufficient_funds,51,2026-08-15 14:00:00,Saturday,15.0,False,1.0,1.0,False,8,871.56,1,,2026-08-19 16:30:00,98.5,False
051541442973,cust_XYL71F0KwRuoHe,1376.39,INR,upi,,,,False,,False,,False,,,,,,,,,False,540,3956.7,0,,,,True
650509876278,cust_G3Icpu6ZuJZGeZ,3019.05,INR,upi,,,,True,True,False,,False,,,,,,,,,False,444,1312.63,2,0.27,,,False
471295915892,cust_gyNVZuGncz3LAx,3427.87,INR,upi,,,,False,,False,,False,,,,,,,,,False,185,1555.33,1,,,,True
256815296221,cust_ggWaaPBHAMp2MY,1635.53,INR,upi,,,,True,False,False,,False,,,,,,,,,False,243,5637.5,1,,,,False
979051849862,cust_jGckGR3FeWzYeB,303.77,INR,card,607332,SBI,credit,False,,False,,False,,,,,,,,,False,18,4851.25,2,,,,True
630768344425,cust_3Uji4PJyuGxYx1,1469.17,INR,card,417612,Kotak,debit,False,,False,,False,,,,,,,,,False,150,1217.58,0,0.12,,,True
314081861416,cust_MTZrHfQXDeDkoS,869.86,INR,netbanking,,,,False,,False,,True,insufficient_funds,51,2026-07-05 03:00:00,Sunday,5.0,True,3.0,3.0,True,57,1093.43,0,0.31,2026-07-05 11:24:00,8.4,False
472590509866,cust_hnDC06pvZ0OrAf,1486.97,INR,card,524104,Axis,debit,True,True,False,,False,,,,,,,,,False,7,2254.73,1,0.08,,,True
469353882064,cust_ShARajocbNd3xK,733.68,INR,card,607332,SBI,debit,True,True,False,,False,,,,,,,,,False,374,1309.24,1,0.15,,,True
918891239629,cust_1F1e9kzRttPUj3,886.97,INR,upi,,,,False,,False,,False,,,,,,,,,False,850,680.18,0,,,,True
053365122697,cust_fk6GSVi3j0aUTL,1173.66,INR,netbanking,,,,False,,False,,False,,,,,,,,,False,39,2181.24,1,,,,True
911074591225,cust_syEHLCVoPSldHE,944.24,INR,card,417612,Kotak,debit,True,True,False,,False,,,,,,,,,False,339,872.29,1,0.25,,,True
648410254156,cust_brKNYUirrJ7AFJ,1466.16,INR,upi,,,,True,False,False,,False,,,,,,,,,False,198,3481.5,3,0.18,,,False
136323778128,cust_oEDgK1ZJGhdE71,1340.3,INR,upi,,,,False,,False,,False,,,,,,,,,False,47,4402.28,0,,,,True
947693455712,cust_TrYNIGFlgswhlM,526.07,INR,card,524104,Axis,debit,True,False,False,,False,,,,,,,,,False,488,2061.81,2,,,,False
890065165779,cust_1UJ3A1IIPKoBAw,1362.35,INR,upi,,,,False,,False,,False,,,,,,,,,False,292,439.48,1,,,,True
896381241708,cust_NSD624mae86pwT,2343.01,INR,upi,,,,False,,True,17.3,False,,,,,,,,,False,571,3139.61,4,0.45,,,False
828789869659,cust_e4RxlVnmqsozm4,771.14,INR,upi,,,,False,,False,,True,insufficient_funds,51,2026-08-12 03:00:00,Wednesday,12.0,False,1.0,1.0,False,54,715.86,2,,2026-08-13 17:54:00,38.9,False
395324432173,cust_hgjPi6tqweUzX6,829.34,INR,netbanking,,,,False,,False,,False,,,,,,,,,False,138,384.34,0,0.76,,,True
021538982486,cust_hpdLX50J9pIEAs,1478.59,INR,card,508227,ICICI,credit,True,False,False,,False,,,,,,,,,False,583,5160.1,2,0.9,,,False
669181500701,cust_zWzCsh9GzuS9bV,601.76,INR,upi,,,,True,True,False,,False,,,,,,,,,False,56,2008.74,3,0.63,,,True
360485673290,cust_GOVDUx6wmvmjFD,2282.89,INR,upi,,,,False,,False,,False,,,,,,,,,False,22,8501.49,0,0.06,,,True
774957173825,cust_MFbmkBr5EXuIcn,1517.27,INR,card,508228,ICICI,debit,False,,False,,True,insufficient_funds,51,2026-07-22 16:00:00,Wednesday,22.0,False,1.0,1.0,False,75,5440.74,1,,2026-07-25 20:12:00,76.2,False
290720681263,cust_yKbZpObRubhTyd,3094.24,INR,wallet,,,,False,,False,,True,insufficient_funds,51,2026-07-15 23:00:00,Wednesday,15.0,False,3.0,3.0,True,690,4474.65,1,0.13,2026-07-20 17:30:00,114.5,False
968850005147,cust_MIs40UBk4w017X,4181.68,INR,upi,,,,False,,False,,True,insufficient_funds,51,2026-06-16 19:00:00,Tuesday,16.0,False,1.0,1.0,False,110,914.24,1,,2026-06-17 13:24:00,18.4,False
723386446726,cust_kUHIZrib5CG0lw,2112.88,INR,upi,,,,False,,False,,True,insufficient_funds,51,2026-06-19 23:00:00,Friday,19.0,False,1.0,1.0,False,408,2922.18,0,0.24,2026-06-25 10:24:00,131.4,False
432323741157,cust_9Ci1irxsuRFWyh,285.61,INR,upi,,,,False,,False,,True,insufficient_funds,51,2026-06-11 15:00:00,Thursday,11.0,False,1.0,1.0,False,20,6174.22,0,,2026-06-11 19:48:00,4.8,False
406397099636,cust_ZPhoEJtRQGxkvU,2490.46,INR,upi,,,,True,True,False,,False,,,,,,,,,False,210,3588.28,2,0.24,,,True
325869035644,cust_EuoxNpkHreBG8H,1994.09,INR,card,524105,Axis,credit,False,,False,,False,,,,,,,,,False,243,3447.3,2,0.2,,,True
653375443971,cust_lEHGhEnWUQ1NAX,3905.13,INR,card,400014,HDFC,credit,False,,False,,True,insufficient_funds,51,2026-06-24 21:00:00,Wednesday,24.0,False,1.0,1.0,False,23,4965.99,0,0.74,2026-06-28 21:18:00,96.3,True
168000458107,cust_pZ7FPI5obhq3V4,1891.1,INR,card,508227,ICICI,credit,False,,False,,True,insufficient_funds,51,2026-06-16 06:00:00,Tuesday,16.0,False,1.0,1.0,False,178,825.03,1,0.23,2026-06-16 19:42:00,13.7,False
210928056474,cust_xLyBihyegkswHu,2289.75,INR,card,508228,ICICI,debit,False,,False,,True,insufficient_funds,51,2026-07-20 14:00:00,Monday,20.0,False,1.0,1.0,False,239,3859.19,0,0.13,2026-07-24 12:42:00,94.7,False
274302754558,cust_5uHCaq9I144VYi,1237.27,INR,card,607331,SBI,credit,False,,False,,True,insufficient_funds,51,2026-08-12 23:00:00,Wednesday,12.0,False,1.0,1.0,False,743,795.22,4,,2026-08-19 21:54:00,166.9,False
588375129292,cust_hK2Qil62gfjVNt,495.46,INR,upi,,,,False,,False,,False,,,,,,,,,False,210,2534.96,1,,,,True
829554086927,cust_xAzBM6jtgzSGr0,1413.01,INR,upi,,,,False,,False,,False,,,,,,,,,False,654,7568.93,2,0.19,,,True
808317346199,cust_TktKjC1SCyaRDc,1114.01,INR,upi,,,,False,,False,,False,,,,,,,,,False,153,3830.66,1,0.18,,,True
823220376963,cust_pgpzkqxwPyaQ6S,638.24,INR,card,607332,SBI,credit,True,False,False,,False,,,,,,,,,False,75,1846.95,2,,,,False
786385900529,cust_oFy34nAJJgYjMq,1347.86,INR,upi,,,,False,,False,,True,insufficient_funds,51,2026-06-10 22:00:00,Wednesday,10.0,False,4.0,4.0,True,277,5140.48,1,0.08,2026-06-11 20:06:00,22.1,False
366128506425,cust_MryrfL9knOIC95,222.99,INR,card,400012,HDFC,debit,False,,False,,True,insufficient_funds,51,2026-06-20 22:00:00,Saturday,20.0,False,1.0,1.0,False,53,505.17,2,0.43,2026-06-22 04:06:00,30.1,False
225069633135,cust_XB0LNxV2rRA6Fs,607.25,INR,upi,,,,True,True,False,,False,,,,,,,,,False,52,3167.22,2,0.09,,,True
449313074985,cust_mLhwUDx2082MFd,626.44,INR,card,607331,SBI,credit,False,,False,,True,insufficient_funds,51,2026-07-05 14:00:00,Sunday,5.0,True,1.0,1.0,False,234,1039.45,1,0.31,2026-07-05 18:12:00,4.2,True
981667010016,cust_qepCYlASNIPUAu,2520.91,INR,card,417612,Kotak,debit,False,,False,,True,insufficient_funds,51,2026-06-28 20:00:00,Sunday,28.0,True,1.0,1.0,False,41,1158.84,0,0.31,2026-06-28 23:30:00,3.5,False
999004496805,cust_GIuUwZJJSMFPjv,1272.08,INR,upi,,,,False,,False,,False,,,,,,,,,False,41,1679.96,1,0.74,,,True
996434621103,cust_tKWM7gxKhytLDM,700.72,INR,card,524104,Axis,debit,False,,False,,True,insufficient_funds,51,2026-06-02 04:00:00,Tuesday,2.0,True,4.0,4.0,False,71,3701.91,2,0.54,2026-06-02 13:30:00,9.5,True
476082315295,cust_ERj5scPyYlj6am,2031.82,INR,card,508228,ICICI,debit,False,,False,,True,insufficient_funds,51,2026-07-10 10:00:00,Friday,10.0,False,2.0,2.0,False,449,2234.53,0,0.23,2026-07-12 13:00:00,51.0,False
588135097632,cust_7HOcGiS2Tb9F1f,1679.09,INR,card,400012,HDFC,debit,True,True,False,,False,,,,,,,,,False,601,3413.98,0,,,,False
121171698012,cust_HjTQLcbc7d0ND6,1835.83,INR,card,607332,SBI,credit,False,,False,,True,insufficient_funds,51,2026-08-25 05:00:00,Tuesday,25.0,True,1.0,1.0,False,34,6161.67,1,,2026-08-25 06:36:00,1.6,False
005894638334,cust_XH4PhvHSSNtjNS,631.74,INR,card,417612,Kotak,credit,False,,False,,True,insufficient_funds,51,2026-08-17 07:00:00,Monday,17.0,False,1.0,1.0,False,31,1046.95,0,0.5,2026-08-18 06:48:00,23.8,False
702700061886,cust_7GRre2gmS8hIVb,2553.78,INR,netbanking,,,,False,,False,,True,insufficient_funds,51,2026-07-23 16:00:00,Thursday,23.0,False,4.0,4.0,True,354,1261.69,1,0.57,2026-07-24 17:36:00,25.6,False
648959234704,cust_rpISlwFpziRlk6,2702.06,INR,netbanking,,,,True,False,False,,False,,,,,,,,,False,155,4358.06,1,,,,False
074943849135,cust_XmpmdeAiAgR8By,749.38,INR,upi,,,,False,,False,,False,,,,,,,,,False,181,3452.56,2,0.26,,,True
087911901473,cust_t28DjPPtqoPqcC,4176.21,INR,wallet,,,,False,,False,,True,insufficient_funds,51,2026-08-02 03:00:00,Sunday,2.0,True,5.0,5.0,True,417,2471.67,0,0.07,2026-08-02 21:06:00,18.1,False
163752115514,cust_UAqVsmBKUUp4xo,1042.28,INR,wallet,,,,False,,False,,False,,,,,,,,,False,153,3215.59,0,0.15,,,True
479196072855,cust_yb9wOykVsnKIMM,1155.78,INR,card,417612,Kotak,credit,False,,False,,False,,,,,,,,,False,289,1202.56,1,,,,True
049765756632,cust_wksaq9crY6OZwJ,2472.03,INR,upi,,,,False,,False,,True,insufficient_funds,51,2026-08-09 01:00:00,Sunday,9.0,False,2.0,2.0,False,593,1253.2,1,0.17,2026-08-13 08:54:00,103.9,False
183367048286,cust_ERj5scPyYlj6am,5601.23,INR,upi,,,,True,False,False,,False,,,,,,,,,False,449,2234.53,0,,,,False
291215310662,cust_ylXBzvnCPFImA7,330.24,INR,netbanking,,,,True,True,False,,False,,,,,,,,,False,166,3121.26,3,0.28,,,False
932634585200,cust_0IgzAZJE8TLrhU,1710.64,INR,card,508227,ICICI,debit,False,,False,,False,,,,,,,,,False,435,1668.36,0,,,,True
373501775355,cust_zS5DZLplqkwKcj,673.85,INR,card,508228,ICICI,debit,False,,False,,True,insufficient_funds,51,2026-06-21 00:00:00,Sunday,21.0,False,3.0,3.0,True,908,2594.03,0,0.56,2026-06-23 05:36:00,53.6,False
063132624245,cust_6YGSIJ6x7oK8r5,1468.47,INR,card,400014,HDFC,debit,False,,False,,True,insufficient_funds,51,2026-08-06 13:00:00,Thursday,6.0,False,1.0,1.0,False,572,4500.63,0,0.19,2026-08-06 17:54:00,4.9,False
820400012397,cust_8oRB0UPh4pPqsl,2154.13,INR,wallet,,,,False,,False,,True,insufficient_funds,51,2026-08-05 22:00:00,Wednesday,5.0,True,5.0,5.0,True,123,2719.92,3,,2026-08-07 09:00:00,35.0,False
781972604625,cust_UPjdFWu2oi10KW,2045.85,INR,card,524104,Axis,credit,False,,False,,True,insufficient_funds,51,2026-08-13 19:00:00,Thursday,13.0,False,5.0,5.0,True,145,595.59,1,0.12,2026-08-14 04:48:00,9.8,False
703983697152,cust_Y3UuI9sf8DbzVv,3099.35,INR,upi,,,,False,,False,,False,,,,,,,,,False,761,5783.21,0,0.42,,,True
484099198197,cust_uHW07jADh08TWq,1387.49,INR,card,400014,HDFC,credit,False,,False,,False,,,,,,,,,False,436,1035.68,1,0.57,,,True
733780672057,cust_RhOYdzkuZKs6lf,1488.12,INR,upi,,,,False,,True,4.0,False,,,,,,,,,False,178,3641.33,0,0.88,,,False
866709466658,cust_uO9CTw0NZAH1w6,1372.51,INR,upi,,,,True,False,False,,False,,,,,,,,,False,123,5000.18,1,,,,True
747621808947,cust_T1oJ2uO3LBpcQ5,1694.81,INR,card,607331,SBI,credit,False,,False,,True,insufficient_funds,51,2026-07-27 19:00:00,Monday,27.0,True,1.0,1.0,False,474,1885.96,0,0.65,2026-07-28 01:48:00,6.8,True
808405848537,cust_bsp5v5MmtCjaUh,1413.29,INR,card,508228,ICICI,debit,True,True,False,,False,,,,,,,,,False,112,4795.33,0,0.6,,,False
636808926693,cust_zVSezTwH0I0Wzs,2764.75,INR,upi,,,,True,True,False,,False,,,,,,,,,False,79,968.06,1,0.18,,,False
056067484295,cust_B3f1rocZVhgvHK,1810.36,INR,card,607332,SBI,credit,False,,False,,False,,,,,,,,,False,424,5146.86,0,0.71,,,True
441952107279,cust_jXce7YvSQnlxbX,1737.27,INR,upi,,,,False,,False,,False,,,,,,,,,False,354,1700.48,0,,,,True
673649866301,cust_3Uji4PJyuGxYx1,727.16,INR,wallet,,,,True,False,False,,False,,,,,,,,,False,150,1217.58,2,,,,False
361260278561,cust_7GRre2gmS8hIVb,1772.31,INR,upi,,,,False,,True,4.1,False,,,,,,,,,False,354,1261.69,1,0.57,,,True
973825887499,cust_vFQJo2TPRmIzBp,1383.1,INR,card,524105,Axis,debit,False,,False,,False,,,,,,,,,False,692,7049.42,0,0.34,,,True
418753144194,cust_uO9CTw0NZAH1w6,2533.76,INR,card,607331,SBI,credit,False,,False,,True,insufficient_funds,51,2026-06-04 22:00:00,Thursday,4.0,True,4.0,4.0,True,123,5000.18,1,0.02,2026-06-05 07:06:00,9.1,False
949232737605,cust_vUYcfZi13ALy9B,1016.86,INR,card,417612,Kotak,credit,False,,False,,False,,,,,,,,,False,501,2433.47,1,0.76,,,True
589096451779,cust_NSD624mae86pwT,148.83,INR,card,508228,ICICI,debit,True,False,False,,False,,,,,,,,,False,571,3139.61,3,0.45,,,False
074065579558,cust_YrUIU7aT4jrAw7,2131.89,INR,card,524105,Axis,credit,False,,False,,False,,,,,,,,,False,519,1686.06,2,0.15,,,True
006831220962,cust_nbMoxRClfOKCOA,415.29,INR,card,508228,ICICI,credit,False,,False,,True,insufficient_funds,51,2026-08-26 14:00:00,Wednesday,26.0,True,4.0,4.0,False,216,3304.25,1,,2026-08-26 15:18:00,1.3,True
620593771052,cust_ZOpVqS74BFXZRS,3432.49,INR,netbanking,,,,False,,False,,False,,,,,,,,,False,60,1126.33,0,0.23,,,True
907191876897,cust_2X2zGKGG7WmH55,1351.25,INR,card,524104,Axis,credit,False,,False,,True,insufficient_funds,51,2026-08-01 12:00:00,Saturday,1.0,True,1.0,1.0,False,155,5272.32,2,,2026-08-01 16:00:00,4.0,False
665833554567,cust_AHTGmdoSHucE84,1473.02,INR,upi,,,,False,,False,,True,insufficient_funds,51,2026-07-11 17:00:00,Saturday,11.0,False,4.0,4.0,True,105,6178.62,1,0.14,2026-07-13 21:48:00,52.8,False
281159280490,cust_k9myLKY9GkmgzR,850.21,INR,card,417612,Kotak,credit,False,,False,,False,,,,,,,,,False,610,4611.06,2,0.26,,,True
994792006816,cust_LqUFWuTwUQS0d1,3818.69,INR,netbanking,,,,False,,False,,False,,,,,,,,,False,563,1532.33,0,0.66,,,True
160370936741,cust_yCB3Jt1Ia0DnDG,1627.21,INR,upi,,,,False,,False,,True,insufficient_funds,51,2026-06-30 11:00:00,Tuesday,30.0,True,1.0,1.0,False,256,4199.45,0,,2026-07-01 05:18:00,18.3,False
471303891213,cust_LyGb0KVaW1MLCY,464.71,INR,card,607332,SBI,credit,False,,False,,True,insufficient_funds,51,2026-06-02 08:00:00,Tuesday,2.0,True,5.0,5.0,True,920,2337.0,0,,2026-06-02 22:06:00,14.1,False
298774777914,cust_HR9Eukj1mdrHfj,981.23,INR,card,524105,Axis,debit,False,,False,,True,insufficient_funds,51,2026-07-19 23:00:00,Sunday,19.0,False,2.0,2.0,False,193,5324.18,1,,2026-07-21 23:06:00,48.1,False
402122230666,cust_OiAt6ISoFdSr1u,188.15,INR,card,508227,ICICI,credit,False,,False,,False,,,,,,,,,False,53,7019.54,2,0.64,,,True
102450243315,cust_CcAW95oZz81F0k,2740.93,INR,card,524104,Axis,credit,False,,False,,True,insufficient_funds,51,2026-06-14 23:00:00,Sunday,14.0,False,3.0,3.0,True,75,1486.59,0,,2026-06-16 07:06:00,32.1,False
117714486511,cust_uEDVtmyEvsAuFk,3358.49,INR,upi,,,,True,False,False,,False,,,,,,,,,False,198,1970.31,1,,,,False
748008973112,cust_yWmodZL97yBWCy,2225.97,INR,upi,,,,False,,False,,True,insufficient_funds,51,2026-07-17 14:00:00,Friday,17.0,False,1.0,1.0,False,267,8367.44,1,0.16,2026-07-18 22:00:00,32.0,False
873392480070,cust_8a3IkFMd19E7uF,1418.29,INR,card,417612,Kotak,credit,False,,False,,True,insufficient_funds,51,2026-07-09 11:00:00,Thursday,9.0,False,2.0,2.0,False,239,6296.96,1,,2026-07-11 06:36:00,43.6,True
653432643425,cust_qErt0DFaclTttH,1711.54,INR,card,524104,Axis,credit,False,,False,,False,,,,,,,,,False,281,4061.47,0,0.53,,,True
977992311923,cust_KfbL6o7tdWNeDW,2197.87,INR,netbanking,,,,True,True,False,,False,,,,,,,,,False,186,2782.75,1,0.6,,,False
296130051900,cust_j55m8A7UqijALG,2077.43,INR,card,524104,Axis,credit,False,,False,,False,,,,,,,,,False,442,633.44,1,0.1,,,True
374050943650,cust_aKkhX0qbRm519x,342.86,INR,upi,,,,False,,False,,False,,,,,,,,,False,190,1820.86,2,0.17,,,True
570540936992,cust_0IgzAZJE8TLrhU,351.3,INR,card,417612,Kotak,debit,True,True,False,,False,,,,,,,,,False,435,1668.36,0,,,,False
168176063399,cust_2CmPSZiDRIM2gn,5617.68,INR,card,400013,HDFC,credit,False,,False,,False,,,,,,,,,False,245,2028.72,1,0.79,,,True
936937906133,cust_XTXcCi1SreIseG,564.57,INR,card,400012,HDFC,debit,True,True,False,,False,,,,,,,,,False,547,6064.26,0,0.32,,,False
140102621029,cust_rqvjj8pUgrFpPV,651.25,INR,upi,,,,False,,False,,True,insufficient_funds,51,2026-07-16 14:00:00,Thursday,16.0,False,4.0,4.0,True,255,773.62,0,0.53,2026-07-22 00:06:00,130.1,False
104089108884,cust_aoe8ZLPHLnHpIC,1724.26,INR,wallet,,,,False,,False,,True,insufficient_funds,51,2026-08-27 22:00:00,Thursday,27.0,True,1.0,1.0,False,10,2232.0,1,,2026-08-27 23:24:00,1.4,False
312012883836,cust_400wgOMpYGUEih,2085.72,INR,netbanking,,,,False,,False,,False,,,,,,,,,False,245,496.45,3,0.76,,,True
211188078326,cust_VnbnzCzXhNrVyx,562.18,INR,upi,,,,False,,False,,False,,,,,,,,,False,864,2380.63,3,0.31,,,True
169989022803,cust_7YvBQ9eW6aqoFm,306.59,INR,netbanking,,,,False,,False,,False,,,,,,,,,False,68,1301.43,2,,,,True
276075529364,cust_PiN8SRMrTV5xQH,2030.93,INR,card,607331,SBI,debit,False,,False,,False,,,,,,,,,False,235,3904.83,1,0.44,,,True
812924604100,cust_yh1qtiDvraaIb3,636.03,INR,card,524104,Axis,credit,False,,False,,True,insufficient_funds,51,2026-06-10 05:00:00,Wednesday,10.0,False,5.0,5.0,True,256,1595.53,0,,2026-06-11 18:12:00,37.2,False
927559980193,cust_ERj5scPyYlj6am,2529.97,INR,upi,,,,True,True,False,,False,,,,,,,,,False,449,2234.53,0,0.23,,,False
034275412653,cust_YC1BbZ1TPHGKIP,4039.6,INR,card,417612,Kotak,debit,True,False,False,,False,,,,,,,,,False,614,1134.62,1,0.63,,,False
097776325341,cust_8IT6MT78SrejPX,922.03,INR,card,607331,SBI,credit,True,False,False,,False,,,,,,,,,False,484,1661.0,0,0.14,,,False
671651418795,cust_fgZiOJQOTpWywX,787.54,INR,card,607332,SBI,credit,True,True,False,,False,,,,,,,,,False,286,3769.59,3,0.15,,,False
773216249352,cust_ePt8WuM7n72q3b,439.72,INR,upi,,,,False,,False,,False,,,,,,,,,False,23,1555.6,0,0.22,,,True
918727923053,cust_Ld3H6LBwPr3byl,736.99,INR,upi,,,,False,,True,115.1,False,,,,,,,,,False,167,3433.97,2,,,,False
289606817211,cust_XH4PhvHSSNtjNS,1345.26,INR,upi,,,,False,,False,,True,insufficient_funds,51,2026-07-07 00:00:00,Tuesday,7.0,False,2.0,2.0,False,31,1046.95,1,,2026-07-07 07:48:00,7.8,True
656278468866,cust_tKWM7gxKhytLDM,928.88,INR,card,417612,Kotak,debit,True,True,False,,False,,,,,,,,,False,71,3701.91,2,0.54,,,False
488916643959,cust_hR4yXxbC3Lf6K7,799.86,INR,upi,,,,False,,False,,False,,,,,,,,,False,115,1193.11,0,0.28,,,True
173066517334,cust_i5JCWIWkOyFY4t,2010.73,INR,upi,,,,False,,False,,True,insufficient_funds,51,2026-06-17 00:00:00,Wednesday,17.0,False,2.0,2.0,False,23,741.28,3,,2026-06-28 06:12:00,270.2,False
152371270116,cust_h8MmBz0Tr4k6g6,489.99,INR,card,508228,ICICI,debit,False,,False,,True,insufficient_funds,51,2026-06-12 05:00:00,Friday,12.0,False,2.0,2.0,False,110,1802.84,1,,2026-06-12 22:24:00,17.4,False
656914188239,cust_UAqVsmBKUUp4xo,1983.02,INR,netbanking,,,,False,,False,,False,,,,,,,,,False,153,3215.59,1,0.15,,,True
863166439989,cust_Tylssni9cjDmeb,936.05,INR,upi,,,,True,True,False,,False,,,,,,,,,False,1110,3873.8,1,0.42,,,True
731574301876,cust_jDYFfvIIieoMmt,4520.21,INR,card,417612,Kotak,debit,False,,False,,False,,,,,,,,,False,134,5374.53,0,,,,True
719283127669,cust_KL3W3951QwG6EU,191.99,INR,card,417612,Kotak,credit,True,False,False,,False,,,,,,,,,False,215,1180.74,2,0.12,,,True
323542757565,cust_sZAmNWxIDTEHgv,487.83,INR,wallet,,,,False,,False,,True,insufficient_funds,51,2026-08-01 21:00:00,Saturday,1.0,True,1.0,1.0,False,503,2587.91,1,0.61,2026-08-02 12:30:00,15.5,False
738664035538,cust_RJc2Fs2yovJ7gt,3767.76,INR,netbanking,,,,True,True,False,,False,,,,,,,,,False,173,1217.36,0,,,,True
183759988515,cust_VC3nKR3qiUXG5k,1726.11,INR,card,508227,ICICI,credit,True,False,False,,False,,,,,,,,,False,422,1183.51,1,,,,False
664842200097,cust_lVEbfOUXzZn2IU,5142.04,INR,netbanking,,,,True,False,False,,False,,,,,,,,,False,536,2292.0,1,0.62,,,False
441861818668,cust_ShYEvpJWNCpNrz,969.49,INR,upi,,,,False,,False,,True,insufficient_funds,51,2026-06-17 02:00:00,Wednesday,17.0,False,1.0,1.0,False,279,2315.14,0,0.33,2026-06-17 20:18:00,18.3,True
722420428471,cust_CsmDMZ1imwBmn6,848.93,INR,upi,,,,False,,False,,True,insufficient_funds,51,2026-08-04 08:00:00,Tuesday,4.0,True,2.0,2.0,False,126,519.14,1,0.53,2026-08-06 18:54:00,58.9,True
149293906451,cust_bKzbTl5xzMSvcF,2650.86,INR,upi,,,,False,,True,24.7,False,,,,,,,,,False,123,1622.5,1,,,,False
474480220357,cust_ZElPhmizDJoC0p,2170.71,INR,netbanking,,,,False,,False,,True,insufficient_funds,51,2026-07-01 15:00:00,Wednesday,1.0,True,5.0,5.0,False,177,2342.63,1,,2026-07-02 11:06:00,20.1,True
483452752090,cust_cvsJ5PA1vfBfDI,1680.31,INR,card,607332,SBI,debit,False,,False,,False,,,,,,,,,False,161,945.6,2,0.34,,,True
866013791386,cust_oFy34nAJJgYjMq,706.71,INR,netbanking,,,,False,,False,,True,insufficient_funds,51,2026-06-11 20:00:00,Thursday,11.0,False,1.0,1.0,False,277,5140.48,0,0.08,2026-06-20 04:06:00,200.1,False
201487030205,cust_FDUO4967luCPmS,1062.71,INR,upi,,,,True,True,False,,False,,,,,,,,,False,725,3619.08,2,0.96,,,False
104668181782,cust_zE8nbqV2wnL7a4,3045.17,INR,netbanking,,,,True,True,False,,False,,,,,,,,,False,76,5859.25,1,,,,False
546979849380,cust_k2wbJG87thm75f,2394.15,INR,netbanking,,,,True,False,False,,False,,,,,,,,,False,255,2414.61,0,0.59,,,False
300387230252,cust_tTQEMwkJKcZh7M,1835.16,INR,upi,,,,True,False,False,,False,,,,,,,,,False,8,3485.14,1,0.28,,,False
706299883111,cust_NWHmEPX4YFParh,726.71,INR,card,607332,SBI,debit,False,,False,,True,insufficient_funds,51,2026-07-22 00:00:00,Wednesday,22.0,False,4.0,4.0,True,4,3414.4,1,0.35,2026-07-28 08:06:00,152.1,False
160222591758,cust_C7aKqzcFqG1xAT,863.01,INR,card,508228,ICICI,debit,True,False,False,,False,,,,,,,,,False,44,3887.12,1,0.37,,,False
458794530999,cust_QmS4rsNe9i9EGv,1280.59,INR,card,417612,Kotak,credit,False,,False,,False,,,,,,,,,False,310,1578.86,0,0.58,,,True
062035531927,cust_FuOloAXx2mV6wc,233.71,INR,netbanking,,,,False,,False,,True,insufficient_funds,51,2026-06-28 10:00:00,Sunday,28.0,True,1.0,1.0,False,342,2806.96,1,0.32,2026-06-30 02:18:00,40.3,True
976606538526,cust_PiN8SRMrTV5xQH,1776.37,INR,upi,,,,True,True,False,,False,,,,,,,,,False,235,3904.83,2,0.44,,,False
170848768909,cust_EKOTSQnQb1Wk7Z,1369.24,INR,upi,,,,True,True,False,,False,,,,,,,,,False,182,1519.26,1,0.57,,,False
000246057875,cust_be0w0hRC9YOuF0,461.12,INR,upi,,,,False,,False,,False,,,,,,,,,False,564,2163.12,1,0.25,,,True
012062623878,cust_bmSkjWTaAPNtb0,2437.32,INR,card,417612,Kotak,debit,False,,False,,False,,,,,,,,,False,339,5600.48,0,0.22,,,True
990639053674,cust_wYJkv0Q30zKuAp,1767.57,INR,upi,,,,False,,False,,True,insufficient_funds,51,2026-08-16 18:00:00,Sunday,16.0,False,4.0,4.0,True,319,3009.05,0,,2026-08-28 05:06:00,275.1,False
143346880955,cust_a8kdXHLWxD0RiQ,2228.69,INR,upi,,,,True,True,False,,False,,,,,,,,,False,72,1083.47,0,0.33,,,False
273441539796,cust_48jKXISeDaaeEP,1624.19,INR,netbanking,,,,True,False,False,,False,,,,,,,,,False,47,10632.77,1,,,,False
222577414970,cust_qepCYlASNIPUAu,1819.0,INR,card,417612,Kotak,debit,False,,False,,False,,,,,,,,,False,41,1158.84,1,0.31,,,True
001861468529,cust_us8rGZtGyJkXk0,1655.64,INR,card,607331,SBI,credit,False,,False,,False,,,,,,,,,False,123,641.17,0,,,,True
500288424689,cust_3jGZQq4Lvs5L6Y,442.27,INR,wallet,,,,False,,False,,False,,,,,,,,,False,171,1701.5,0,,,,True
191770376395,cust_nfwrT5a5xT0o2C,843.81,INR,netbanking,,,,True,False,False,,False,,,,,,,,,False,7,848.69,0,0.51,,,False
566901244594,cust_2Q7pPiwSZFnM8X,4492.57,INR,card,607332,SBI,credit,False,,False,,False,,,,,,,,,False,18,2317.52,1,,,,True
389716274153,cust_kU39V3WL64ZOtI,1028.97,INR,wallet,,,,True,False,False,,False,,,,,,,,,False,154,1535.91,1,,,,True
187881385712,cust_E591eUcPZCtXTl,288.73,INR,upi,,,,False,,False,,True,insufficient_funds,51,2026-06-11 06:00:00,Thursday,11.0,False,2.0,2.0,False,8,2599.84,1,0.41,2026-06-16 08:06:00,122.1,False
862336286694,cust_JXKCK0aFJEZarK,2898.94,INR,upi,,,,False,,True,13.6,False,,,,,,,,,False,107,3667.79,3,0.31,,,False
356721668279,cust_LyGb0KVaW1MLCY,309.12,INR,card,417612,Kotak,debit,False,,False,,True,insufficient_funds,51,2026-06-07 07:00:00,Sunday,7.0,False,5.0,5.0,True,920,2337.0,1,0.33,2026-06-13 00:48:00,137.8,False
267487242837,cust_Et9rLXoylaJ9aB,608.05,INR,wallet,,,,False,,False,,False,,,,,,,,,False,636,226.85,1,0.18,,,True
090777720002,cust_zh3udQPnvgmRER,2232.78,INR,card,417612,Kotak,debit,False,,False,,True,insufficient_funds,51,2026-07-02 03:00:00,Thursday,2.0,True,3.0,3.0,False,740,2267.24,1,,2026-07-02 06:18:00,3.3,True
170860870874,cust_9GYV1PLbaRP5b1,1078.88,INR,upi,,,,False,,False,,False,,,,,,,,,False,78,578.63,1,0.3,,,True
760455082942,cust_y0853SIub2Wf5j,2413.85,INR,netbanking,,,,False,,False,,True,insufficient_funds,51,2026-06-07 04:00:00,Sunday,7.0,False,2.0,2.0,False,114,3831.41,1,,2026-06-12 15:18:00,131.3,False
441849342386,cust_Y0V6aZtbYWUYsM,681.22,INR,wallet,,,,False,,False,,True,insufficient_funds,51,2026-07-17 00:00:00,Friday,17.0,False,1.0,1.0,False,1247,962.33,1,0.16,2026-07-17 05:12:00,5.2,False
030573202308,cust_bKI6Ukby24QtQI,496.44,INR,card,400012,HDFC,credit,True,False,False,,False,,,,,,,,,False,530,1713.8,0,0.65,,,False
068101405587,cust_MTZPSOldB5Prcx,2096.66,INR,card,400012,HDFC,credit,False,,False,,True,insufficient_funds,51,2026-07-06 06:00:00,Monday,6.0,False,1.0,1.0,False,378,4192.3,0,0.75,2026-07-08 21:06:00,63.1,True
263202657725,cust_tGT2IvuI9IgAob,707.29,INR,card,400013,HDFC,debit,True,False,False,,False,,,,,,,,,False,34,4995.31,0,0.27,,,False
889631396660,cust_ggWaaPBHAMp2MY,2475.45,INR,upi,,,,True,False,False,,False,,,,,,,,,False,243,5637.5,4,0.15,,,False
056122408099,cust_FpLIUPQOu7SsAo,3020.4,INR,upi,,,,False,,False,,True,insufficient_funds,51,2026-07-17 07:00:00,Friday,17.0,False,1.0,1.0,False,197,1396.34,3,,2026-07-27 02:36:00,235.6,False
787067553997,cust_MryrfL9knOIC95,5821.42,INR,card,400014,HDFC,debit,False,,False,,True,insufficient_funds,51,2026-07-10 02:00:00,Friday,10.0,False,4.0,4.0,True,53,505.17,0,0.43,2026-07-10 04:54:00,2.9,False
558983730327,cust_naR8qPzztgcEXJ,1730.64,INR,netbanking,,,,True,False,False,,False,,,,,,,,,False,34,1135.21,1,0.28,,,False
999610811776,cust_w5M3LVF066VJft,282.5,INR,upi,,,,False,,True,6.6,False,,,,,,,,,False,694,1697.1,3,,,,True
203768756934,cust_ouJlRvaBEF3JnW,1330.19,INR,upi,,,,True,False,False,,False,,,,,,,,,False,188,3857.86,1,0.17,,,True
447662158301,cust_7gQq3YZ9TCgVla,3413.03,INR,upi,,,,False,,False,,False,,,,,,,,,False,73,1400.2,1,0.15,,,True
204220999582,cust_TJcJ1H8ZgAbzHb,2678.97,INR,card,508228,ICICI,credit,False,,False,,True,insufficient_funds,51,2026-07-25 08:00:00,Saturday,25.0,True,3.0,3.0,True,437,2921.29,1,0.33,2026-07-25 17:24:00,9.4,False
287813800232,cust_PhetW4Ns6wSogQ,506.86,INR,netbanking,,,,True,False,False,,False,,,,,,,,,False,365,5763.02,1,0.22,,,False
541216048620,cust_9j3mhkVRwspsgP,582.76,INR,upi,,,,False,,False,,False,,,,,,,,,False,1150,2321.51,1,0.32,,,True
968476571287,cust_dm3hUwZuzSsThM,1655.24,INR,upi,,,,False,,False,,False,,,,,,,,,False,752,2699.75,1,0.43,,,True
180505275522,cust_yKbZpObRubhTyd,1834.36,INR,upi,,,,False,,True,2.8,False,,,,,,,,,False,690,4474.65,1,,,,True
818666988007,cust_xfRSJhJphRgvJz,5161.02,INR,card,524105,Axis,debit,False,,False,,False,,,,,,,,,False,364,3696.78,0,,,,True
522398949295,cust_y0853SIub2Wf5j,3181.31,INR,card,524105,Axis,credit,False,,False,,True,insufficient_funds,51,2026-06-23 18:00:00,Tuesday,23.0,False,2.0,2.0,False,114,3831.41,4,0.51,2026-06-25 22:48:00,52.8,True
684044024296,cust_PSnueB1iXKEdso,287.28,INR,upi,,,,False,,False,,False,,,,,,,,,False,99,1725.52,2,0.41,,,True
972269564858,cust_DdJViOm5Ry1kSm,1247.89,INR,card,508227,ICICI,credit,False,,False,,False,,,,,,,,,False,285,1259.92,0,0.32,,,True
550455824661,cust_K4Xo8ZnmIm9lt6,1446.29,INR,card,524105,Axis,credit,True,True,False,,False,,,,,,,,,False,130,2954.69,0,0.42,,,False
671022889345,cust_XrdI1A5bq7qC4n,867.94,INR,upi,,,,True,True,False,,False,,,,,,,,,False,418,3650.64,0,,,,False
142345093854,cust_DVRhUrRQ19qF7w,710.44,INR,wallet,,,,False,,False,,False,,,,,,,,,False,558,5693.24,1,0.52,,,True
263525569314,cust_lu4oILNaVoaRXy,1678.54,INR,card,607331,SBI,debit,False,,False,,True,insufficient_funds,51,2026-06-21 07:00:00,Sunday,21.0,False,2.0,2.0,False,271,1937.94,2,0.27,2026-06-21 21:30:00,14.5,False
126894333317,cust_R49u5pIM0uB37h,5366.77,INR,card,607332,SBI,debit,False,,False,,False,,,,,,,,,False,1674,1493.95,1,0.2,,,True
482595767012,cust_uIXXKBqy5kL386,2850.36,INR,upi,,,,False,,False,,False,,,,,,,,,False,123,1831.01,1,0.84,,,True
451675669549,cust_FojPPFfHpLLYF2,1270.69,INR,upi,,,,False,,False,,False,,,,,,,,,False,64,1609.18,0,0.16,,,True
049674249220,cust_t7GWo8tXRoSCHI,740.41,INR,card,607332,SBI,debit,True,True,False,,False,,,,,,,,,False,182,2066.46,5,0.24,,,False
198289282077,cust_HGbJEvqjsaHn6i,1024.16,INR,upi,,,,False,,False,,False,,,,,,,,,False,66,1575.8,3,,,,True
642552273161,cust_gZNnmHGWqByf9k,2498.9,INR,netbanking,,,,False,,False,,False,,,,,,,,,False,214,1115.12,0,0.11,,,True
912190778634,cust_rXfLnYDzu9vMRS,565.16,INR,card,508227,ICICI,credit,False,,False,,True,insufficient_funds,51,2026-06-20 19:00:00,Saturday,20.0,False,3.0,3.0,True,6,2972.49,0,,2026-06-23 03:24:00,56.4,False
817053543707,cust_OKorPj3MiTZent,1470.94,INR,card,524105,Axis,credit,False,,False,,False,,,,,,,,,False,349,444.01,2,0.69,,,True
719861039711,cust_8bzQZoLNztv1yf,592.36,INR,upi,,,,False,,True,57.4,False,,,,,,,,,False,677,5963.0,0,,,,False
575142254375,cust_XNaz8Tch8XLb3h,824.01,INR,card,524104,Axis,credit,True,False,False,,False,,,,,,,,,False,44,2356.61,0,0.41,,,True
942431894497,cust_7NuNVQqRDVegHs,2518.88,INR,card,524104,Axis,credit,True,False,False,,False,,,,,,,,,False,234,6355.35,0,0.18,,,True
024567327122,cust_CRjj2DsIDEJg6O,3363.5,INR,upi,,,,False,,False,,True,insufficient_funds,51,2026-08-16 17:00:00,Sunday,16.0,False,4.0,4.0,True,101,1827.88,2,,2026-08-25 00:30:00,199.5,False
706279590312,cust_1onLn25rRlXPQl,2493.27,INR,upi,,,,False,,False,,False,,,,,,,,,False,23,699.78,1,0.2,,,True
902843329282,cust_CVD95E5BZvv8oa,2577.75,INR,netbanking,,,,False,,False,,False,,,,,,,,,False,508,1367.93,2,0.38,,,True
975465470579,cust_B8ieO5Il0GN9jL,1259.17,INR,upi,,,,False,,False,,False,,,,,,,,,False,89,5615.95,1,,,,True
585196160784,cust_9gMY2F2BJcTuGK,1151.12,INR,upi,,,,False,,False,,True,insufficient_funds,51,2026-07-14 23:00:00,Tuesday,14.0,False,1.0,1.0,False,272,2484.58,0,0.22,2026-07-23 02:00:00,195.0,True
757996849599,cust_9GDXmVCoHStc8x,1064.5,INR,upi,,,,False,,False,,True,insufficient_funds,51,2026-08-01 14:00:00,Saturday,1.0,True,4.0,4.0,False,111,5681.42,2,,2026-08-01 20:42:00,6.7,True
817410703677,cust_mLhwUDx2082MFd,2799.13,INR,upi,,,,True,False,False,,False,,,,,,,,,False,234,1039.45,0,0.31,,,True
489487816703,cust_76M8uIU78TvxcK,698.04,INR,upi,,,,False,,True,11.2,False,,,,,,,,,False,201,3547.91,1,,,,False
556558083341,cust_LrjOwCuryXpy8e,445.84,INR,card,524104,Axis,debit,False,,False,,False,,,,,,,,,False,1281,1421.72,1,0.89,,,True
396802171557,cust_CJX9SexIkD33Ny,375.24,INR,netbanking,,,,True,False,False,,False,,,,,,,,,False,277,1675.64,1,0.22,,,False
496658877473,cust_aIK8bPkeX6Taq7,1442.96,INR,upi,,,,False,,False,,False,,,,,,,,,False,550,836.36,0,0.55,,,True
824819018355,cust_2iG00RvQ4Jb6Nb,507.02,INR,card,400012,HDFC,debit,False,,False,,False,,,,,,,,,False,113,4477.3,2,0.18,,,True
140196288480,cust_uwRpl4qQZBZIQl,485.24,INR,upi,,,,False,,False,,False,,,,,,,,,False,383,3274.32,0,0.17,,,True
062952933451,cust_Qwca79isJS8jhu,965.62,INR,card,524104,Axis,debit,False,,False,,True,insufficient_funds,51,2026-07-28 14:00:00,Tuesday,28.0,True,4.0,4.0,True,115,2855.6,5,0.57,2026-07-29 07:24:00,17.4,False
826710315380,cust_rqvjj8pUgrFpPV,575.96,INR,upi,,,,False,,False,,False,,,,,,,,,False,255,773.62,0,,,,True
407393185122,cust_Q0o1B1oOX8GT1g,1196.83,INR,upi,,,,True,True,False,,False,,,,,,,,,False,139,5735.65,1,0.38,,,False
500217771561,cust_bbSKeUUtphVk7x,1167.19,INR,card,524104,Axis,credit,True,False,False,,False,,,,,,,,,False,113,1267.55,2,0.62,,,False
943102963060,cust_MvBzZLWy67kbEB,1470.0,INR,card,508227,ICICI,debit,False,,False,,False,,,,,,,,,False,101,5640.07,0,0.59,,,True
346978860262,cust_K4gbGxfnw0mQi6,1382.4,INR,netbanking,,,,True,False,False,,False,,,,,,,,,False,143,4638.72,2,0.59,,,False
763765978426,cust_6YGSIJ6x7oK8r5,4779.37,INR,card,607331,SBI,debit,False,,False,,True,insufficient_funds,51,2026-07-21 03:00:00,Tuesday,21.0,False,1.0,1.0,False,572,4500.63,3,0.19,2026-07-22 07:06:00,28.1,False
869029093985,cust_Qz8PiX5f21RwZ5,790.55,INR,card,607332,SBI,debit,True,False,False,,False,,,,,,,,,False,130,3887.05,0,0.67,,,True
600567171652,cust_dkxp6EGABDARAb,2200.75,INR,card,508227,ICICI,credit,False,,False,,False,,,,,,,,,False,13,14579.45,3,0.3,,,True
347607488189,cust_pEz1BWEEjyJLuu,2129.45,INR,netbanking,,,,False,,False,,False,,,,,,,,,False,450,1915.57,1,,,,True
700943261758,cust_9Ci1irxsuRFWyh,2173.51,INR,upi,,,,True,False,False,,False,,,,,,,,,False,20,6174.22,3,0.35,,,False
058598859879,cust_CM4WdcC8UrgzzQ,718.41,INR,netbanking,,,,False,,False,,False,,,,,,,,,False,405,1082.91,4,0.58,,,True
172217439630,cust_VqYAwlEpmU96ut,589.4,INR,upi,,,,True,False,False,,False,,,,,,,,,False,142,1325.82,2,0.59,,,True
713556003661,cust_MJN0W4kzdrRGi3,434.38,INR,upi,,,,False,,False,,False,,,,,,,,,False,11,805.83,0,0.18,,,True
240646404515,cust_cR0UiAMiSmckev,791.86,INR,card,508227,ICICI,credit,False,,False,,True,insufficient_funds,51,2026-06-28 10:00:00,Sunday,28.0,True,2.0,2.0,False,14,2357.29,0,0.33,2026-06-28 22:12:00,12.2,False
931226165620,cust_qx3V8RB8m0jYk1,230.17,INR,netbanking,,,,True,False,False,,False,,,,,,,,,False,321,519.07,0,,,,False
956032601238,cust_oSzwmDNiJXgLbr,1362.83,INR,card,524105,Axis,debit,False,,False,,True,insufficient_funds,51,2026-07-26 08:00:00,Sunday,26.0,True,1.0,1.0,False,151,1049.77,0,0.47,2026-07-26 10:54:00,2.9,False
542263092766,cust_VC3nKR3qiUXG5k,3199.45,INR,upi,,,,False,,False,,True,insufficient_funds,51,2026-07-12 09:00:00,Sunday,12.0,False,5.0,5.0,True,422,1183.51,0,0.25,2026-07-23 20:30:00,275.5,False
770332615004,cust_NwxBI1Wx2w0LZr,1391.99,INR,netbanking,,,,False,,False,,True,insufficient_funds,51,2026-08-12 00:00:00,Wednesday,12.0,False,5.0,5.0,True,176,7939.09,0,0.52,2026-08-13 17:36:00,41.6,False
959915163548,cust_CwdkXFJFm59mDn,3476.15,INR,card,524105,Axis,debit,False,,False,,True,insufficient_funds,51,2026-06-08 12:00:00,Monday,8.0,False,2.0,2.0,False,35,2677.52,2,,2026-06-10 00:12:00,36.2,False
028835734632,cust_PgiI7DqZhmK5WI,1829.55,INR,card,524104,Axis,debit,False,,False,,False,,,,,,,,,False,261,3949.14,1,,,,True
073873119583,cust_kgYQeab5e8zIHs,667.12,INR,wallet,,,,False,,False,,False,,,,,,,,,False,39,738.89,3,0.68,,,True
948383268092,cust_LskeDhThzb9CDw,2291.99,INR,card,524104,Axis,debit,True,False,False,,False,,,,,,,,,False,386,1742.59,2,0.48,,,True
380668775823,cust_Jm2c2wGHrMuFF6,1353.17,INR,wallet,,,,False,,False,,False,,,,,,,,,False,332,3352.86,1,0.17,,,True
391578317821,cust_2K65US3McPl9x8,1671.35,INR,card,417612,Kotak,credit,False,,False,,False,,,,,,,,,False,95,194.21,2,0.37,,,True
679402333404,cust_IPjHJrvDx1oXZJ,1927.15,INR,upi,,,,False,,True,20.5,False,,,,,,,,,False,253,1851.45,1,0.53,,,True
328186922495,cust_RWFLvPdP2oIHjC,2610.87,INR,card,417612,Kotak,debit,False,,False,,True,insufficient_funds,51,2026-07-19 05:00:00,Sunday,19.0,False,1.0,1.0,False,169,3832.02,0,0.34,2026-07-22 17:54:00,84.9,False
952424264919,cust_Hpfj5HdeCgrkQC,2860.92,INR,netbanking,,,,False,,False,,True,insufficient_funds,51,2026-06-12 15:00:00,Friday,12.0,False,2.0,2.0,False,124,3504.46,1,0.31,2026-06-15 10:54:00,67.9,False
470273298706,cust_xAzBM6jtgzSGr0,1913.15,INR,netbanking,,,,False,,True,19.9,False,,,,,,,,,False,654,7568.93,0,,,,True
686663533740,cust_cZ3nKNi9OlUp4o,391.99,INR,upi,,,,True,True,False,,False,,,,,,,,,False,38,7899.64,1,0.21,,,False
343482386817,cust_4fBbBfxwejntj8,403.45,INR,card,417612,Kotak,debit,False,,False,,False,,,,,,,,,False,495,2472.47,0,,,,True
023994263689,cust_67GsgLgPmLuZGn,2045.22,INR,upi,,,,False,,False,,True,insufficient_funds,51,2026-07-08 07:00:00,Wednesday,8.0,False,1.0,1.0,False,24,3873.47,0,0.37,2026-07-09 14:54:00,31.9,False
417134026467,cust_fT44jVSzgZQaov,3738.64,INR,upi,,,,False,,False,,False,,,,,,,,,False,412,7262.81,4,0.66,,,True
401396982978,cust_pvJFQ9MkFNdVyn,210.95,INR,upi,,,,False,,False,,True,insufficient_funds,51,2026-06-29 10:00:00,Monday,29.0,True,4.0,4.0,False,120,5123.99,1,0.59,2026-06-30 12:48:00,26.8,True
165045943505,cust_SFjmhX2bIbT5sd,1335.41,INR,netbanking,,,,False,,False,,True,insufficient_funds,51,2026-07-18 15:00:00,Saturday,18.0,False,1.0,1.0,False,97,1446.66,0,0.82,2026-07-29 05:12:00,254.2,False
489257406737,cust_89DkxPzi0N7cJG,1422.62,INR,card,508227,ICICI,debit,True,False,False,,False,,,,,,,,,False,54,1281.94,1,0.16,,,False
535160563693,cust_f7hgYDv8AdgYs9,280.41,INR,card,400012,HDFC,debit,True,True,False,,False,,,,,,,,,False,787,4693.82,1,0.52,,,False
985852679022,cust_8TNBUDRszknUY5,1272.68,INR,card,417612,Kotak,debit,False,,False,,True,insufficient_funds,51,2026-07-21 17:00:00,Tuesday,21.0,False,2.0,2.0,False,154,9379.16,3,0.6,2026-07-24 14:12:00,69.2,True
733519087925,cust_aWfV0yG7nzrbt7,601.64,INR,upi,,,,False,,False,,False,,,,,,,,,False,234,6178.83,1,,,,True
936896573727,cust_QQb9R4eH0c3bFq,1023.15,INR,card,524104,Axis,credit,True,False,False,,False,,,,,,,,,False,685,1545.53,2,0.39,,,False
025746328227,cust_CxXOoO7I22zx1E,2472.62,INR,netbanking,,,,False,,False,,False,,,,,,,,,False,147,2409.14,0,,,,True
863792017337,cust_le1XCMLaDShVBl,1705.3,INR,upi,,,,False,,False,,True,insufficient_funds,51,2026-08-27 19:00:00,Thursday,27.0,True,2.0,2.0,False,48,788.62,1,,2026-08-28 09:18:00,14.3,False
458364401501,cust_XpQuiJYwMZd1I5,3020.12,INR,upi,,,,True,False,False,,False,,,,,,,,,False,225,611.44,1,0.07,,,False
489271883637,cust_T1oJ2uO3LBpcQ5,3145.31,INR,card,400012,HDFC,credit,False,,False,,False,,,,,,,,,False,474,1885.96,1,0.65,,,True
682294623182,cust_xNxay8qU8jIzxv,887.37,INR,card,417612,Kotak,debit,False,,False,,True,insufficient_funds,51,2026-08-15 20:00:00,Saturday,15.0,False,2.0,2.0,False,908,3375.95,0,0.71,2026-08-22 04:24:00,152.4,False
094682505541,cust_fgZiOJQOTpWywX,318.64,INR,card,508228,ICICI,credit,True,False,False,,False,,,,,,,,,False,286,3769.59,3,0.15,,,True
473786035007,cust_fo2txjakfJ2qD9,3226.74,INR,card,524105,Axis,credit,False,,False,,False,,,,,,,,,False,55,737.73,1,,,,True
329952364071,cust_xAzBM6jtgzSGr0,2658.78,INR,netbanking,,,,True,False,False,,False,,,,,,,,,False,654,7568.93,0,0.19,,,False
642060768621,cust_uUrQPHLHhvLNes,217.37,INR,card,417612,Kotak,debit,False,,False,,True,insufficient_funds,51,2026-08-20 17:00:00,Thursday,20.0,False,1.0,1.0,False,15,2067.89,1,0.84,2026-08-22 07:18:00,38.3,False
422954910721,cust_EaS5bnhLwvNfTg,215.1,INR,card,524105,Axis,debit,False,,False,,False,,,,,,,,,False,242,2669.03,0,0.58,,,True
229390047750,cust_FpLIUPQOu7SsAo,2677.34,INR,netbanking,,,,False,,False,,False,,,,,,,,,False,197,1396.34,2,0.17,,,True
764341862394,cust_2wMxmcAuleKff6,1503.24,INR,upi,,,,True,False,False,,False,,,,,,,,,False,431,776.68,0,,,,False
600442544882,cust_kxHDth1iYosyDL,132.96,INR,upi,,,,False,,True,5.0,False,,,,,,,,,False,64,452.68,0,0.28,,,False
051602733126,cust_Vcm6HkdDtIdQI0,909.21,INR,wallet,,,,False,,False,,True,insufficient_funds,51,2026-08-14 11:00:00,Friday,14.0,False,1.0,1.0,False,409,1293.99,1,0.27,2026-08-15 05:24:00,18.4,False
610280764862,cust_fgZiOJQOTpWywX,503.71,INR,upi,,,,False,,True,30.4,False,,,,,,,,,False,286,3769.59,0,,,,False
285889073725,cust_RaWUWT5NB63wB9,193.23,INR,netbanking,,,,False,,False,,True,insufficient_funds,51,2026-07-23 17:00:00,Thursday,23.0,False,2.0,2.0,False,176,1569.38,2,,2026-07-26 13:06:00,68.1,False
747400724529,cust_QEq0k8kePGyj9z,98.46,INR,card,524105,Axis,debit,False,,False,,False,,,,,,,,,False,117,1510.97,1,,,,True
627607282490,cust_8n2X8E5uaB6Po2,1371.92,INR,upi,,,,False,,True,86.5,False,,,,,,,,,False,243,350.47,2,0.62,,,False
077968536727,cust_BtDY53Z6cNI0dL,2131.18,INR,card,524104,Axis,credit,True,False,False,,False,,,,,,,,,False,144,1500.97,1,0.58,,,True
520431650738,cust_8TNBUDRszknUY5,557.57,INR,upi,,,,True,False,False,,False,,,,,,,,,False,154,9379.16,0,0.6,,,False
362352034269,cust_u8UZuehgnYJzyb,222.65,INR,upi,,,,True,True,False,,False,,,,,,,,,False,306,791.69,1,,,,False
977041198490,cust_SFjmhX2bIbT5sd,620.94,INR,netbanking,,,,False,,False,,True,insufficient_funds,51,2026-06-07 13:00:00,Sunday,7.0,False,1.0,1.0,False,97,1446.66,1,0.82,2026-06-09 23:30:00,58.5,False
764732433947,cust_be0w0hRC9YOuF0,1281.33,INR,netbanking,,,,True,False,False,,False,,,,,,,,,False,564,2163.12,1,,,,False
816134326982,cust_5J7Unll18MYhLG,3627.44,INR,upi,,,,False,,True,34.9,False,,,,,,,,,False,54,1863.13,2,0.55,,,False
160556441885,cust_odh0a2tvWYjMiE,3905.13,INR,upi,,,,False,,True,0.5,False,,,,,,,,,False,532,3029.3,2,,,,True
940501260491,cust_Zf7xnSlD9NoRHO,496.16,INR,upi,,,,True,True,False,,False,,,,,,,,,False,56,3691.78,1,,,,True
126799771159,cust_LkCVcc508c3cIu,752.97,INR,netbanking,,,,False,,False,,True,insufficient_funds,51,2026-06-06 14:00:00,Saturday,6.0,False,2.0,2.0,False,78,1729.88,2,,2026-06-06 18:12:00,4.2,False
502944126610,cust_ZvZ8Vx8vBrMsSX,2235.0,INR,card,417612,Kotak,debit,False,,False,,False,,,,,,,,,False,128,7464.92,0,0.42,,,True
070127796016,cust_ztqgoaWWLN6eOI,946.9,INR,upi,,,,False,,False,,False,,,,,,,,,False,506,3104.18,1,0.54,,,True
826855263389,cust_q9UCABpByBTuyk,374.18,INR,upi,,,,False,,True,14.3,False,,,,,,,,,False,31,1988.9,0,0.48,,,False
751063265343,cust_H7H1iWTsimoYUz,1132.88,INR,card,524105,Axis,credit,False,,False,,False,,,,,,,,,False,280,1994.16,0,0.13,,,True
509925130877,cust_7GRre2gmS8hIVb,2550.34,INR,upi,,,,False,,False,,True,insufficient_funds,51,2026-07-21 07:00:00,Tuesday,21.0,False,1.0,1.0,False,354,1261.69,2,0.57,2026-07-24 17:24:00,82.4,True
113300635971,cust_gZNnmHGWqByf9k,309.19,INR,card,417612,Kotak,credit,False,,False,,False,,,,,,,,,False,214,1115.12,0,,,,True
619046497781,cust_mbIlC5vLNTj6V6,1940.67,INR,card,508227,ICICI,credit,True,False,False,,False,,,,,,,,,False,528,2834.18,0,,,,False
184053947196,cust_HVdjpZu0R0ygBJ,3422.58,INR,netbanking,,,,True,False,False,,False,,,,,,,,,False,77,3936.96,1,0.34,,,False
312478979492,cust_1R76S383dI6APi,1263.15,INR,netbanking,,,,False,,False,,True,insufficient_funds,51,2026-07-02 18:00:00,Thursday,2.0,True,3.0,3.0,True,495,702.79,2,0.71,2026-07-03 09:48:00,15.8,False
944940085993,cust_LSOSexYWdFG2uR,4011.01,INR,upi,,,,True,True,False,,False,,,,,,,,,False,69,8488.81,0,,,,False
925579742201,cust_sid1U7A67H9dPl,372.53,INR,netbanking,,,,False,,False,,True,insufficient_funds,51,2026-06-12 19:00:00,Friday,12.0,False,3.0,3.0,True,288,2548.02,2,,2026-06-13 01:36:00,6.6,False
693966674805,cust_l21E3auTTMxe9a,459.9,INR,netbanking,,,,False,,False,,False,,,,,,,,,False,16,3078.69,0,0.36,,,True
505759164254,cust_PSnueB1iXKEdso,3504.44,INR,card,400013,HDFC,credit,False,,False,,True,insufficient_funds,51,2026-07-26 01:00:00,Sunday,26.0,True,3.0,3.0,False,99,1725.52,0,,2026-07-26 19:18:00,18.3,True
987000970524,cust_wHTAUcx3iXlgGR,366.41,INR,netbanking,,,,False,,False,,False,,,,,,,,,False,200,3577.7,1,,,,True
580099899893,cust_t8UrdR68jJj4bq,2349.54,INR,upi,,,,False,,False,,False,,,,,,,,,False,148,3589.17,0,,,,True
074227546127,cust_8YKbftvyxBX0v5,2817.91,INR,upi,,,,False,,True,43.0,False,,,,,,,,,False,153,3179.04,0,0.23,,,False
993034791645,cust_b4dJH30gSCECGa,1587.6,INR,card,400012,HDFC,debit,True,False,False,,False,,,,,,,,,False,648,7639.98,3,0.26,,,False
282542153150,cust_BnIcDXNUvXuzPF,860.75,INR,card,524105,Axis,credit,False,,False,,True,insufficient_funds,51,2026-06-02 22:00:00,Tuesday,2.0,True,1.0,1.0,False,606,2546.63,1,0.36,2026-06-03 05:06:00,7.1,False
151356297498,cust_qzYh54tef4Ezn2,1237.08,INR,netbanking,,,,True,False,False,,False,,,,,,,,,False,739,3025.53,2,0.32,,,False
268641257175,cust_eGjzogrPWlE5Me,1137.55,INR,upi,,,,True,False,False,,False,,,,,,,,,False,562,5560.06,2,0.53,,,True
216437843380,cust_QEq0k8kePGyj9z,832.06,INR,upi,,,,False,,False,,False,,,,,,,,,False,117,1510.97,3,0.44,,,True
431994804716,cust_8iA63WIEcUT7cc,5359.8,INR,upi,,,,True,False,False,,False,,,,,,,,,False,23,565.03,3,,,,False
160408454323,cust_tiaAE24hzkJHT3,2591.74,INR,card,607332,SBI,credit,True,False,False,,False,,,,,,,,,False,29,6281.66,0,,,,False
424344139534,cust_GOVDUx6wmvmjFD,413.96,INR,card,524105,Axis,debit,False,,False,,True,insufficient_funds,51,2026-08-21 08:00:00,Friday,21.0,False,3.0,3.0,True,22,8501.49,2,,2026-08-23 19:00:00,59.0,False
119306625905,cust_7RlM5jQZGES6x7,551.21,INR,wallet,,,,False,,False,,True,insufficient_funds,51,2026-06-14 03:00:00,Sunday,14.0,False,3.0,3.0,True,159,565.11,0,0.32,2026-06-18 13:00:00,106.0,False
752391409357,cust_w5qM3jAUmRaOmj,3043.19,INR,card,417612,Kotak,debit,False,,False,,False,,,,,,,,,False,410,5290.78,1,0.33,,,True
094534842462,cust_yZv2AMGClrDtYO,1935.71,INR,card,524104,Axis,debit,False,,False,,True,insufficient_funds,51,2026-08-05 23:00:00,Wednesday,5.0,True,5.0,5.0,True,345,2484.0,2,,2026-08-06 18:18:00,19.3,False
506769379315,cust_XjPrA5hsupWEpU,1310.08,INR,card,400012,HDFC,credit,False,,False,,False,,,,,,,,,False,655,3896.94,1,0.55,,,True
471980609541,cust_nfwrT5a5xT0o2C,2489.21,INR,card,508227,ICICI,credit,False,,False,,False,,,,,,,,,False,7,848.69,0,0.51,,,True
470654460617,cust_rg9VhNGyOLSz7l,782.63,INR,card,400013,HDFC,credit,True,False,False,,False,,,,,,,,,False,86,6499.93,3,0.67,,,True
226552889048,cust_EuoxNpkHreBG8H,1063.88,INR,upi,,,,False,,True,32.7,False,,,,,,,,,False,243,3447.3,1,,,,False
515894395958,cust_CHypcq2Jj5CIod,1906.78,INR,card,417612,Kotak,credit,False,,False,,True,insufficient_funds,51,2026-08-06 23:00:00,Thursday,6.0,False,1.0,1.0,False,376,3262.06,1,0.6,2026-08-08 09:18:00,34.3,True
884638271076,cust_i5JCWIWkOyFY4t,1633.21,INR,card,417612,Kotak,credit,True,False,False,,False,,,,,,,,,False,23,741.28,1,0.68,,,False
144192753081,cust_1WvheaiqG3O1MZ,5425.7,INR,upi,,,,False,,False,,False,,,,,,,,,False,1,1231.77,1,,,,True
614750478787,cust_IxBiWxilFT9sgv,984.06,INR,card,607331,SBI,debit,False,,False,,False,,,,,,,,,False,61,644.92,1,0.16,,,True
146574196354,cust_T5m7DZIyvy6Pwo,3271.52,INR,upi,,,,True,False,False,,False,,,,,,,,,False,112,4112.39,1,,,,False
106134065119,cust_QThIOrrDZhZMa4,2576.21,INR,upi,,,,False,,False,,True,insufficient_funds,51,2026-06-05 01:00:00,Friday,5.0,True,1.0,1.0,False,572,4326.84,1,,2026-06-05 11:24:00,10.4,True
599690102176,cust_T5m7DZIyvy6Pwo,2025.94,INR,card,508227,ICICI,debit,False,,False,,False,,,,,,,,,False,112,4112.39,2,0.84,,,True
046390305506,cust_LwEP6aWYrSYMak,702.32,INR,card,524104,Axis,credit,False,,False,,False,,,,,,,,,False,89,1227.67,2,0.35,,,True
606888071873,cust_3iC5T7kusYEKOz,1434.59,INR,card,508228,ICICI,credit,False,,False,,False,,,,,,,,,False,443,2080.44,1,0.33,,,True
053810454529,cust_RFwVYL6s4m8v9K,1082.91,INR,netbanking,,,,True,False,False,,False,,,,,,,,,False,12,1861.92,1,0.58,,,True
960332759734,cust_YTVUKfHf4VtyyO,1837.28,INR,upi,,,,True,False,False,,False,,,,,,,,,False,602,1122.18,0,0.32,,,False
572735848973,cust_8QeF0NcKKNGOTj,2718.18,INR,upi,,,,False,,False,,False,,,,,,,,,False,119,2291.53,1,0.34,,,True
601217740788,cust_JdB6HO2e7kZ0Rl,3005.23,INR,upi,,,,True,False,False,,False,,,,,,,,,False,847,2788.16,2,0.33,,,False
349388996535,cust_xx9wWhe4fYLTN3,1229.57,INR,upi,,,,True,True,False,,False,,,,,,,,,False,31,3927.67,0,,,,False
344083489940,cust_iVM9WSTpBmKVa9,1213.34,INR,card,400013,HDFC,debit,True,False,False,,False,,,,,,,,,False,109,656.65,3,,,,False
700273558069,cust_3jGZQq4Lvs5L6Y,743.13,INR,card,417612,Kotak,debit,False,,False,,True,insufficient_funds,51,2026-08-22 23:00:00,Saturday,22.0,False,4.0,4.0,True,171,1701.5,1,0.19,2026-09-07 19:24:00,380.4,False
940832437252,cust_ylXBzvnCPFImA7,1012.88,INR,card,524105,Axis,credit,True,False,False,,False,,,,,,,,,False,166,3121.26,0,,,,False
463175356185,cust_ymaaCVcNqJengS,1909.58,INR,card,524105,Axis,debit,False,,False,,True,insufficient_funds,51,2026-07-15 02:00:00,Wednesday,15.0,False,1.0,1.0,False,418,3516.97,1,,2026-07-17 07:54:00,53.9,False
331781494156,cust_Z2GOLoU8pgj2vI,1210.94,INR,card,417612,Kotak,debit,True,True,False,,False,,,,,,,,,False,157,2526.14,2,0.58,,,True
012996448567,cust_5NiyGz2vyTU5H0,1624.16,INR,upi,,,,False,,False,,True,insufficient_funds,51,2026-06-17 10:00:00,Wednesday,17.0,False,1.0,1.0,False,75,1730.12,2,0.13,2026-06-23 06:00:00,140.0,True
552594485076,cust_diQ2aNhtMT9obg,4121.73,INR,netbanking,,,,False,,False,,True,insufficient_funds,51,2026-06-19 00:00:00,Friday,19.0,False,5.0,5.0,False,393,4490.05,0,,2026-06-20 10:54:00,34.9,True
960927608845,cust_oFy34nAJJgYjMq,1094.49,INR,netbanking,,,,False,,True,1.0,False,,,,,,,,,False,277,5140.48,3,0.08,,,False
778574450621,cust_hZLWumvMi5brH8,1616.96,INR,card,607331,SBI,credit,False,,False,,True,insufficient_funds,51,2026-07-28 10:00:00,Tuesday,28.0,True,1.0,1.0,False,300,387.78,0,0.22,2026-07-28 17:48:00,7.8,False
971419542509,cust_xNxay8qU8jIzxv,1720.91,INR,upi,,,,True,False,False,,False,,,,,,,,,False,908,3375.95,2,,,,False
153854423702,cust_YC1BbZ1TPHGKIP,863.5,INR,upi,,,,False,,False,,True,insufficient_funds,51,2026-08-02 17:00:00,Sunday,2.0,True,3.0,3.0,True,614,1134.62,0,0.63,2026-08-03 01:24:00,8.4,False
977781330809,cust_Ax3qJbVknaP0MX,2812.24,INR,card,607331,SBI,debit,False,,False,,True,insufficient_funds,51,2026-06-18 23:00:00,Thursday,18.0,False,2.0,2.0,False,14,7923.69,0,0.8,2026-06-25 12:42:00,157.7,True
410119898480,cust_lvLLoeHF6j6YZr,3165.81,INR,upi,,,,False,,False,,False,,,,,,,,,False,720,334.15,1,0.37,,,True
574617459100,cust_LZiOJIrADwGpkA,367.37,INR,card,607332,SBI,credit,False,,False,,False,,,,,,,,,False,392,163.04,1,0.38,,,True
518261096041,cust_FDUO4967luCPmS,3661.92,INR,card,417612,Kotak,debit,False,,False,,False,,,,,,,,,False,725,3619.08,1,0.96,,,True
517419390788,cust_Y442HKjpb9XQEw,957.5,INR,netbanking,,,,False,,False,,True,insufficient_funds,51,2026-06-21 18:00:00,Sunday,21.0,False,3.0,3.0,True,545,5555.23,1,0.44,2026-06-26 07:42:00,109.7,False
946413683211,cust_XTMAbnJ1xuoSPB,1864.28,INR,wallet,,,,False,,False,,True,insufficient_funds,51,2026-08-03 22:00:00,Monday,3.0,True,4.0,4.0,False,499,2673.25,3,,2026-08-04 13:36:00,15.6,True
184979263215,cust_sYGt2QMwVRktFf,1058.73,INR,upi,,,,False,,False,,False,,,,,,,,,False,1021,4278.08,0,,,,True
859041347240,cust_xNxay8qU8jIzxv,4911.89,INR,netbanking,,,,False,,False,,False,,,,,,,,,False,908,3375.95,1,0.71,,,True
557204756324,cust_GMLrstQRODj0JW,1443.43,INR,card,417612,Kotak,credit,False,,False,,False,,,,,,,,,False,19,5680.72,0,0.27,,,True
615406635460,cust_Fl13ZWoF6sIGt5,676.53,INR,card,524105,Axis,debit,False,,False,,False,,,,,,,,,False,96,1192.77,2,0.58,,,True
219971973146,cust_8Coq4eRlXGnRW5,853.3,INR,upi,,,,False,,False,,True,insufficient_funds,51,2026-07-20 03:00:00,Monday,20.0,False,3.0,3.0,False,1042,3602.79,1,,2026-07-20 15:18:00,12.3,True
488345017900,cust_yxGEXJxw1AAy1m,1109.69,INR,card,417612,Kotak,credit,False,,False,,False,,,,,,,,,False,100,8689.95,2,,,,True
249101674633,cust_MTZPSOldB5Prcx,814.97,INR,netbanking,,,,True,False,False,,False,,,,,,,,,False,378,4192.3,1,0.75,,,False
881699662952,cust_2iG00RvQ4Jb6Nb,1084.62,INR,card,524104,Axis,credit,False,,False,,False,,,,,,,,,False,113,4477.3,1,0.18,,,True
471080909062,cust_aQ6NWI3bzXbutX,399.28,INR,card,524105,Axis,credit,False,,False,,True,insufficient_funds,51,2026-08-22 04:00:00,Saturday,22.0,False,1.0,1.0,False,210,2160.09,1,0.19,2026-08-24 15:00:00,59.0,False
642424124953,cust_8UpHcTHrrvdxeZ,3386.03,INR,card,417612,Kotak,credit,True,True,False,,False,,,,,,,,,False,265,6269.86,0,,,,False
144291541095,cust_tAtjq9J6a05F8L,959.27,INR,card,508227,ICICI,credit,False,,False,,False,,,,,,,,,False,209,2823.84,2,0.66,,,True
282001699972,cust_fT44jVSzgZQaov,537.25,INR,netbanking,,,,False,,False,,True,insufficient_funds,51,2026-08-01 17:00:00,Saturday,1.0,True,1.0,1.0,False,412,7262.81,0,,2026-08-02 00:42:00,7.7,True
102930071166,cust_XpQuiJYwMZd1I5,4744.8,INR,card,417612,Kotak,debit,False,,False,,True,insufficient_funds,51,2026-06-06 21:00:00,Saturday,6.0,False,2.0,2.0,False,225,611.44,1,,2026-06-10 05:12:00,80.2,True
165214960531,cust_OA9Bi75DV01ySI,2622.91,INR,upi,,,,False,,False,,False,,,,,,,,,False,1112,350.78,1,0.39,,,True
286818587400,cust_Vh8ki0yZh1d2dE,2211.9,INR,upi,,,,True,False,False,,False,,,,,,,,,False,654,677.33,1,,,,True
652207340615,cust_OUKDtgudwfGf6C,860.46,INR,upi,,,,False,,False,,False,,,,,,,,,False,83,2331.36,3,0.15,,,True
102022539013,cust_csHw6rIZbLksMc,1738.14,INR,netbanking,,,,False,,False,,False,,,,,,,,,False,457,906.25,1,0.25,,,True
090305241099,cust_9Smlt6MNoJKEAb,1224.54,INR,card,607331,SBI,debit,False,,False,,False,,,,,,,,,False,852,3450.91,2,0.44,,,True
955158111267,cust_yxZenPoswE9dYf,2556.57,INR,upi,,,,True,False,False,,False,,,,,,,,,False,238,2135.92,1,,,,False
926072735721,cust_iT7WyH11Y4Y8PF,1030.96,INR,upi,,,,False,,True,37.7,False,,,,,,,,,False,58,1963.16,3,0.11,,,False
396239521811,cust_Tylssni9cjDmeb,1233.34,INR,card,417612,Kotak,debit,False,,False,,True,insufficient_funds,51,2026-07-08 13:00:00,Wednesday,8.0,False,4.0,4.0,True,1110,3873.8,1,0.42,2026-07-08 22:00:00,9.0,False
627137961143,cust_aoe8ZLPHLnHpIC,1259.03,INR,upi,,,,False,,False,,False,,,,,,,,,False,10,2232.0,0,,,,True
995329826886,cust_TrYNIGFlgswhlM,1733.16,INR,upi,,,,False,,False,,True,insufficient_funds,51,2026-06-15 22:00:00,Monday,15.0,False,1.0,1.0,False,488,2061.81,1,0.2,2026-06-17 09:48:00,35.8,False
759178118593,cust_AOwx67HbHvwcHp,3383.29,INR,card,508227,ICICI,debit,True,True,False,,False,,,,,,,,,False,20,3145.79,1,,,,False
065760071245,cust_KJi7OZLnaBmMkY,2401.6,INR,card,607332,SBI,credit,False,,False,,True,insufficient_funds,51,2026-07-20 23:00:00,Monday,20.0,False,2.0,2.0,False,1319,1128.96,0,0.29,2026-07-22 10:48:00,35.8,False
752719942151,cust_qYk6zJFzoc7kA8,1982.37,INR,card,607331,SBI,debit,False,,False,,True,insufficient_funds,51,2026-08-22 05:00:00,Saturday,22.0,False,1.0,1.0,False,566,1143.11,1,0.43,2026-08-24 02:24:00,45.4,False
439468250919,cust_Vh8ki0yZh1d2dE,943.28,INR,netbanking,,,,False,,False,,False,,,,,,,,,False,654,677.33,1,0.28,,,True
931843373980,cust_XAcxqYhZg76Vls,1797.25,INR,card,417612,Kotak,credit,False,,False,,True,insufficient_funds,51,2026-08-15 16:00:00,Saturday,15.0,False,2.0,2.0,False,178,1908.94,1,0.27,2026-08-20 00:54:00,104.9,False
605972316731,cust_rdS4OTEL3IAdUL,577.17,INR,upi,,,,False,,False,,False,,,,,,,,,False,96,284.78,1,,,,True
370770848196,cust_7SLqLKfXaiIkPU,2147.19,INR,card,400013,HDFC,debit,False,,False,,False,,,,,,,,,False,631,7150.51,0,0.26,,,True
951149933996,cust_Y69M0NBtVlJ1gx,540.18,INR,card,400013,HDFC,debit,False,,False,,False,,,,,,,,,False,116,1783.29,2,,,,True
698558975495,cust_pQ9BZcuPcxIAz8,959.41,INR,upi,,,,False,,False,,False,,,,,,,,,False,354,3771.63,3,0.72,,,True
675900655283,cust_dWrXrVEEqDzhvy,2401.79,INR,card,417612,Kotak,debit,False,,False,,False,,,,,,,,,False,305,7398.64,2,,,,True
176871616029,cust_XjPrA5hsupWEpU,1033.61,INR,netbanking,,,,False,,False,,True,insufficient_funds,51,2026-07-28 17:00:00,Tuesday,28.0,True,1.0,1.0,False,655,3896.94,2,0.55,2026-07-29 13:06:00,20.1,True
872263868633,cust_QzfnHBXkL1kVK3,1928.61,INR,wallet,,,,False,,False,,True,insufficient_funds,51,2026-07-13 14:00:00,Monday,13.0,False,4.0,4.0,True,4,693.47,2,0.35,2026-07-15 05:36:00,39.6,False
393878976167,cust_Qi0JiTNxzMm7Ft,595.08,INR,upi,,,,False,,False,,True,insufficient_funds,51,2026-07-02 01:00:00,Thursday,2.0,True,2.0,2.0,False,662,8525.46,0,0.37,2026-07-02 03:18:00,2.3,True
405041100575,cust_F6oz6nrH1Io3j7,1767.73,INR,netbanking,,,,False,,True,3.3,False,,,,,,,,,False,94,4823.15,0,,,,True
062418035562,cust_i5JCWIWkOyFY4t,2661.15,INR,upi,,,,True,False,False,,False,,,,,,,,,False,23,741.28,1,0.68,,,False
087188244709,cust_pZ4MKG5ThiE820,3506.06,INR,card,524104,Axis,debit,True,True,False,,False,,,,,,,,,False,54,1016.82,0,,,,False
088003099858,cust_tYq18KuXwYQLJN,1486.49,INR,upi,,,,True,False,False,,False,,,,,,,,,False,276,994.07,0,,,,False
626104846848,cust_6YGSIJ6x7oK8r5,1454.84,INR,wallet,,,,False,,False,,True,insufficient_funds,51,2026-07-05 17:00:00,Sunday,5.0,True,1.0,1.0,False,572,4500.63,1,0.19,2026-07-05 18:54:00,1.9,False
093077721238,cust_1yArGbBMhMgQdt,1341.51,INR,upi,,,,False,,False,,False,,,,,,,,,False,904,962.59,3,0.63,,,True
287160981894,cust_0IgzAZJE8TLrhU,397.48,INR,card,607332,SBI,credit,False,,False,,True,insufficient_funds,51,2026-07-07 18:00:00,Tuesday,7.0,False,1.0,1.0,False,435,1668.36,1,,2026-07-10 14:12:00,68.2,False
509799782470,cust_vkfVBGZ7H6ITcM,1463.58,INR,card,524105,Axis,credit,False,,False,,True,insufficient_funds,51,2026-07-31 10:00:00,Friday,31.0,True,3.0,3.0,False,1105,4260.96,0,,2026-07-31 22:18:00,12.3,True
204418332221,cust_oTbjtFSuKIh8g4,1488.66,INR,card,508227,ICICI,debit,False,,False,,False,,,,,,,,,False,49,1697.06,0,,,,True
134516929893,cust_BGilS9vvrgC6Tk,658.1,INR,card,607331,SBI,debit,False,,False,,False,,,,,,,,,False,15,3172.21,0,0.06,,,True
227130228103,cust_B8ieO5Il0GN9jL,1242.76,INR,upi,,,,False,,False,,True,insufficient_funds,51,2026-06-08 22:00:00,Monday,8.0,False,4.0,4.0,True,89,5615.95,1,0.26,2026-06-09 05:18:00,7.3,False
740716312315,cust_SkcpmQ72LLul2G,1424.24,INR,wallet,,,,False,,False,,False,,,,,,,,,False,102,1550.19,1,0.78,,,True
555190744390,cust_LBtp6rEKGD2iBY,2091.49,INR,netbanking,,,,True,True,False,,False,,,,,,,,,False,998,1746.58,1,0.4,,,False
385251648697,cust_LqUFWuTwUQS0d1,1433.91,INR,card,417612,Kotak,credit,False,,False,,True,insufficient_funds,51,2026-07-06 18:00:00,Monday,6.0,False,4.0,4.0,True,563,1532.33,1,,2026-07-23 04:18:00,394.3,False
753341458919,cust_8QeF0NcKKNGOTj,1592.39,INR,netbanking,,,,False,,False,,True,insufficient_funds,51,2026-06-21 17:00:00,Sunday,21.0,False,3.0,3.0,True,119,2291.53,0,0.34,2026-06-23 07:18:00,38.3,False
426795323328,cust_wClfySzy5Yl9no,1268.52,INR,wallet,,,,False,,False,,False,,,,,,,,,False,125,4048.55,0,,,,True
014329897521,cust_wZZjodfvJYOudf,1298.57,INR,card,400013,HDFC,credit,False,,False,,True,insufficient_funds,51,2026-06-27 02:00:00,Saturday,27.0,True,2.0,2.0,False,1829,254.34,2,0.28,2026-06-27 13:24:00,11.4,False
728166988174,cust_bsp5v5MmtCjaUh,2367.41,INR,card,400012,HDFC,debit,False,,False,,True,insufficient_funds,51,2026-07-25 15:00:00,Saturday,25.0,True,1.0,1.0,False,112,4795.33,0,0.6,2026-07-28 01:36:00,58.6,True
700107487610,cust_RdILv46F3kWoXb,1968.33,INR,netbanking,,,,False,,False,,True,insufficient_funds,51,2026-08-08 18:00:00,Saturday,8.0,False,2.0,2.0,False,1196,2095.07,3,,2026-08-16 13:00:00,187.0,False
153863088450,cust_OiAt6ISoFdSr1u,1115.16,INR,card,524105,Axis,credit,False,,False,,False,,,,,,,,,False,53,7019.54,1,0.64,,,True
254472916608,cust_5G7y3SjF9bChpQ,1446.64,INR,card,417612,Kotak,debit,False,,False,,True,insufficient_funds,51,2026-07-16 02:00:00,Thursday,16.0,False,2.0,2.0,False,525,3252.45,2,,2026-07-17 01:00:00,23.0,False
148241016711,cust_fCB4xiGYvFKghg,2653.46,INR,card,524105,Axis,debit,True,True,False,,False,,,,,,,,,False,117,2324.43,1,0.31,,,False
705234586365,cust_kU39V3WL64ZOtI,226.36,INR,card,607332,SBI,debit,True,True,False,,False,,,,,,,,,False,154,1535.91,0,0.69,,,True
964912906044,cust_3IvSqWhTxkKs2n,1579.66,INR,card,417612,Kotak,debit,False,,False,,True,insufficient_funds,51,2026-07-28 22:00:00,Tuesday,28.0,True,4.0,4.0,True,39,7144.97,1,0.11,2026-07-28 22:54:00,0.9,False
246407086035,cust_jzDAns80tkiSee,731.86,INR,upi,,,,False,,False,,True,insufficient_funds,51,2026-07-16 18:00:00,Thursday,16.0,False,2.0,2.0,False,323,3856.66,4,0.5,2026-07-17 05:00:00,11.0,False
529927060615,cust_y0853SIub2Wf5j,2102.04,INR,netbanking,,,,True,True,False,,False,,,,,,,,,False,114,3831.41,0,0.51,,,False
419338819799,cust_E11mfcix3byoTd,3682.2,INR,upi,,,,True,False,False,,False,,,,,,,,,False,197,1438.25,1,0.27,,,False
903220673995,cust_NcimdosHvNVz7S,1116.85,INR,card,508227,ICICI,credit,False,,False,,True,insufficient_funds,51,2026-06-19 18:00:00,Friday,19.0,False,1.0,1.0,False,418,3248.89,2,0.57,2026-06-19 23:48:00,5.8,False
237522172235,cust_wgx0F5l9uvaRb2,2358.23,INR,card,607332,SBI,debit,False,,False,,True,insufficient_funds,51,2026-08-18 00:00:00,Tuesday,18.0,False,2.0,2.0,False,482,517.3,1,,2026-08-19 05:06:00,29.1,False
786419634604,cust_woEBzppVyzWKvr,1321.08,INR,upi,,,,False,,False,,True,insufficient_funds,51,2026-07-15 23:00:00,Wednesday,15.0,False,1.0,1.0,False,68,4762.18,0,0.39,2026-07-16 03:24:00,4.4,False
466646990383,cust_CwdkXFJFm59mDn,920.23,INR,upi,,,,False,,False,,False,,,,,,,,,False,35,2677.52,1,0.61,,,True
511957049468,cust_zPzdyuVH7I71s8,1911.65,INR,wallet,,,,True,False,False,,False,,,,,,,,,False,190,509.08,0,0.27,,,False
876115447636,cust_iD9z850KeNYDX9,457.45,INR,upi,,,,False,,False,,False,,,,,,,,,False,302,3031.69,1,0.27,,,True
640431414508,cust_brEiDhfjJUgHMk,1727.62,INR,card,508227,ICICI,debit,False,,False,,False,,,,,,,,,False,286,5509.56,0,,,,True
318811592255,cust_8DNnZOcxb1bHeo,938.47,INR,card,524104,Axis,credit,False,,False,,False,,,,,,,,,False,62,2146.13,0,0.58,,,True
856239698769,cust_UzdJQT9lhzo7lH,707.76,INR,wallet,,,,False,,False,,True,insufficient_funds,51,2026-07-19 01:00:00,Sunday,19.0,False,4.0,4.0,True,577,2788.69,1,,2026-07-21 23:30:00,70.5,False
101119693572,cust_BkH6I2vW0njzLA,2673.79,INR,wallet,,,,False,,False,,True,insufficient_funds,51,2026-06-26 05:00:00,Friday,26.0,True,2.0,2.0,False,214,534.61,0,,2026-06-26 14:00:00,9.0,False
967167279320,cust_5LDQCHYzHigAmQ,780.84,INR,card,524104,Axis,credit,True,True,False,,False,,,,,,,,,False,214,352.33,2,0.09,,,True
991529116109,cust_Z0s2yzrfVlytcB,655.57,INR,card,607332,SBI,credit,False,,False,,False,,,,,,,,,False,61,1203.9,0,0.48,,,True
854782665556,cust_m4WqcAIUqqsrtP,3618.02,INR,card,508227,ICICI,credit,False,,False,,True,insufficient_funds,51,2026-06-24 13:00:00,Wednesday,24.0,False,2.0,2.0,False,57,6267.4,2,0.45,2026-06-25 18:18:00,29.3,False
632372792801,cust_1onLn25rRlXPQl,869.71,INR,card,417612,Kotak,debit,True,False,False,,False,,,,,,,,,False,23,699.78,4,,,,False
045095424001,cust_N0xV00Kkxr4Br6,1290.0,INR,upi,,,,False,,False,,True,insufficient_funds,51,2026-07-21 02:00:00,Tuesday,21.0,False,3.0,3.0,True,294,2890.65,2,0.25,2026-07-27 10:42:00,152.7,False
807656171203,cust_xfRSJhJphRgvJz,1239.56,INR,netbanking,,,,False,,False,,False,,,,,,,,,False,364,3696.78,2,0.84,,,True
047949915866,cust_e4RxlVnmqsozm4,1980.94,INR,upi,,,,True,False,False,,False,,,,,,,,,False,54,715.86,2,0.51,,,False
158604866482,cust_DJiS9HvlxNgbb1,150.08,INR,card,508228,ICICI,credit,False,,False,,False,,,,,,,,,False,846,2619.79,1,,,,True
001436892206,cust_3el9565hYbHiUW,1014.44,INR,card,400014,HDFC,credit,False,,False,,True,insufficient_funds,51,2026-06-17 23:00:00,Wednesday,17.0,False,1.0,1.0,False,67,397.97,1,0.1,2026-06-20 14:24:00,63.4,True
512718555298,cust_OEsTsPKPRbnQwE,6035.37,INR,upi,,,,False,,False,,False,,,,,,,,,False,23,1133.65,1,0.53,,,True
154864187130,cust_OZpF8Egf9iYdn8,1283.83,INR,card,400014,HDFC,debit,False,,False,,False,,,,,,,,,False,265,10856.59,0,0.39,,,True
084494368869,cust_lyQKIcH1u37ZbH,1730.45,INR,upi,,,,True,True,False,,False,,,,,,,,,False,2,351.36,0,0.32,,,False
510243499966,cust_5CWree01HF1LKf,2348.48,INR,upi,,,,False,,True,42.7,False,,,,,,,,,False,147,2694.76,1,0.63,,,True
143573162113,cust_yKbZpObRubhTyd,1433.22,INR,card,524104,Axis,debit,False,,False,,False,,,,,,,,,False,690,4474.65,1,0.13,,,True
651729420089,cust_UrR6yicTU8Zf9o,2864.69,INR,upi,,,,False,,False,,False,,,,,,,,,False,116,4770.78,1,0.46,,,True
808006785566,cust_yCB3Jt1Ia0DnDG,2357.74,INR,card,607332,SBI,debit,False,,False,,False,,,,,,,,,False,256,4199.45,1,0.3,,,True
323963887014,cust_JwtYZuZlTWG27v,1526.9,INR,card,607332,SBI,debit,False,,False,,False,,,,,,,,,False,431,1111.32,1,0.43,,,True
536879748275,cust_F9Gd81hIlnTd3H,514.04,INR,card,607332,SBI,credit,False,,False,,False,,,,,,,,,False,494,4468.46,2,0.5,,,True
989480899896,cust_AxODETgdM9lLRp,366.33,INR,card,508228,ICICI,credit,False,,False,,True,insufficient_funds,51,2026-07-21 06:00:00,Tuesday,21.0,False,5.0,5.0,True,421,1968.8,0,0.16,2026-07-23 17:30:00,59.5,False
405913104264,cust_9wha4cAczR8A5d,2264.13,INR,card,607331,SBI,debit,False,,False,,True,insufficient_funds,51,2026-08-24 11:00:00,Monday,24.0,False,1.0,1.0,False,679,4323.99,1,,2026-08-25 12:42:00,25.7,True
673684825183,cust_KL3W3951QwG6EU,3761.23,INR,netbanking,,,,False,,False,,True,insufficient_funds,51,2026-07-12 05:00:00,Sunday,12.0,False,1.0,1.0,False,215,1180.74,0,,2026-07-12 06:36:00,1.6,False
158782810559,cust_eoqPy7neKxKse4,935.83,INR,card,524105,Axis,debit,True,True,False,,False,,,,,,,,,False,128,2853.67,0,,,,False
617300865166,cust_ShfK6Josl0izBC,2174.31,INR,card,524105,Axis,debit,True,False,False,,False,,,,,,,,,False,69,5484.11,1,0.04,,,False
188260151581,cust_gBl8DXK7gAXB4i,6479.96,INR,netbanking,,,,False,,False,,False,,,,,,,,,False,64,1292.94,1,0.6,,,True
846120756776,cust_H4QOniD0NCNOJ1,2093.7,INR,upi,,,,True,False,False,,False,,,,,,,,,False,736,1624.11,0,0.53,,,False
192942081974,cust_9XaKPdGzPaGivx,5122.7,INR,card,524104,Axis,credit,False,,False,,True,insufficient_funds,51,2026-06-24 11:00:00,Wednesday,24.0,False,4.0,4.0,True,802,3502.71,0,0.12,2026-06-26 08:48:00,45.8,False
608452825936,cust_naR8qPzztgcEXJ,1671.61,INR,card,607332,SBI,debit,False,,False,,False,,,,,,,,,False,34,1135.21,1,0.28,,,True
002263324929,cust_C0pKWbm2FyLY7Q,1746.83,INR,card,524104,Axis,credit,False,,False,,True,insufficient_funds,51,2026-07-12 00:00:00,Sunday,12.0,False,1.0,1.0,False,123,4105.56,2,,2026-07-14 16:18:00,64.3,False
904189760248,cust_3K6YVt8gk0dHAf,391.46,INR,card,417612,Kotak,debit,False,,False,,True,insufficient_funds,51,2026-08-15 16:00:00,Saturday,15.0,False,2.0,2.0,False,117,4372.02,2,,2026-08-23 01:12:00,177.2,True
427987146474,cust_8gRGMOLAhR8irH,2149.94,INR,upi,,,,False,,True,24.9,False,,,,,,,,,False,153,2301.91,1,0.29,,,False
209946071306,cust_sR80qpJOCTHQLi,685.96,INR,wallet,,,,False,,False,,True,insufficient_funds,51,2026-06-05 00:00:00,Friday,5.0,True,1.0,1.0,False,122,2065.3,1,0.63,2026-06-05 13:12:00,13.2,True
488138887811,cust_ss2g3k7kUczkoN,2002.54,INR,wallet,,,,False,,False,,True,insufficient_funds,51,2026-08-22 13:00:00,Saturday,22.0,False,1.0,1.0,False,30,1290.63,2,0.26,2026-08-23 03:30:00,14.5,False
679846877249,cust_8n2X8E5uaB6Po2,1615.46,INR,card,524105,Axis,credit,False,,False,,False,,,,,,,,,False,243,350.47,1,,,,True
855975534470,cust_OKorPj3MiTZent,530.44,INR,card,607332,SBI,debit,False,,False,,True,insufficient_funds,51,2026-06-11 16:00:00,Thursday,11.0,False,5.0,5.0,True,349,444.01,2,0.69,2026-06-14 05:48:00,61.8,False
021918469037,cust_1DLAKMIh8rrELT,330.98,INR,netbanking,,,,False,,False,,False,,,,,,,,,False,220,3705.51,0,0.8,,,True
964127489652,cust_Pp2aj1mM2tQqZZ,406.96,INR,upi,,,,False,,False,,False,,,,,,,,,False,7,2185.3,0,0.71,,,True
404803391017,cust_1L6e5fXvgDQJEr,734.76,INR,netbanking,,,,False,,False,,False,,,,,,,,,False,175,417.39,1,0.52,,,True
841269549658,cust_s6nMmSVp8o7frT,707.24,INR,upi,,,,True,False,False,,False,,,,,,,,,False,188,3766.72,2,0.06,,,False
995076527555,cust_PQ4zokKOjG89oe,818.5,INR,card,524105,Axis,credit,True,False,False,,False,,,,,,,,,False,288,751.75,4,0.43,,,False
130773950174,cust_JmexI1h8wFFT5K,326.67,INR,card,607331,SBI,debit,True,True,False,,False,,,,,,,,,False,405,1172.96,3,0.62,,,False
946491789167,cust_yxGEXJxw1AAy1m,317.72,INR,card,400013,HDFC,debit,False,,False,,True,insufficient_funds,51,2026-08-07 17:00:00,Friday,7.0,False,1.0,1.0,False,100,8689.95,0,0.23,2026-08-12 04:24:00,107.4,False
831662090771,cust_9ALI8WqzWjC3UC,683.31,INR,card,607332,SBI,credit,False,,False,,True,insufficient_funds,51,2026-08-23 05:00:00,Sunday,23.0,False,1.0,1.0,False,161,3212.13,2,0.18,2026-08-23 08:36:00,3.6,False
503292743776,cust_SB8Us15l0WFQU3,616.67,INR,card,607332,SBI,debit,False,,False,,False,,,,,,,,,False,768,307.28,1,0.56,,,True
278050254086,cust_1uAEiMLZQXkneo,795.42,INR,upi,,,,False,,False,,False,,,,,,,,,False,297,1951.28,3,,,,True
968611233762,cust_WLlj0OfZhW8jrH,126.03,INR,upi,,,,True,False,False,,False,,,,,,,,,False,365,2385.06,1,0.44,,,False
015899209598,cust_OmOt7UtML9WEBH,2012.47,INR,upi,,,,True,False,False,,False,,,,,,,,,False,177,2680.78,2,0.18,,,False
580174703374,cust_oBKLYlEEP48Ggt,499.95,INR,card,524105,Axis,credit,True,True,False,,False,,,,,,,,,False,16,6710.28,1,0.13,,,True
662057838969,cust_kr1vXAVu07Zuhl,1465.74,INR,upi,,,,True,False,False,,False,,,,,,,,,False,254,2974.44,2,,,,False
443327137538,cust_PiN8SRMrTV5xQH,1287.88,INR,netbanking,,,,False,,False,,False,,,,,,,,,False,235,3904.83,2,0.44,,,True
742350940114,cust_KL3W3951QwG6EU,2169.95,INR,netbanking,,,,True,False,False,,False,,,,,,,,,False,215,1180.74,2,,,,True
486412277879,cust_FpLIUPQOu7SsAo,2667.53,INR,netbanking,,,,False,,False,,True,insufficient_funds,51,2026-07-26 21:00:00,Sunday,26.0,True,2.0,2.0,False,197,1396.34,0,0.17,2026-07-27 02:24:00,5.4,False
575739651419,cust_LpmPqVHXkKzSSt,516.33,INR,upi,,,,False,,False,,False,,,,,,,,,False,186,4043.32,0,,,,True
826574911540,cust_l0XVnkfCtiSYHI,2509.0,INR,card,417612,Kotak,credit,False,,False,,False,,,,,,,,,False,525,4913.67,3,,,,True
562625547582,cust_2auymlajXnDKCf,2567.36,INR,upi,,,,False,,True,13.8,False,,,,,,,,,False,191,3549.05,1,0.28,,,False
110200171753,cust_rdS4OTEL3IAdUL,5461.33,INR,card,508228,ICICI,debit,False,,False,,True,insufficient_funds,51,2026-07-24 12:00:00,Friday,24.0,False,3.0,3.0,True,96,284.78,0,0.24,2026-07-26 15:06:00,51.1,False
144164837908,cust_81AsqhQnGac72Q,787.16,INR,upi,,,,True,True,False,,False,,,,,,,,,False,530,516.57,2,0.75,,,True
533001100788,cust_rdS4OTEL3IAdUL,4588.13,INR,card,607331,SBI,credit,True,False,False,,False,,,,,,,,,False,96,284.78,1,0.24,,,False
966028338547,cust_bKzbTl5xzMSvcF,796.69,INR,netbanking,,,,False,,False,,False,,,,,,,,,False,123,1622.5,0,0.12,,,True
096726333897,cust_QMQodSF7id4hPB,1428.98,INR,netbanking,,,,False,,False,,True,insufficient_funds,51,2026-08-09 12:00:00,Sunday,9.0,False,1.0,1.0,False,635,2343.22,1,,2026-08-11 23:12:00,59.2,False
739848511025,cust_YW8ijQf52ITgIH,391.42,INR,card,524104,Axis,debit,False,,False,,False,,,,,,,,,False,53,7547.92,2,0.14,,,True
639395896538,cust_eb9FnZcwlaLfib,954.66,INR,netbanking,,,,False,,True,16.6,False,,,,,,,,,False,463,2357.79,0,0.34,,,True
384831629876,cust_oTbjtFSuKIh8g4,765.59,INR,upi,,,,False,,False,,False,,,,,,,,,False,49,1697.06,0,,,,True
800089165377,cust_5VMnYJSDLMob2E,3440.33,INR,card,417612,Kotak,credit,True,True,False,,False,,,,,,,,,False,191,4510.07,0,0.35,,,False
707226517969,cust_1L6e5fXvgDQJEr,1204.84,INR,upi,,,,True,False,False,,False,,,,,,,,,False,175,417.39,1,,,,False
064839373165,cust_uHW07jADh08TWq,2724.5,INR,upi,,,,False,,False,,False,,,,,,,,,False,436,1035.68,0,,,,True
349678476697,cust_O3BqXaH4fnpixd,1230.05,INR,card,524104,Axis,credit,False,,False,,True,insufficient_funds,51,2026-08-05 10:00:00,Wednesday,5.0,True,4.0,4.0,False,301,8635.24,1,0.26,2026-08-05 13:54:00,3.9,True
570388384873,cust_tTQEMwkJKcZh7M,1547.09,INR,card,400013,HDFC,debit,False,,False,,True,insufficient_funds,51,2026-06-23 18:00:00,Tuesday,23.0,False,1.0,1.0,False,8,3485.14,2,0.28,2026-06-30 08:06:00,158.1,True
040281494646,cust_4WqqEQ0budevT9,905.4,INR,upi,,,,False,,True,89.9,False,,,,,,,,,False,1437,1367.97,3,0.32,,,True
420096041574,cust_dm3hUwZuzSsThM,996.19,INR,card,524105,Axis,credit,False,,False,,False,,,,,,,,,False,752,2699.75,1,,,,True
184929708002,cust_dzbDHZ8y0hyq1m,2729.34,INR,netbanking,,,,False,,False,,False,,,,,,,,,False,26,416.3,3,,,,True
908229789244,cust_fvR9qH8YxV6uMf,2267.61,INR,card,417612,Kotak,debit,False,,False,,False,,,,,,,,,False,15,750.61,2,,,,True
586132969290,cust_jhs64K2K59Ye67,744.82,INR,netbanking,,,,True,True,False,,False,,,,,,,,,False,25,975.87,2,0.54,,,True
147630927802,cust_dcUqrPuBHZYeCg,2131.36,INR,upi,,,,False,,False,,True,insufficient_funds,51,2026-06-24 02:00:00,Wednesday,24.0,False,3.0,3.0,True,74,2033.57,1,0.41,2026-06-24 19:12:00,17.2,False
321854379260,cust_qb8paFAo4SFF09,1286.22,INR,netbanking,,,,True,True,False,,False,,,,,,,,,False,456,4437.12,3,,,,False
162704374414,cust_NWHmEPX4YFParh,3176.68,INR,netbanking,,,,True,False,False,,False,,,,,,,,,False,4,3414.4,2,,,,False
711775687845,cust_1DS7IQXJVZEgET,580.39,INR,card,508228,ICICI,credit,False,,False,,True,insufficient_funds,51,2026-07-13 18:00:00,Monday,13.0,False,1.0,1.0,False,183,1528.54,2,0.53,2026-07-15 13:12:00,43.2,True
107654594321,cust_l9oAySp6IHGiQl,218.34,INR,upi,,,,True,False,False,,False,,,,,,,,,False,717,2507.63,0,0.58,,,False
437329462132,cust_nAIX6pQJytRM26,404.1,INR,card,400012,HDFC,debit,False,,False,,False,,,,,,,,,False,396,1527.32,1,0.29,,,True
179211938017,cust_6YGSIJ6x7oK8r5,3302.81,INR,card,417612,Kotak,debit,False,,False,,True,insufficient_funds,51,2026-06-02 18:00:00,Tuesday,2.0,True,1.0,1.0,False,572,4500.63,1,0.19,2026-06-02 22:24:00,4.4,False
131106903016,cust_jXce7YvSQnlxbX,228.46,INR,card,417612,Kotak,debit,False,,False,,False,,,,,,,,,False,354,1700.48,0,0.25,,,True
683577794886,cust_Qz8PiX5f21RwZ5,4986.51,INR,upi,,,,False,,True,3.4,False,,,,,,,,,False,130,3887.05,0,,,,True
597540196527,cust_LZiOJIrADwGpkA,1048.65,INR,wallet,,,,False,,False,,False,,,,,,,,,False,392,163.04,3,0.38,,,True
270362091182,cust_EnxTDVwdfdta7x,253.66,INR,card,417612,Kotak,credit,False,,False,,True,insufficient_funds,51,2026-08-13 02:00:00,Thursday,13.0,False,5.0,5.0,True,242,1024.32,0,0.52,2026-08-16 19:00:00,89.0,False
676309583426,cust_B3f1rocZVhgvHK,615.39,INR,card,508227,ICICI,credit,False,,False,,False,,,,,,,,,False,424,5146.86,1,0.71,,,True
146714435232,cust_Iujx0rcKIrSINu,634.84,INR,upi,,,,False,,False,,False,,,,,,,,,False,435,1754.62,1,0.42,,,True
433298359578,cust_qzYh54tef4Ezn2,2524.12,INR,upi,,,,True,False,False,,False,,,,,,,,,False,739,3025.53,2,0.32,,,False
922492638526,cust_XhGd1oqKE0ST7E,3030.04,INR,card,400012,HDFC,debit,False,,False,,True,insufficient_funds,51,2026-07-10 12:00:00,Friday,10.0,False,3.0,3.0,True,22,1954.29,0,0.47,2026-07-10 19:42:00,7.7,False
881801871979,cust_u8UZuehgnYJzyb,2260.48,INR,card,607331,SBI,credit,False,,False,,True,insufficient_funds,51,2026-07-09 23:00:00,Thursday,9.0,False,4.0,4.0,True,306,791.69,5,0.14,2026-07-11 12:24:00,37.4,False
266166629138,cust_RRKvdvEcSNM107,2051.16,INR,card,400013,HDFC,credit,False,,False,,False,,,,,,,,,False,200,1223.49,2,0.19,,,True
876564835078,cust_OEC1WgRSxKrBjL,1292.84,INR,netbanking,,,,False,,False,,True,insufficient_funds,51,2026-08-09 01:00:00,Sunday,9.0,False,3.0,3.0,False,21,3844.83,2,0.08,2026-08-10 05:36:00,28.6,True
094390869318,cust_uaOxZZc0xWBJAx,882.54,INR,netbanking,,,,False,,False,,False,,,,,,,,,False,160,1981.42,1,0.26,,,True
937526439580,cust_WSGAi1UtWwgXoN,1254.29,INR,upi,,,,True,False,False,,False,,,,,,,,,False,433,2249.12,3,0.35,,,False
509140166881,cust_sJJUD5mpejWwTN,1617.77,INR,card,508227,ICICI,debit,True,False,False,,False,,,,,,,,,False,444,4629.71,1,,,,False
664481740705,cust_ztqgoaWWLN6eOI,1926.94,INR,upi,,,,True,True,False,,False,,,,,,,,,False,506,3104.18,3,0.54,,,False
951113368485,cust_uiKt8jpLyOCLzM,1302.71,INR,netbanking,,,,False,,False,,False,,,,,,,,,False,146,3622.6,1,,,,True
920359944014,cust_F6oz6nrH1Io3j7,2734.54,INR,card,417612,Kotak,debit,False,,False,,False,,,,,,,,,False,94,4823.15,0,,,,True
504875524301,cust_s3w13kGqtB81oI,1288.81,INR,upi,,,,False,,False,,True,insufficient_funds,51,2026-08-18 09:00:00,Tuesday,18.0,False,1.0,1.0,False,72,1430.29,2,0.14,2026-08-20 03:42:00,42.7,False
116287992011,cust_vZAzlJtxMlTUfB,650.2,INR,upi,,,,True,False,False,,False,,,,,,,,,False,72,1375.35,2,,,,True
332874637252,cust_TrYNIGFlgswhlM,674.01,INR,upi,,,,False,,False,,True,insufficient_funds,51,2026-07-23 00:00:00,Thursday,23.0,False,2.0,2.0,False,488,2061.81,2,0.2,2026-07-23 12:24:00,12.4,False
055997510527,cust_FpLIUPQOu7SsAo,423.25,INR,upi,,,,False,,False,,False,,,,,,,,,False,197,1396.34,0,0.17,,,True
389882967939,cust_fyRSk9eJhVihcT,1024.64,INR,netbanking,,,,True,False,False,,False,,,,,,,,,False,368,2915.84,2,,,,False
715642780194,cust_1F1e9kzRttPUj3,1483.3,INR,wallet,,,,False,,False,,False,,,,,,,,,False,850,680.18,2,0.48,,,True
281685240765,cust_j5wgIU7VmZC0JF,1193.4,INR,upi,,,,False,,False,,False,,,,,,,,,False,358,4288.67,1,0.31,,,True
842932652376,cust_hw4pf002LGHQyv,2148.03,INR,netbanking,,,,True,False,False,,False,,,,,,,,,False,285,2095.55,1,0.24,,,True
490905749550,cust_iVM9WSTpBmKVa9,1743.5,INR,upi,,,,True,False,False,,False,,,,,,,,,False,109,656.65,1,0.33,,,False
638258254202,cust_rXfLnYDzu9vMRS,674.7,INR,upi,,,,False,,False,,True,insufficient_funds,51,2026-06-30 15:00:00,Tuesday,30.0,True,4.0,4.0,True,6,2972.49,0,,2026-07-01 06:48:00,15.8,False
753308757146,cust_8DNnZOcxb1bHeo,1419.91,INR,upi,,,,False,,True,5.2,False,,,,,,,,,False,62,2146.13,1,0.58,,,False
389851807421,cust_eM5UAp4zpJFfsG,2127.72,INR,upi,,,,False,,True,46.1,False,,,,,,,,,False,197,1558.8,0,,,,False
738295824102,cust_vrGIdO1R2ZLrwj,2040.06,INR,netbanking,,,,False,,True,28.5,False,,,,,,,,,False,82,7649.03,2,0.47,,,False
668752799143,cust_iOdmWeNrX0RLIj,3979.11,INR,netbanking,,,,False,,False,,False,,,,,,,,,False,561,1445.78,2,0.53,,,True
003869968816,cust_PnM31NHnUKRHwA,272.82,INR,card,400012,HDFC,debit,False,,False,,False,,,,,,,,,False,259,2395.2,0,,,,True
482484272716,cust_le1XCMLaDShVBl,2725.5,INR,upi,,,,True,True,False,,False,,,,,,,,,False,48,788.62,2,0.32,,,False
486161714015,cust_WLlj0OfZhW8jrH,728.5,INR,upi,,,,False,,False,,False,,,,,,,,,False,365,2385.06,3,0.44,,,True
648009873998,cust_Pd3HIhsFq25vln,4844.02,INR,card,417612,Kotak,debit,False,,False,,True,insufficient_funds,51,2026-06-25 00:00:00,Thursday,25.0,True,5.0,5.0,True,588,8940.94,3,0.51,2026-06-25 20:54:00,20.9,False
449165212311,cust_t8UrdR68jJj4bq,2939.47,INR,upi,,,,False,,False,,False,,,,,,,,,False,148,3589.17,1,0.42,,,True
044137794344,cust_uUrQPHLHhvLNes,1607.65,INR,upi,,,,False,,False,,False,,,,,,,,,False,15,2067.89,1,,,,True
168480120061,cust_USyqRr99ut4ASy,703.22,INR,netbanking,,,,False,,False,,True,insufficient_funds,51,2026-08-06 16:00:00,Thursday,6.0,False,2.0,2.0,False,143,1043.22,1,,2026-08-13 19:30:00,171.5,False
973235062012,cust_RTFa8jnv32AHQi,2354.87,INR,card,400014,HDFC,credit,False,,False,,False,,,,,,,,,False,6,500.1,3,0.19,,,True
837017665296,cust_ukg2wgbzC9gYti,1333.87,INR,upi,,,,False,,False,,True,insufficient_funds,51,2026-07-27 03:00:00,Monday,27.0,True,3.0,3.0,True,109,2305.33,2,0.11,2026-07-27 09:36:00,6.6,False
879405822160,cust_UzhrSyWp8kxsqB,1167.46,INR,card,607331,SBI,debit,False,,False,,False,,,,,,,,,False,829,11847.27,0,0.75,,,True
137315688510,cust_MIs40UBk4w017X,701.11,INR,card,524104,Axis,credit,True,False,False,,False,,,,,,,,,False,110,914.24,1,0.05,,,False
770718630664,cust_zGsHHGMMQgMrSC,916.9,INR,card,508228,ICICI,credit,False,,False,,False,,,,,,,,,False,1,405.5,0,0.67,,,True
247451514252,cust_risZlUDyzN7K8h,1953.29,INR,upi,,,,False,,False,,False,,,,,,,,,False,29,956.54,1,0.29,,,True
345549441325,cust_CrPm8z159ned2u,2133.68,INR,card,508227,ICICI,credit,False,,False,,False,,,,,,,,,False,203,5626.3,2,0.2,,,True
752891954519,cust_Wcp2KLYUJ9bVT9,3672.52,INR,card,607331,SBI,debit,False,,False,,True,insufficient_funds,51,2026-06-10 02:00:00,Wednesday,10.0,False,1.0,1.0,False,155,1022.58,1,0.26,2026-06-10 04:00:00,2.0,False
540210830750,cust_y1oznvupv0FgJw,1228.05,INR,netbanking,,,,True,False,False,,False,,,,,,,,,False,78,1366.75,0,,,,False
922624315986,cust_wTnMHFMhNejk1G,5160.69,INR,upi,,,,False,,False,,False,,,,,,,,,False,15,4797.79,1,0.67,,,True
820134159756,cust_YYMvoBmRw7Dm8e,797.24,INR,card,417612,Kotak,credit,False,,False,,False,,,,,,,,,False,7,702.67,0,,,,True
259756726995,cust_nRmbuqlV9c5JhW,565.89,INR,upi,,,,True,True,False,,False,,,,,,,,,False,64,5352.13,1,0.24,,,True
355097798164,cust_SOvPQHwoItQFEs,3656.89,INR,card,417612,Kotak,debit,False,,False,,False,,,,,,,,,False,336,4566.71,1,0.26,,,True
887645570523,cust_CJX9SexIkD33Ny,1842.86,INR,netbanking,,,,False,,False,,False,,,,,,,,,False,277,1675.64,1,0.22,,,True
114461726200,cust_DMZzoPlZHLPzci,783.32,INR,upi,,,,False,,False,,False,,,,,,,,,False,48,4624.09,0,0.67,,,True
917781319488,cust_iS3uC4aoQDE6kG,1813.45,INR,card,607332,SBI,debit,True,False,False,,False,,,,,,,,,False,289,4849.78,3,0.42,,,False
857420015834,cust_iIEaXEEwSHOlUN,1060.07,INR,upi,,,,False,,False,,False,,,,,,,,,False,612,2716.67,2,0.38,,,True
364348518803,cust_B3f1rocZVhgvHK,114.15,INR,upi,,,,False,,False,,False,,,,,,,,,False,424,5146.86,2,0.71,,,True
327247182484,cust_l9oAySp6IHGiQl,664.02,INR,upi,,,,False,,True,12.6,False,,,,,,,,,False,717,2507.63,1,,,,False
962361152916,cust_bHdDqMwt5o775U,921.82,INR,upi,,,,True,True,False,,False,,,,,,,,,False,679,2973.8,0,,,,False
040250814885,cust_rpISlwFpziRlk6,379.98,INR,upi,,,,False,,False,,False,,,,,,,,,False,155,4358.06,1,0.16,,,True
877169461502,cust_bKzbTl5xzMSvcF,603.65,INR,card,400013,HDFC,credit,False,,False,,False,,,,,,,,,False,123,1622.5,0,,,,True
726901162211,cust_l21E3auTTMxe9a,1344.61,INR,card,417612,Kotak,debit,False,,False,,True,insufficient_funds,51,2026-07-18 05:00:00,Saturday,18.0,False,1.0,1.0,False,16,3078.69,0,0.36,2026-07-20 07:42:00,50.7,False
830387776956,cust_SkcpmQ72LLul2G,217.04,INR,card,508227,ICICI,credit,False,,False,,False,,,,,,,,,False,102,1550.19,1,0.78,,,True
646270856855,cust_a7GQSTiqTjqMIi,857.43,INR,upi,,,,True,False,False,,False,,,,,,,,,False,355,4065.19,0,0.14,,,True
525093342388,cust_V8eBCe4dhFss5c,1446.2,INR,card,400013,HDFC,debit,True,False,False,,False,,,,,,,,,False,138,2084.44,1,0.44,,,False
342508569959,cust_c2wmgaZJkv65iG,1016.42,INR,upi,,,,True,False,False,,False,,,,,,,,,False,239,3797.95,2,,,,False
692416468597,cust_qepCYlASNIPUAu,2241.25,INR,card,400012,HDFC,credit,True,True,False,,False,,,,,,,,,False,41,1158.84,0,0.31,,,False
402187547486,cust_XTXcCi1SreIseG,265.43,INR,card,524104,Axis,debit,False,,False,,False,,,,,,,,,False,547,6064.26,1,,,,True
402481342901,cust_bmSkjWTaAPNtb0,92.7,INR,card,508228,ICICI,debit,True,True,False,,False,,,,,,,,,False,339,5600.48,1,0.22,,,True
540463659470,cust_oWmsdu0MNI6NFF,3866.76,INR,upi,,,,False,,False,,False,,,,,,,,,False,434,3106.84,0,,,,True
796377556693,cust_oPZehhyXkajqur,989.88,INR,card,508228,ICICI,credit,False,,False,,False,,,,,,,,,False,240,833.46,0,0.31,,,True
858682600757,cust_XYL71F0KwRuoHe,347.52,INR,card,417612,Kotak,debit,False,,False,,False,,,,,,,,,False,540,3956.7,0,,,,True
850463888876,cust_BphnmukrE5GwSF,2594.46,INR,card,524104,Axis,credit,True,False,False,,False,,,,,,,,,False,247,2037.57,1,0.44,,,True
886943844811,cust_Y69M0NBtVlJ1gx,879.14,INR,card,524105,Axis,debit,False,,False,,True,insufficient_funds,51,2026-08-23 07:00:00,Sunday,23.0,False,3.0,3.0,True,116,1783.29,1,0.14,2026-08-31 00:36:00,185.6,False
943075157503,cust_f50YGGBJfvOqV8,1599.26,INR,upi,,,,False,,False,,True,insufficient_funds,51,2026-06-26 09:00:00,Friday,26.0,True,4.0,4.0,True,934,5968.31,0,0.32,2026-06-26 14:30:00,5.5,False
314623017297,cust_c8xR8eqcJ7mpSR,2059.48,INR,upi,,,,False,,False,,False,,,,,,,,,False,1125,881.17,3,0.21,,,True
709204563031,cust_LqfZIXLnqo9ieI,873.21,INR,card,417612,Kotak,credit,False,,False,,True,insufficient_funds,51,2026-07-25 23:00:00,Saturday,25.0,True,1.0,1.0,False,1067,3180.92,0,0.35,2026-07-26 17:06:00,18.1,True
394721904776,cust_7a41UQGoYvutkM,743.08,INR,card,607331,SBI,debit,True,True,False,,False,,,,,,,,,False,21,709.08,1,0.23,,,True
618482592900,cust_QgSBvEwsT04b2L,1468.44,INR,upi,,,,False,,False,,False,,,,,,,,,False,146,647.49,0,0.32,,,True
206100375841,cust_IgjLSXX1wtiaeD,2567.59,INR,card,417612,Kotak,credit,False,,False,,True,insufficient_funds,51,2026-06-29 02:00:00,Monday,29.0,True,2.0,2.0,False,480,1449.87,0,,2026-06-29 05:24:00,3.4,True
630118154356,cust_RFwVYL6s4m8v9K,69.08,INR,card,417612,Kotak,debit,False,,False,,False,,,,,,,,,False,12,1861.92,2,0.58,,,True
071541512024,cust_Ec99ENQ522WJzr,1425.17,INR,card,607331,SBI,debit,False,,False,,False,,,,,,,,,False,207,945.12,1,0.28,,,True
434320466714,cust_LJyBCh76yTSVLg,1444.68,INR,card,400014,HDFC,credit,False,,False,,True,insufficient_funds,51,2026-06-20 01:00:00,Saturday,20.0,False,1.0,1.0,False,694,2171.62,0,0.63,2026-06-20 11:54:00,10.9,True
510208615764,cust_xACRkDSaoAPVR1,851.26,INR,wallet,,,,False,,False,,True,insufficient_funds,51,2026-06-20 11:00:00,Saturday,20.0,False,1.0,1.0,False,349,2710.23,1,0.47,2026-06-22 05:06:00,42.1,False
382055814072,cust_mHzGSfzI4BaJoO,1435.67,INR,netbanking,,,,False,,False,,False,,,,,,,,,False,474,2822.08,1,0.54,,,True
506554721852,cust_bsp5v5MmtCjaUh,2642.06,INR,card,508227,ICICI,debit,False,,False,,True,insufficient_funds,51,2026-07-08 01:00:00,Wednesday,8.0,False,5.0,5.0,True,112,4795.33,2,0.6,2026-07-08 06:30:00,5.5,False
337216745612,cust_cR0UiAMiSmckev,1204.85,INR,card,607332,SBI,credit,False,,False,,False,,,,,,,,,False,14,2357.29,1,0.33,,,True
977633437534,cust_VsVswRvSY4nXdo,772.39,INR,upi,,,,True,False,False,,False,,,,,,,,,False,400,4504.0,0,0.35,,,False
215086221417,cust_EnxTDVwdfdta7x,2177.82,INR,netbanking,,,,True,False,False,,False,,,,,,,,,False,242,1024.32,1,,,,False
991164661865,cust_YYMvoBmRw7Dm8e,1130.04,INR,upi,,,,True,False,False,,False,,,,,,,,,False,7,702.67,1,0.57,,,False
401640308175,cust_RhVZXelCRIlrC3,366.89,INR,netbanking,,,,False,,False,,True,insufficient_funds,51,2026-07-14 02:00:00,Tuesday,14.0,False,3.0,3.0,True,194,673.27,0,0.16,2026-07-15 16:12:00,38.2,False
835646411516,cust_MwzLoePeQjhJlP,1129.09,INR,card,417612,Kotak,debit,False,,False,,False,,,,,,,,,False,24,3440.39,0,0.47,,,True
157861179826,cust_u9ZmKVJ0TX1eKg,424.83,INR,upi,,,,False,,False,,False,,,,,,,,,False,211,5126.1,1,0.09,,,True
479129764850,cust_QQb9R4eH0c3bFq,5553.73,INR,upi,,,,False,,False,,False,,,,,,,,,False,685,1545.53,1,0.39,,,True
592314318821,cust_B2i4NDz4SZI6Se,790.1,INR,card,508227,ICICI,credit,False,,False,,False,,,,,,,,,False,280,4146.74,2,0.15,,,True
752036462527,cust_iT7WyH11Y4Y8PF,596.44,INR,wallet,,,,False,,False,,True,insufficient_funds,51,2026-08-18 17:00:00,Tuesday,18.0,False,1.0,1.0,False,58,1963.16,0,0.11,2026-08-22 07:54:00,86.9,False
696584305516,cust_M4iwXhWQfeG8d0,571.06,INR,upi,,,,False,,False,,False,,,,,,,,,False,430,2936.93,0,,,,True
095923425888,cust_zWzCsh9GzuS9bV,727.48,INR,upi,,,,False,,False,,True,insufficient_funds,51,2026-08-22 09:00:00,Saturday,22.0,False,1.0,1.0,False,56,2008.74,0,0.63,2026-08-25 06:00:00,69.0,False
442280841132,cust_hWuZUFKd5ET3by,506.89,INR,card,508227,ICICI,debit,False,,False,,True,insufficient_funds,51,2026-07-15 18:00:00,Wednesday,15.0,False,3.0,3.0,True,7,3472.94,1,,2026-07-17 04:24:00,34.4,False
674970819861,cust_Cltph8lqfSI2Ut,2956.57,INR,upi,,,,False,,False,,False,,,,,,,,,False,181,3419.12,2,0.13,,,True
771715123359,cust_Bog76iATeqzNMm,73.71,INR,upi,,,,False,,False,,False,,,,,,,,,False,47,3112.17,1,,,,True
127559223774,cust_mHzGSfzI4BaJoO,829.03,INR,card,524104,Axis,debit,False,,False,,True,insufficient_funds,51,2026-08-19 12:00:00,Wednesday,19.0,False,1.0,1.0,False,474,2822.08,0,0.54,2026-08-22 01:48:00,61.8,False
298938960564,cust_E591eUcPZCtXTl,1646.14,INR,upi,,,,False,,False,,True,insufficient_funds,51,2026-07-02 21:00:00,Thursday,2.0,True,2.0,2.0,False,8,2599.84,1,0.41,2026-07-03 10:48:00,13.8,False
937450436741,cust_RUGJzMeAwy4vCL,3458.26,INR,card,524104,Axis,credit,True,True,False,,False,,,,,,,,,False,341,2700.8,0,,,,False
930441086700,cust_LkCVcc508c3cIu,2161.36,INR,card,417612,Kotak,credit,False,,False,,False,,,,,,,,,False,78,1729.88,3,0.05,,,True
730222294772,cust_MTZrHfQXDeDkoS,1742.92,INR,card,508228,ICICI,credit,True,False,False,,False,,,,,,,,,False,57,1093.43,0,0.31,,,False
190236448670,cust_rGd4QBUQUvIht5,2291.57,INR,netbanking,,,,False,,False,,False,,,,,,,,,False,33,519.71,2,0.39,,,True
079530999064,cust_4bBdfL5tgwI2y6,1729.69,INR,upi,,,,False,,False,,False,,,,,,,,,False,219,8643.48,2,,,,True
161116074469,cust_OEC1WgRSxKrBjL,740.28,INR,card,607331,SBI,debit,False,,False,,False,,,,,,,,,False,21,3844.83,0,0.08,,,True
643619261927,cust_B2i4NDz4SZI6Se,1140.24,INR,card,524105,Axis,credit,False,,False,,False,,,,,,,,,False,280,4146.74,2,,,,True
081807044851,cust_qYSHAGA81Moobm,769.04,INR,upi,,,,False,,False,,True,insufficient_funds,51,2026-08-09 20:00:00,Sunday,9.0,False,4.0,4.0,True,251,2907.24,3,0.24,2026-08-11 19:06:00,47.1,False
799413529775,cust_J25QxnPzhAVlWF,1972.66,INR,card,524104,Axis,debit,False,,False,,True,insufficient_funds,51,2026-08-08 05:00:00,Saturday,8.0,False,2.0,2.0,False,283,5444.1,2,0.28,2026-08-08 11:00:00,6.0,False
831108445715,cust_ScLBycjaYzPXUq,810.15,INR,card,508227,ICICI,debit,False,,False,,True,insufficient_funds,51,2026-08-02 08:00:00,Sunday,2.0,True,1.0,1.0,False,424,1299.72,1,0.49,2026-08-03 16:48:00,32.8,False
420463390446,cust_eHV1Zjj3wdslvf,203.37,INR,card,417612,Kotak,debit,False,,False,,False,,,,,,,,,False,164,1868.8,3,0.48,,,True
231738551706,cust_pCnRaUxvCt5Kwe,1402.96,INR,card,607331,SBI,debit,False,,False,,False,,,,,,,,,False,786,2507.93,0,0.16,,,True
064839480235,cust_m1mJEbSRDfTcDz,997.77,INR,netbanking,,,,True,False,False,,False,,,,,,,,,False,84,380.64,0,0.08,,,False
017050298350,cust_RFillwq0oSgfuS,315.74,INR,card,508227,ICICI,debit,False,,False,,False,,,,,,,,,False,511,2740.68,2,0.38,,,True
339684507405,cust_voKCXLr3nWFntI,418.86,INR,upi,,,,False,,False,,True,insufficient_funds,51,2026-06-10 21:00:00,Wednesday,10.0,False,1.0,1.0,False,3,1171.91,0,,2026-06-11 01:48:00,4.8,False
980915882430,cust_5uHCaq9I144VYi,3197.56,INR,upi,,,,False,,False,,False,,,,,,,,,False,743,795.22,1,0.27,,,True
117713458161,cust_iaVBWcptNi96XL,4067.3,INR,card,607331,SBI,credit,False,,False,,False,,,,,,,,,False,53,3015.05,1,0.28,,,True
095255156535,cust_dWrXrVEEqDzhvy,611.07,INR,card,417612,Kotak,credit,False,,False,,False,,,,,,,,,False,305,7398.64,0,,,,True
676350936643,cust_zGsHHGMMQgMrSC,884.03,INR,netbanking,,,,True,True,False,,False,,,,,,,,,False,1,405.5,1,0.67,,,False
826655879951,cust_4CnEFxsRuYiTlY,1705.1,INR,netbanking,,,,False,,False,,True,insufficient_funds,51,2026-07-24 02:00:00,Friday,24.0,False,1.0,1.0,False,148,5283.8,1,0.45,2026-07-27 23:42:00,93.7,True
658173371805,cust_cXMdH74ZyrtAXN,1442.11,INR,upi,,,,False,,True,26.5,False,,,,,,,,,False,734,5419.71,1,,,,False
967562187496,cust_gOa0C7Q0rnG6xC,1445.16,INR,card,417612,Kotak,credit,False,,False,,False,,,,,,,,,False,192,2701.36,3,0.27,,,True
743306846140,cust_gOa0C7Q0rnG6xC,721.83,INR,upi,,,,False,,False,,False,,,,,,,,,False,192,2701.36,1,,,,True
079776672746,cust_CGn14JSbftGoUI,1539.19,INR,card,607332,SBI,debit,False,,False,,False,,,,,,,,,False,285,1366.19,1,0.25,,,True
057207078112,cust_FfycfcDcysYyuj,985.82,INR,upi,,,,False,,False,,True,insufficient_funds,51,2026-06-11 05:00:00,Thursday,11.0,False,1.0,1.0,False,454,1510.3,2,0.7,2026-06-12 00:18:00,19.3,False
666895629907,cust_gOa0C7Q0rnG6xC,891.95,INR,card,607332,SBI,credit,False,,False,,True,insufficient_funds,51,2026-07-16 01:00:00,Thursday,16.0,False,2.0,2.0,False,192,2701.36,0,,2026-07-18 12:30:00,59.5,False
521781179799,cust_aIK8bPkeX6Taq7,704.95,INR,upi,,,,False,,False,,True,insufficient_funds,51,2026-07-09 01:00:00,Thursday,9.0,False,3.0,3.0,True,550,836.36,1,,2026-07-09 18:30:00,17.5,False
841325601801,cust_gz65P2OHyUkYuO,1056.7,INR,upi,,,,False,,False,,True,insufficient_funds,51,2026-08-28 06:00:00,Friday,28.0,True,5.0,5.0,True,257,160.57,0,,2026-08-28 08:00:00,2.0,False
077746986006,cust_FTZKmUBDYTZUXz,1841.06,INR,card,508227,ICICI,debit,True,False,False,,False,,,,,,,,,False,176,979.95,0,,,,False
205366893078,cust_eGjzogrPWlE5Me,552.43,INR,card,524105,Axis,credit,False,,False,,False,,,,,,,,,False,562,5560.06,2,0.53,,,True
107840187497,cust_zh3udQPnvgmRER,3872.76,INR,upi,,,,False,,False,,False,,,,,,,,,False,740,2267.24,0,0.59,,,True
813322006253,cust_zON34n2vZC1z6d,1814.85,INR,netbanking,,,,False,,False,,False,,,,,,,,,False,242,6589.38,1,,,,True
968406190376,cust_8n2X8E5uaB6Po2,451.12,INR,card,524104,Axis,debit,False,,False,,True,insufficient_funds,51,2026-06-18 22:00:00,Thursday,18.0,False,1.0,1.0,False,243,350.47,4,0.62,2026-06-21 20:24:00,70.4,False
867399508247,cust_S82v3fav7YBf52,921.92,INR,upi,,,,False,,False,,True,insufficient_funds,51,2026-08-10 03:00:00,Monday,10.0,False,1.0,1.0,False,486,209.48,0,0.37,2026-08-10 16:12:00,13.2,False
030198494289,cust_Vcm6HkdDtIdQI0,2673.0,INR,upi,,,,False,,False,,False,,,,,,,,,False,409,1293.99,3,,,,True
744896535404,cust_amFDZSnOUdfnSQ,375.01,INR,upi,,,,False,,False,,False,,,,,,,,,False,404,1027.03,1,0.68,,,True
159756239588,cust_kJjA8CdvCgdxyc,4434.04,INR,upi,,,,False,,False,,True,insufficient_funds,51,2026-06-04 03:00:00,Thursday,4.0,True,2.0,2.0,False,65,3399.18,1,,2026-06-04 12:12:00,9.2,False
577271604592,cust_4olbZjzHhwZkIQ,1197.71,INR,netbanking,,,,False,,True,1.5,False,,,,,,,,,False,296,3078.58,1,0.17,,,True
149319865029,cust_zFFtyikiUHVpu1,2957.04,INR,upi,,,,False,,False,,False,,,,,,,,,False,414,2096.04,1,0.48,,,True
300246071905,cust_GSdUDtptDMIteN,2477.09,INR,card,524105,Axis,debit,False,,False,,True,insufficient_funds,51,2026-07-22 14:00:00,Wednesday,22.0,False,3.0,3.0,True,369,2965.93,2,0.29,2026-07-22 17:00:00,3.0,False
381193105998,cust_T1oJ2uO3LBpcQ5,1375.87,INR,netbanking,,,,False,,False,,False,,,,,,,,,False,474,1885.96,1,,,,True
087241791356,cust_qb8paFAo4SFF09,2270.35,INR,upi,,,,False,,False,,False,,,,,,,,,False,456,4437.12,2,0.14,,,True
687435263277,cust_Uqo001XTsv2CEn,488.81,INR,upi,,,,False,,False,,True,insufficient_funds,51,2026-06-22 15:00:00,Monday,22.0,False,1.0,1.0,False,38,5857.83,0,,2026-06-30 07:12:00,184.2,True
155525559369,cust_HVdjpZu0R0ygBJ,894.89,INR,card,508228,ICICI,debit,False,,False,,True,insufficient_funds,51,2026-06-28 18:00:00,Sunday,28.0,True,2.0,2.0,False,77,3936.96,1,0.34,2026-06-28 22:06:00,4.1,True
519061239809,cust_i6QCCfoaS08BDv,1124.8,INR,card,400014,HDFC,debit,False,,False,,False,,,,,,,,,False,62,3206.5,0,0.53,,,True
756501460413,cust_pEfunfecTXrseQ,393.63,INR,card,400014,HDFC,credit,True,True,False,,False,,,,,,,,,False,515,2495.35,0,0.19,,,False
853043269456,cust_gqAnqxWr2p1uYt,1377.5,INR,upi,,,,True,True,False,,False,,,,,,,,,False,527,1122.12,2,0.33,,,True
664144528129,cust_m4WqcAIUqqsrtP,697.48,INR,netbanking,,,,False,,False,,False,,,,,,,,,False,57,6267.4,2,,,,True
582930573537,cust_FfycfcDcysYyuj,1683.62,INR,upi,,,,False,,False,,True,insufficient_funds,51,2026-06-03 01:00:00,Wednesday,3.0,True,2.0,2.0,False,454,1510.3,1,0.7,2026-06-03 04:54:00,3.9,True
840627609313,cust_M4iwXhWQfeG8d0,1720.16,INR,upi,,,,True,True,False,,False,,,,,,,,,False,430,2936.93,1,0.33,,,False
695708185688,cust_s9MsCLiP20483b,682.75,INR,netbanking,,,,True,False,False,,False,,,,,,,,,False,22,4567.81,0,,,,False
138004443634,cust_Et9rLXoylaJ9aB,2273.61,INR,wallet,,,,True,False,False,,False,,,,,,,,,False,636,226.85,2,,,,False
808290599221,cust_It2cWSiKl01IhQ,726.95,INR,upi,,,,False,,False,,True,insufficient_funds,51,2026-07-04 20:00:00,Saturday,4.0,True,3.0,3.0,False,99,3658.86,2,0.2,2026-07-05 10:36:00,14.6,True
149678608947,cust_cS1R4OTgOFDow7,4612.16,INR,card,607331,SBI,debit,False,,False,,False,,,,,,,,,False,416,10226.19,1,0.38,,,True
364631929351,cust_GOVDUx6wmvmjFD,980.82,INR,card,524104,Axis,debit,False,,False,,False,,,,,,,,,False,22,8501.49,1,,,,True
504327748677,cust_jekciyK7EGyvXe,7205.51,INR,card,417612,Kotak,debit,False,,False,,True,insufficient_funds,51,2026-08-27 04:00:00,Thursday,27.0,True,4.0,4.0,True,55,1238.72,0,0.47,2026-08-27 12:42:00,8.7,False
436480074469,cust_l57Nj6IuO8K2Fr,1430.33,INR,card,417612,Kotak,credit,False,,False,,False,,,,,,,,,False,1115,1132.54,1,0.32,,,True
127226143345,cust_rpISlwFpziRlk6,430.5,INR,upi,,,,True,False,False,,False,,,,,,,,,False,155,4358.06,0,0.16,,,True
931252227868,cust_Pp2aj1mM2tQqZZ,915.4,INR,wallet,,,,True,True,False,,False,,,,,,,,,False,7,2185.3,1,0.71,,,False
932197546026,cust_wHTAUcx3iXlgGR,1497.77,INR,upi,,,,True,False,False,,False,,,,,,,,,False,200,3577.7,2,,,,False
960068439281,cust_kXXkCrn1AaUoG4,1081.88,INR,card,400013,HDFC,debit,False,,False,,True,insufficient_funds,51,2026-06-06 17:00:00,Saturday,6.0,False,3.0,3.0,True,2258,3819.91,0,,2026-06-07 04:42:00,11.7,False
915814546071,cust_xfRSJhJphRgvJz,1591.67,INR,card,607331,SBI,debit,False,,False,,True,insufficient_funds,51,2026-08-19 01:00:00,Wednesday,19.0,False,3.0,3.0,False,364,3696.78,0,0.84,2026-08-22 21:06:00,92.1,True
604092566314,cust_2CmPSZiDRIM2gn,144.53,INR,upi,,,,True,False,False,,False,,,,,,,,,False,245,2028.72,1,0.79,,,False
032408985427,cust_vrGIdO1R2ZLrwj,577.68,INR,netbanking,,,,False,,False,,False,,,,,,,,,False,82,7649.03,1,0.47,,,True
418762327415,cust_i5JCWIWkOyFY4t,971.84,INR,card,508227,ICICI,credit,False,,False,,False,,,,,,,,,False,23,741.28,4,0.68,,,True
205741924729,cust_3kzGLg8KhtetlO,588.52,INR,upi,,,,False,,False,,False,,,,,,,,,False,444,2896.8,0,,,,True
898459215142,cust_2PfTNLUesscYu5,1810.51,INR,upi,,,,False,,False,,False,,,,,,,,,False,94,8462.6,1,,,,True
288146624642,cust_fGIE6OZzhFyBBH,3644.39,INR,card,400013,HDFC,debit,True,True,False,,False,,,,,,,,,False,41,1377.66,3,0.08,,,True
630307531843,cust_USyqRr99ut4ASy,2634.66,INR,upi,,,,False,,True,108.5,False,,,,,,,,,False,143,1043.22,2,0.79,,,False
593706625235,cust_u6CpaSWoUJM2G6,2551.37,INR,card,508227,ICICI,credit,True,True,False,,False,,,,,,,,,False,109,1354.63,0,0.64,,,False
090198122264,cust_Ld3H6LBwPr3byl,2037.06,INR,card,417612,Kotak,credit,False,,False,,True,insufficient_funds,51,2026-08-29 00:00:00,Saturday,29.0,True,1.0,1.0,False,167,3433.97,0,,2026-08-29 03:54:00,3.9,True
583564652687,cust_XhGd1oqKE0ST7E,608.21,INR,netbanking,,,,False,,False,,False,,,,,,,,,False,22,1954.29,1,0.47,,,True
768476467983,cust_DrLITOL2KSrQej,437.97,INR,card,524104,Axis,debit,False,,False,,False,,,,,,,,,False,385,2050.27,1,0.61,,,True
103669440895,cust_SDbmBssWuvzaqz,1236.35,INR,card,400013,HDFC,credit,False,,False,,False,,,,,,,,,False,136,2771.04,0,,,,True
014006873270,cust_VsVswRvSY4nXdo,1901.23,INR,netbanking,,,,False,,False,,True,insufficient_funds,51,2026-07-31 13:00:00,Friday,31.0,True,2.0,2.0,False,400,4504.0,1,0.35,2026-08-01 16:18:00,27.3,False
312580119661,cust_04BqXwG6SOyo68,515.87,INR,upi,,,,False,,False,,True,insufficient_funds,51,2026-07-29 03:00:00,Wednesday,29.0,True,4.0,4.0,True,362,993.28,1,0.26,2026-07-29 08:36:00,5.6,False
868896966139,cust_33F5lFPlu6OdRK,365.0,INR,card,508227,ICICI,debit,False,,False,,False,,,,,,,,,False,365,3198.39,0,0.49,,,True
606617609036,cust_PiN8SRMrTV5xQH,2179.07,INR,wallet,,,,False,,False,,True,insufficient_funds,51,2026-06-15 04:00:00,Monday,15.0,False,3.0,3.0,True,235,3904.83,0,0.44,2026-06-20 15:24:00,131.4,False
582275706031,cust_7a41UQGoYvutkM,1308.83,INR,upi,,,,False,,False,,True,insufficient_funds,51,2026-06-24 22:00:00,Wednesday,24.0,False,3.0,3.0,False,21,709.08,3,0.23,2026-06-25 06:36:00,8.6,True
165841237720,cust_2auymlajXnDKCf,1837.53,INR,card,400013,HDFC,credit,False,,False,,True,insufficient_funds,51,2026-07-17 03:00:00,Friday,17.0,False,2.0,2.0,False,191,3549.05,0,0.28,2026-07-17 16:24:00,13.4,False
685760718495,cust_QFW6Hsa5cpHsL1,2700.29,INR,upi,,,,True,True,False,,False,,,,,,,,,False,200,1530.18,1,0.37,,,False
274520412047,cust_lu4oILNaVoaRXy,1083.72,INR,card,607331,SBI,debit,False,,False,,True,insufficient_funds,51,2026-06-11 07:00:00,Thursday,11.0,False,2.0,2.0,False,271,1937.94,1,0.27,2026-06-11 21:36:00,14.6,False
059278435715,cust_9Smlt6MNoJKEAb,1494.49,INR,card,400012,HDFC,credit,True,True,False,,False,,,,,,,,,False,852,3450.91,2,0.44,,,True
990963787316,cust_ArkW3KNh4uRifJ,2002.2,INR,card,400012,HDFC,debit,True,False,False,,False,,,,,,,,,False,228,8229.85,0,,,,False
886219735357,cust_UrR6yicTU8Zf9o,4284.25,INR,upi,,,,False,,False,,True,insufficient_funds,51,2026-08-15 08:00:00,Saturday,15.0,False,2.0,2.0,False,116,4770.78,0,0.46,2026-08-22 16:54:00,176.9,False
347479105448,cust_RRKvdvEcSNM107,1892.05,INR,card,524104,Axis,debit,False,,False,,True,insufficient_funds,51,2026-07-13 13:00:00,Monday,13.0,False,2.0,2.0,False,200,1223.49,0,0.19,2026-07-17 06:18:00,89.3,False
702678591849,cust_6FT8KDvon3Dnso,1318.66,INR,netbanking,,,,False,,False,,False,,,,,,,,,False,52,821.98,2,,,,True
455938873114,cust_EuoxNpkHreBG8H,2063.84,INR,card,524105,Axis,debit,True,False,False,,False,,,,,,,,,False,243,3447.3,3,,,,False
783865184754,cust_8YaTUkuxDkpHPB,2527.63,INR,card,417612,Kotak,credit,False,,False,,True,insufficient_funds,51,2026-07-29 21:00:00,Wednesday,29.0,True,1.0,1.0,False,266,1274.09,2,0.25,2026-07-30 08:36:00,11.6,True
825242650594,cust_OiAt6ISoFdSr1u,875.86,INR,upi,,,,False,,False,,False,,,,,,,,,False,53,7019.54,0,0.64,,,True
107148090747,cust_YTVUKfHf4VtyyO,260.85,INR,netbanking,,,,False,,False,,False,,,,,,,,,False,602,1122.18,2,0.32,,,True
495933634340,cust_zS5DZLplqkwKcj,1036.08,INR,upi,,,,False,,False,,False,,,,,,,,,False,908,2594.03,3,,,,True
652929683256,cust_OjGjANLR3h8GNf,1451.41,INR,netbanking,,,,False,,False,,False,,,,,,,,,False,586,1002.8,3,0.3,,,True
780148410955,cust_ggWaaPBHAMp2MY,1408.01,INR,netbanking,,,,True,True,False,,False,,,,,,,,,False,243,5637.5,1,,,,False
142717620843,cust_n8OkOyedBfFumF,533.06,INR,upi,,,,True,True,False,,False,,,,,,,,,False,236,1892.54,0,0.11,,,False
497535513587,cust_SQWAnXLB1wOsoh,290.09,INR,upi,,,,False,,True,8.4,False,,,,,,,,,False,3,1395.65,2,0.47,,,True
338684809164,cust_o5VwVW1a3vYMlE,1270.26,INR,upi,,,,False,,False,,True,insufficient_funds,51,2026-06-04 21:00:00,Thursday,4.0,True,4.0,4.0,True,12,2555.51,1,0.53,2026-06-05 09:00:00,12.0,False
632196638059,cust_AHTGmdoSHucE84,313.85,INR,card,524104,Axis,credit,False,,False,,False,,,,,,,,,False,105,6178.62,2,0.14,,,True
089321194838,cust_KdgFcw3dTuWmdX,715.44,INR,card,607332,SBI,debit,False,,False,,True,insufficient_funds,51,2026-07-14 11:00:00,Tuesday,14.0,False,2.0,2.0,False,886,471.91,1,,2026-07-19 20:18:00,129.3,False
684264778565,cust_VZofJNzMLx0059,1514.98,INR,upi,,,,True,True,False,,False,,,,,,,,,False,374,1557.33,0,0.22,,,False
085961497358,cust_ScLBycjaYzPXUq,865.67,INR,upi,,,,True,True,False,,False,,,,,,,,,False,424,1299.72,2,0.49,,,True
933080359309,cust_Cfk12bgcsZoJd8,2199.44,INR,card,607332,SBI,debit,False,,False,,True,insufficient_funds,51,2026-06-06 18:00:00,Saturday,6.0,False,2.0,2.0,False,36,6939.4,0,0.43,2026-06-09 00:48:00,54.8,False
850960304674,cust_EnxTDVwdfdta7x,2580.25,INR,upi,,,,False,,False,,False,,,,,,,,,False,242,1024.32,1,0.52,,,True
140778599426,cust_FojPPFfHpLLYF2,135.13,INR,upi,,,,False,,False,,False,,,,,,,,,False,64,1609.18,1,0.16,,,True
192590674518,cust_R40VKP47QazNhW,2385.33,INR,card,417612,Kotak,debit,False,,False,,True,insufficient_funds,51,2026-08-13 06:00:00,Thursday,13.0,False,3.0,3.0,True,76,3376.56,2,0.7,2026-08-17 11:06:00,101.1,False
678405081338,cust_e4RxlVnmqsozm4,2744.78,INR,card,508228,ICICI,credit,True,True,False,,False,,,,,,,,,False,54,715.86,0,0.51,,,False
840107993615,cust_TktKjC1SCyaRDc,450.72,INR,upi,,,,False,,False,,False,,,,,,,,,False,153,3830.66,1,,,,True
903162236821,cust_Pq4xsHHbWgXxf6,209.16,INR,upi,,,,True,False,False,,False,,,,,,,,,False,128,1004.48,2,0.67,,,True
260137156262,cust_eoqPy7neKxKse4,1699.52,INR,card,508228,ICICI,credit,False,,False,,False,,,,,,,,,False,128,2853.67,2,,,,True
702669246267,cust_iiL92eTeFONgA4,1859.53,INR,card,400014,HDFC,credit,True,False,False,,False,,,,,,,,,False,109,4847.97,0,0.28,,,False
970754353916,cust_Nn4sGEjPb3Jn5p,3117.36,INR,upi,,,,False,,False,,True,insufficient_funds,51,2026-07-20 12:00:00,Monday,20.0,False,1.0,1.0,False,880,548.88,0,0.43,2026-07-20 17:30:00,5.5,False
375200076173,cust_llkV0myrSmFIHS,1241.8,INR,card,508228,ICICI,credit,False,,False,,False,,,,,,,,,False,397,773.21,1,,,,True
000273871296,cust_XTMAbnJ1xuoSPB,2272.05,INR,upi,,,,False,,False,,False,,,,,,,,,False,499,2673.25,1,,,,True
828649483802,cust_s6nMmSVp8o7frT,1190.97,INR,netbanking,,,,True,False,False,,False,,,,,,,,,False,188,3766.72,1,,,,False
704294618150,cust_eb9FnZcwlaLfib,1306.1,INR,upi,,,,False,,False,,False,,,,,,,,,False,463,2357.79,2,,,,True
707380756820,cust_D0lXPCUnClxOsf,2466.78,INR,card,417612,Kotak,credit,False,,False,,True,insufficient_funds,51,2026-06-16 12:00:00,Tuesday,16.0,False,5.0,5.0,True,123,6822.13,0,,2026-06-18 15:42:00,51.7,False
627665080801,cust_E5dV3Q6q4eMt2M,2561.36,INR,upi,,,,False,,False,,True,insufficient_funds,51,2026-07-02 17:00:00,Thursday,2.0,True,3.0,3.0,False,23,2089.36,1,0.43,2026-07-02 17:42:00,0.7,True
211222178200,cust_crnyDwcSCMC5f9,1826.27,INR,card,508228,ICICI,credit,True,True,False,,False,,,,,,,,,False,401,1031.59,3,0.35,,,False
001103560041,cust_aWfV0yG7nzrbt7,1731.46,INR,netbanking,,,,False,,False,,True,insufficient_funds,51,2026-08-05 18:00:00,Wednesday,5.0,True,3.0,3.0,False,234,6178.83,1,,2026-08-06 16:48:00,22.8,True
135090726124,cust_s9MsCLiP20483b,1877.0,INR,card,508227,ICICI,credit,False,,False,,True,insufficient_funds,51,2026-06-22 08:00:00,Monday,22.0,False,3.0,3.0,False,22,4567.81,1,0.78,2026-06-24 16:30:00,56.5,True
234940794796,cust_E7EqXT4yLALjlB,1526.05,INR,card,508228,ICICI,credit,True,True,False,,False,,,,,,,,,False,159,7851.36,1,0.32,,,False
475090109339,cust_h5rImkPpgnDZsG,1038.57,INR,upi,,,,False,,True,61.7,False,,,,,,,,,False,742,3468.49,0,0.22,,,False
280254516277,cust_dmCeBTBr1XhGqm,1204.73,INR,card,524105,Axis,debit,False,,False,,True,insufficient_funds,51,2026-08-29 09:00:00,Saturday,29.0,True,1.0,1.0,False,2046,574.68,1,0.18,2026-08-30 14:30:00,29.5,True
527657836515,cust_QEq0k8kePGyj9z,307.87,INR,card,508227,ICICI,debit,False,,False,,False,,,,,,,,,False,117,1510.97,0,,,,True
864986783545,cust_cvsJ5PA1vfBfDI,1391.84,INR,netbanking,,,,False,,False,,False,,,,,,,,,False,161,945.6,2,0.34,,,True
189506775852,cust_o6Utt7jNDnUDE7,1439.77,INR,upi,,,,True,False,False,,False,,,,,,,,,False,113,6573.64,1,0.49,,,False
321845040336,cust_lu4oILNaVoaRXy,909.21,INR,netbanking,,,,False,,True,53.7,False,,,,,,,,,False,271,1937.94,0,0.27,,,False
164143166182,cust_VsVswRvSY4nXdo,1038.21,INR,netbanking,,,,False,,False,,True,insufficient_funds,51,2026-08-17 05:00:00,Monday,17.0,False,1.0,1.0,False,400,4504.0,4,0.35,2026-08-19 18:48:00,61.8,True
912629648528,cust_XTZ2tFnwVIu5YT,1121.86,INR,card,417612,Kotak,credit,False,,False,,False,,,,,,,,,False,357,6225.18,2,,,,True
207227074076,cust_dUhWw8gXpJU5kM,1404.11,INR,card,524105,Axis,debit,True,False,False,,False,,,,,,,,,False,758,1767.51,1,0.42,,,False
094009581196,cust_CezIwrFJbanEvc,983.54,INR,card,524104,Axis,debit,False,,False,,False,,,,,,,,,False,249,4959.12,1,,,,True
758055639300,cust_CynproQcqPl70A,1505.64,INR,wallet,,,,False,,False,,False,,,,,,,,,False,133,6665.41,0,,,,True
114946257177,cust_MGEl0BRhEluTin,1509.88,INR,netbanking,,,,True,False,False,,False,,,,,,,,,False,55,6519.75,1,0.12,,,False
654517643743,cust_NWHmEPX4YFParh,1341.08,INR,upi,,,,True,False,False,,False,,,,,,,,,False,4,3414.4,1,0.35,,,False
525863541805,cust_obsQI4FXYCS7Mj,558.07,INR,upi,,,,False,,False,,False,,,,,,,,,False,143,3131.52,3,0.4,,,True
251704268247,cust_yxGEXJxw1AAy1m,2170.59,INR,upi,,,,False,,False,,False,,,,,,,,,False,100,8689.95,2,0.23,,,True
135209723430,cust_dm3hUwZuzSsThM,1738.99,INR,netbanking,,,,True,False,False,,False,,,,,,,,,False,752,2699.75,1,0.43,,,False
597465874726,cust_nbMoxRClfOKCOA,1230.2,INR,card,524104,Axis,debit,False,,False,,False,,,,,,,,,False,216,3304.25,1,0.5,,,True
282620318277,cust_tkKWoC2PhD9poB,2316.33,INR,card,607331,SBI,debit,False,,False,,False,,,,,,,,,False,460,3463.59,0,,,,True
309368593027,cust_5uHCaq9I144VYi,1630.14,INR,upi,,,,False,,False,,False,,,,,,,,,False,743,795.22,2,,,,True
767775225388,cust_wWNvtScfYfp0ym,2529.93,INR,card,417612,Kotak,credit,False,,False,,False,,,,,,,,,False,91,4028.08,0,0.27,,,True
470642291862,cust_BphnmukrE5GwSF,2325.77,INR,card,508227,ICICI,credit,False,,False,,False,,,,,,,,,False,247,2037.57,1,0.44,,,True
046577779103,cust_qxow1oRoWHFepf,3346.64,INR,card,524105,Axis,debit,True,False,False,,False,,,,,,,,,False,113,5070.38,0,0.54,,,False
607848559176,cust_PSnueB1iXKEdso,823.84,INR,card,400013,HDFC,debit,False,,False,,False,,,,,,,,,False,99,1725.52,0,0.41,,,True
176781987364,cust_smJZq1FGukX7TI,988.23,INR,card,508228,ICICI,credit,False,,False,,False,,,,,,,,,False,119,3253.66,1,,,,True
266307337495,cust_m4WqcAIUqqsrtP,487.47,INR,card,417612,Kotak,debit,True,False,False,,False,,,,,,,,,False,57,6267.4,2,0.45,,,False
585940782727,cust_Nn4sGEjPb3Jn5p,862.21,INR,wallet,,,,True,False,False,,False,,,,,,,,,False,880,548.88,4,,,,False
290197473487,cust_CTVXhKS5ZeJcTA,1462.78,INR,netbanking,,,,False,,False,,True,insufficient_funds,51,2026-06-19 10:00:00,Friday,19.0,False,1.0,1.0,False,148,5051.56,1,0.37,2026-06-20 15:54:00,29.9,False
568256027246,cust_4fBbBfxwejntj8,2580.36,INR,card,524105,Axis,debit,False,,False,,False,,,,,,,,,False,495,2472.47,1,,,,True
144728577348,cust_DVRhUrRQ19qF7w,3538.49,INR,card,400013,HDFC,debit,True,False,False,,False,,,,,,,,,False,558,5693.24,1,0.52,,,False
302529285613,cust_LyGb0KVaW1MLCY,1946.72,INR,card,400012,HDFC,debit,False,,False,,False,,,,,,,,,False,920,2337.0,0,0.33,,,True
367731225087,cust_1DS7IQXJVZEgET,722.92,INR,upi,,,,False,,False,,False,,,,,,,,,False,183,1528.54,0,,,,True
652750031357,cust_rfD3rmRMI8OtNX,2522.6,INR,card,417612,Kotak,credit,False,,False,,False,,,,,,,,,False,951,2655.93,1,,,,True
024484092857,cust_EDbeMlTst18IWi,1107.61,INR,upi,,,,True,False,False,,False,,,,,,,,,False,172,7670.33,1,0.55,,,False
061651658599,cust_XRVkdpGDuAk9Gg,50.45,INR,upi,,,,False,,False,,False,,,,,,,,,False,157,1302.23,0,0.37,,,True
156692309604,cust_DMZzoPlZHLPzci,1188.38,INR,netbanking,,,,False,,False,,True,insufficient_funds,51,2026-08-20 14:00:00,Thursday,20.0,False,1.0,1.0,False,48,4624.09,2,0.67,2026-08-21 14:00:00,24.0,False
517185713434,cust_KfbL6o7tdWNeDW,2328.59,INR,upi,,,,False,,True,7.7,False,,,,,,,,,False,186,2782.75,0,0.6,,,True
067369865144,cust_e4DOTbaCuvcEiI,798.95,INR,upi,,,,True,True,False,,False,,,,,,,,,False,383,1921.49,2,0.19,,,False
478574106856,cust_uJcUFDxijOQYna,1230.84,INR,card,400013,HDFC,credit,False,,False,,True,insufficient_funds,51,2026-08-14 01:00:00,Friday,14.0,False,5.0,5.0,True,163,5449.54,3,0.79,2026-08-14 03:54:00,2.9,False
264593395724,cust_Bh9Vowou6MBJHp,1939.22,INR,card,400014,HDFC,credit,True,False,False,,False,,,,,,,,,False,663,4943.45,3,,,,False
902072025032,cust_354ykuVzaattDG,3854.24,INR,wallet,,,,True,False,False,,False,,,,,,,,,False,179,3696.47,1,,,,False
076263565733,cust_kJtPccXlEIdJLA,923.24,INR,netbanking,,,,False,,False,,False,,,,,,,,,False,260,1157.5,4,0.4,,,True
994529730591,cust_RTFa8jnv32AHQi,1077.62,INR,upi,,,,False,,False,,False,,,,,,,,,False,6,500.1,1,0.19,,,True
599336281648,cust_3rPc6n5Ra4vUKE,1914.22,INR,upi,,,,True,False,False,,False,,,,,,,,,False,275,2877.11,0,0.1,,,False
427390767099,cust_MGEl0BRhEluTin,47.63,INR,upi,,,,False,,False,,True,insufficient_funds,51,2026-06-29 03:00:00,Monday,29.0,True,2.0,2.0,False,55,6519.75,2,0.12,2026-06-30 07:30:00,28.5,False
557527298378,cust_q2iz4fraJ8g8HN,2134.76,INR,upi,,,,False,,False,,True,insufficient_funds,51,2026-06-26 23:00:00,Friday,26.0,True,4.0,4.0,False,330,3821.95,0,0.68,2026-06-27 01:36:00,2.6,True
330957357878,cust_QdbIwoX9inIQWP,954.33,INR,card,400013,HDFC,debit,False,,False,,False,,,,,,,,,False,393,5869.08,1,0.16,,,True
553007250183,cust_LwEP6aWYrSYMak,604.53,INR,card,607332,SBI,debit,False,,False,,True,insufficient_funds,51,2026-08-02 21:00:00,Sunday,2.0,True,3.0,3.0,True,89,1227.67,0,0.35,2026-08-03 09:18:00,12.3,False
751770865588,cust_AxODETgdM9lLRp,1395.1,INR,card,508228,ICICI,credit,False,,False,,False,,,,,,,,,False,421,1968.8,0,0.16,,,True
190309373862,cust_6VrBRLVON4Vl0o,4107.44,INR,netbanking,,,,True,True,False,,False,,,,,,,,,False,88,348.12,0,,,,True
378984841004,cust_ElQnrFlqB0pryW,1054.74,INR,upi,,,,False,,False,,True,insufficient_funds,51,2026-08-24 14:00:00,Monday,24.0,False,2.0,2.0,False,286,2455.63,0,0.45,2026-08-27 08:06:00,66.1,False
857438036442,cust_Pd3HIhsFq25vln,1622.03,INR,upi,,,,False,,False,,False,,,,,,,,,False,588,8940.94,1,0.51,,,True
705245011825,cust_UpgTK4VVvsnqlL,2031.08,INR,netbanking,,,,False,,False,,True,insufficient_funds,51,2026-06-28 20:00:00,Sunday,28.0,True,3.0,3.0,True,268,1339.72,2,0.35,2026-06-29 04:54:00,8.9,False
189418112180,cust_o6Utt7jNDnUDE7,1151.43,INR,upi,,,,False,,True,5.3,False,,,,,,,,,False,113,6573.64,2,0.49,,,True
893076267094,cust_hgjPi6tqweUzX6,1976.14,INR,upi,,,,False,,False,,False,,,,,,,,,False,138,384.34,1,,,,True
307967105390,cust_hAEpv1aGhr8wo6,1971.9,INR,upi,,,,False,,False,,False,,,,,,,,,False,68,1069.05,2,0.46,,,True
690742857291,cust_8gRGMOLAhR8irH,967.89,INR,upi,,,,False,,False,,False,,,,,,,,,False,153,2301.91,1,0.29,,,True
393680846543,cust_MryrfL9knOIC95,2370.85,INR,upi,,,,True,False,False,,False,,,,,,,,,False,53,505.17,3,0.43,,,False
709138098306,cust_z1bLKEDP3dgeGe,747.64,INR,upi,,,,True,False,False,,False,,,,,,,,,False,259,7235.33,0,,,,False
061872876447,cust_iNrvKluHy7GBTp,1807.79,INR,card,400014,HDFC,credit,False,,False,,False,,,,,,,,,False,188,389.76,1,,,,True
433457859718,cust_9Eq8bItNGP4Z9n,1065.75,INR,netbanking,,,,False,,False,,True,insufficient_funds,51,2026-06-13 06:00:00,Saturday,13.0,False,3.0,3.0,True,141,1744.52,0,0.74,2026-06-14 06:42:00,24.7,False
185540412233,cust_Z2GOLoU8pgj2vI,1805.66,INR,card,417612,Kotak,debit,False,,False,,True,insufficient_funds,51,2026-07-12 16:00:00,Sunday,12.0,False,5.0,5.0,True,157,2526.14,0,,2026-07-16 13:30:00,93.5,False
286652308966,cust_gSYqiSu4ARg5rb,962.7,INR,upi,,,,True,True,False,,False,,,,,,,,,False,952,521.29,0,,,,True
971563259015,cust_1Y14HW07XqfQ2q,817.82,INR,upi,,,,True,True,False,,False,,,,,,,,,False,20,1036.55,2,0.43,,,True
743980108519,cust_FUExdNxoSxahMY,2766.86,INR,upi,,,,False,,True,11.2,False,,,,,,,,,False,27,3146.14,2,,,,False
004570285311,cust_9wha4cAczR8A5d,4054.72,INR,upi,,,,False,,False,,False,,,,,,,,,False,679,4323.99,0,0.54,,,True
584318230051,cust_5NiyGz2vyTU5H0,1234.7,INR,card,400013,HDFC,debit,False,,False,,True,insufficient_funds,51,2026-06-11 00:00:00,Thursday,11.0,False,4.0,4.0,False,75,1730.12,1,,2026-06-12 01:30:00,25.5,True
638005668617,cust_bYMXyFK4sHuHel,2856.89,INR,card,524105,Axis,credit,False,,False,,False,,,,,,,,,False,375,2531.16,2,0.27,,,True
002303181839,cust_rpISlwFpziRlk6,845.74,INR,netbanking,,,,False,,False,,True,insufficient_funds,51,2026-07-16 12:00:00,Thursday,16.0,False,1.0,1.0,False,155,4358.06,2,0.16,2026-07-25 19:24:00,223.4,False
735815038037,cust_iS3uC4aoQDE6kG,200.32,INR,upi,,,,False,,False,,True,insufficient_funds,51,2026-08-12 01:00:00,Wednesday,12.0,False,2.0,2.0,False,289,4849.78,2,0.42,2026-08-14 14:18:00,61.3,True
863653408158,cust_TcQPGRXmP1JUjT,1426.65,INR,netbanking,,,,False,,True,156.2,False,,,,,,,,,False,7,3144.68,1,0.09,,,False
467604510134,cust_Vq0Obr4GIt6ibW,3120.92,INR,upi,,,,False,,True,23.3,False,,,,,,,,,False,593,978.27,1,0.68,,,False
719438122939,cust_ttMxRxayAQIBov,891.91,INR,card,607332,SBI,credit,False,,False,,False,,,,,,,,,False,16,489.68,1,,,,True
585776654398,cust_tkKWoC2PhD9poB,3208.65,INR,netbanking,,,,False,,False,,True,insufficient_funds,51,2026-07-11 11:00:00,Saturday,11.0,False,3.0,3.0,True,460,3463.59,1,0.25,2026-07-13 06:36:00,43.6,False
195421179777,cust_NycSxOBLU17RnY,3756.55,INR,card,607332,SBI,debit,False,,False,,False,,,,,,,,,False,90,5115.2,0,0.53,,,True
911671921573,cust_fgZiOJQOTpWywX,594.8,INR,card,400013,HDFC,debit,False,,False,,False,,,,,,,,,False,286,3769.59,1,,,,True
634623656220,cust_MTZrHfQXDeDkoS,421.42,INR,card,417612,Kotak,credit,False,,False,,False,,,,,,,,,False,57,1093.43,1,,,,True
617620874841,cust_ISs7zptxx0mRup,2204.73,INR,upi,,,,False,,False,,True,insufficient_funds,51,2026-08-11 12:00:00,Tuesday,11.0,False,1.0,1.0,False,492,1916.13,1,0.65,2026-08-17 18:30:00,150.5,False
454977851965,cust_MvBzZLWy67kbEB,1543.74,INR,upi,,,,False,,False,,True,insufficient_funds,51,2026-06-27 17:00:00,Saturday,27.0,True,1.0,1.0,False,101,5640.07,1,0.59,2026-06-28 11:00:00,18.0,True
236272433745,cust_ebSrLLVtRz4iEJ,3607.1,INR,card,524104,Axis,debit,False,,False,,False,,,,,,,,,False,354,1787.18,3,,,,True
180985040561,cust_k6NdCJLEB0PLeo,1323.99,INR,upi,,,,False,,False,,False,,,,,,,,,False,147,8140.29,0,0.91,,,True
915459584174,cust_Pd3HIhsFq25vln,1534.03,INR,wallet,,,,True,False,False,,False,,,,,,,,,False,588,8940.94,2,0.51,,,True
218329888396,cust_hpdLX50J9pIEAs,565.04,INR,card,524104,Axis,debit,False,,False,,True,insufficient_funds,51,2026-08-10 17:00:00,Monday,10.0,False,2.0,2.0,False,583,5160.1,2,0.9,2026-08-16 03:12:00,130.2,True
159500163224,cust_UqLhpzAGGbNRLB,3087.44,INR,card,417612,Kotak,debit,False,,False,,False,,,,,,,,,False,165,1490.41,1,,,,True
817365104713,cust_IFbVkcmacZxTXL,1423.11,INR,card,607332,SBI,credit,False,,False,,False,,,,,,,,,False,64,3605.5,1,0.8,,,True
701051315451,cust_iT7WyH11Y4Y8PF,470.81,INR,card,400014,HDFC,debit,False,,False,,False,,,,,,,,,False,58,1963.16,0,0.11,,,True
512689088179,cust_IzXnnkQyBD3bH4,2919.76,INR,card,607331,SBI,credit,True,True,False,,False,,,,,,,,,False,132,1004.83,1,0.24,,,False
609742125599,cust_poqjd0fYe8mV8T,321.88,INR,card,417612,Kotak,credit,False,,False,,True,insufficient_funds,51,2026-06-19 04:00:00,Friday,19.0,False,2.0,2.0,False,51,469.72,1,0.77,2026-06-19 05:48:00,1.8,True
028687808324,cust_uIXXKBqy5kL386,1615.81,INR,wallet,,,,False,,False,,False,,,,,,,,,False,123,1831.01,0,0.84,,,True
287514571428,cust_CezIwrFJbanEvc,1274.18,INR,card,417612,Kotak,debit,False,,False,,True,insufficient_funds,51,2026-06-27 23:00:00,Saturday,27.0,True,1.0,1.0,False,249,4959.12,1,,2026-06-28 16:06:00,17.1,False
544976836471,cust_PBwVtmvtUChyKw,2190.23,INR,netbanking,,,,False,,False,,False,,,,,,,,,False,768,4185.26,0,0.63,,,True
061110994328,cust_16Umfwpc3itYiL,1871.7,INR,upi,,,,True,True,False,,False,,,,,,,,,False,111,4382.22,1,,,,True
944531671428,cust_njovZnemR7dxqS,881.29,INR,upi,,,,False,,False,,False,,,,,,,,,False,126,1369.06,0,,,,True
421139984139,cust_PgiI7DqZhmK5WI,1777.06,INR,upi,,,,True,False,False,,False,,,,,,,,,False,261,3949.14,1,0.36,,,False
726384589875,cust_tAtjq9J6a05F8L,715.55,INR,upi,,,,False,,False,,True,insufficient_funds,51,2026-07-07 07:00:00,Tuesday,7.0,False,1.0,1.0,False,209,2823.84,0,0.66,2026-07-07 09:18:00,2.3,True
821397752355,cust_3K6YVt8gk0dHAf,4803.63,INR,card,508228,ICICI,credit,False,,False,,True,insufficient_funds,51,2026-07-07 17:00:00,Tuesday,7.0,False,2.0,2.0,False,117,4372.02,2,0.42,2026-07-09 14:00:00,45.0,False
844949931804,cust_Vcm6HkdDtIdQI0,1227.01,INR,wallet,,,,True,True,False,,False,,,,,,,,,False,409,1293.99,1,0.27,,,True
901995509239,cust_jSuYYAy2cDDzoU,2063.73,INR,card,524105,Axis,credit,False,,False,,True,insufficient_funds,51,2026-08-14 18:00:00,Friday,14.0,False,1.0,1.0,False,117,1563.73,2,,2026-08-20 18:54:00,144.9,True
026397546381,cust_5uHCaq9I144VYi,1567.86,INR,upi,,,,True,False,False,,False,,,,,,,,,False,743,795.22,0,0.27,,,True
554933734915,cust_GIuUwZJJSMFPjv,1142.2,INR,card,508227,ICICI,debit,False,,False,,False,,,,,,,,,False,41,1679.96,1,,,,True
605974116311,cust_uAbgATFWP5lCRd,4111.59,INR,netbanking,,,,False,,False,,False,,,,,,,,,False,826,3970.15,1,,,,True
441910416625,cust_G5dv8ytO3K3uaD,4567.1,INR,netbanking,,,,True,True,False,,False,,,,,,,,,False,316,6030.04,1,,,,True
664285172813,cust_vUYcfZi13ALy9B,1750.46,INR,upi,,,,True,False,False,,False,,,,,,,,,False,501,2433.47,1,0.76,,,False
652596302939,cust_jnjJjSv3jx173G,853.53,INR,netbanking,,,,True,True,False,,False,,,,,,,,,False,20,1899.19,2,,,,True
331746736916,cust_rg9VhNGyOLSz7l,1380.03,INR,card,508228,ICICI,credit,False,,False,,True,insufficient_funds,51,2026-06-11 15:00:00,Thursday,11.0,False,1.0,1.0,False,86,6499.93,1,,2026-06-13 00:12:00,33.2,False
355227444735,cust_iLMh6HNWKYTYcE,1411.95,INR,upi,,,,False,,False,,False,,,,,,,,,False,199,5256.64,0,0.16,,,True
707249491084,cust_2rQBiDqNYXCacK,1333.22,INR,upi,,,,False,,True,21.6,False,,,,,,,,,False,29,4072.7,3,0.59,,,False
000823256144,cust_q9UCABpByBTuyk,2405.32,INR,wallet,,,,False,,False,,False,,,,,,,,,False,31,1988.9,2,,,,True
543239386691,cust_sZAmNWxIDTEHgv,389.39,INR,card,508228,ICICI,credit,False,,False,,True,insufficient_funds,51,2026-06-06 23:00:00,Saturday,6.0,False,2.0,2.0,False,503,2587.91,1,0.61,2026-06-11 17:18:00,114.3,True
693090196534,cust_XrdI1A5bq7qC4n,660.66,INR,card,400014,HDFC,credit,False,,False,,True,insufficient_funds,51,2026-06-10 20:00:00,Wednesday,10.0,False,1.0,1.0,False,418,3650.64,0,,2026-06-11 11:54:00,15.9,False
962445040366,cust_4CnEFxsRuYiTlY,315.3,INR,netbanking,,,,False,,False,,False,,,,,,,,,False,148,5283.8,0,0.45,,,True
946522768679,cust_SMkvCBMK2sViLB,691.57,INR,upi,,,,False,,False,,True,insufficient_funds,51,2026-08-14 16:00:00,Friday,14.0,False,1.0,1.0,False,335,865.63,0,,2026-08-17 17:12:00,73.2,False
922136033005,cust_bSurJSXnBNSkQs,2663.59,INR,upi,,,,False,,False,,True,insufficient_funds,51,2026-08-18 20:00:00,Tuesday,18.0,False,3.0,3.0,True,21,509.39,0,0.68,2026-09-02 16:06:00,356.1,False
137807409274,cust_4CnEFxsRuYiTlY,2675.01,INR,netbanking,,,,False,,False,,True,insufficient_funds,51,2026-08-19 13:00:00,Wednesday,19.0,False,3.0,3.0,False,148,5283.8,4,,2026-08-19 15:48:00,2.8,True
404426974332,cust_dA56dAaSOAXZiY,1727.91,INR,card,607331,SBI,debit,False,,False,,False,,,,,,,,,False,65,2188.32,3,0.67,,,True
283340196423,cust_yZv2AMGClrDtYO,4510.74,INR,upi,,,,False,,False,,False,,,,,,,,,False,345,2484.0,1,0.24,,,True
466651641236,cust_Z0LRnmQmLBDhLG,729.45,INR,upi,,,,False,,False,,True,insufficient_funds,51,2026-06-11 16:00:00,Thursday,11.0,False,3.0,3.0,True,291,4677.64,1,,2026-06-13 06:12:00,38.2,False
282804188542,cust_GKcPLtxjuK13zf,1186.63,INR,card,524104,Axis,debit,True,False,False,,False,,,,,,,,,False,613,4151.59,0,0.25,,,False
637213909621,cust_X0xoxHrD6JZkxq,947.34,INR,upi,,,,False,,False,,False,,,,,,,,,False,171,2143.42,2,,,,True
711845871403,cust_QFW6Hsa5cpHsL1,1552.63,INR,upi,,,,False,,True,0.4,False,,,,,,,,,False,200,1530.18,1,,,,False
155317067663,cust_zE8nbqV2wnL7a4,1521.2,INR,upi,,,,False,,False,,True,insufficient_funds,51,2026-08-16 05:00:00,Sunday,16.0,False,4.0,4.0,True,76,5859.25,1,0.42,2026-08-17 07:12:00,26.2,False
575739484981,cust_dkxp6EGABDARAb,1275.68,INR,card,400012,HDFC,credit,True,False,False,,False,,,,,,,,,False,13,14579.45,1,0.3,,,False
549575011202,cust_t8kg9SSN1ByqRi,980.1,INR,upi,,,,False,,False,,False,,,,,,,,,False,133,1183.3,1,0.21,,,True
366362024268,cust_xLyBihyegkswHu,66.07,INR,card,607331,SBI,credit,False,,False,,False,,,,,,,,,False,239,3859.19,3,0.13,,,True
580557840969,cust_wuscxTLvrMbiXj,2080.62,INR,card,400012,HDFC,debit,False,,False,,False,,,,,,,,,False,324,4857.77,0,,,,True
042319112144,cust_hKoWozgX4gV1ed,2337.25,INR,upi,,,,False,,False,,True,insufficient_funds,51,2026-06-03 03:00:00,Wednesday,3.0,True,2.0,2.0,False,421,4645.95,2,,2026-06-03 11:54:00,8.9,False
597604350217,cust_FUExdNxoSxahMY,1415.84,INR,card,508227,ICICI,credit,False,,False,,True,insufficient_funds,51,2026-06-10 11:00:00,Wednesday,10.0,False,1.0,1.0,False,27,3146.14,0,0.63,2026-06-14 21:00:00,106.0,False
416938884995,cust_K9JsQBNgBZxcmR,636.47,INR,wallet,,,,False,,False,,True,insufficient_funds,51,2026-08-06 01:00:00,Thursday,6.0,False,1.0,1.0,False,167,4454.54,5,0.24,2026-08-06 07:00:00,6.0,False
145304238585,cust_ee09Nbnb6nJAWf,5390.18,INR,wallet,,,,False,,False,,True,insufficient_funds,51,2026-08-07 03:00:00,Friday,7.0,False,1.0,1.0,False,40,2973.88,0,0.28,2026-08-08 22:54:00,43.9,False
955815486768,cust_nRmbuqlV9c5JhW,320.7,INR,upi,,,,True,False,False,,False,,,,,,,,,False,64,5352.13,1,0.24,,,False
578534008105,cust_tGgOeD9sF53grX,1429.38,INR,card,607332,SBI,debit,True,True,False,,False,,,,,,,,,False,455,4255.57,2,0.2,,,False
259972051995,cust_skQwnYdlZeRvGP,1457.06,INR,upi,,,,False,,False,,False,,,,,,,,,False,182,5583.39,2,0.58,,,True
661217190385,cust_ME8DANyLGMkg1v,39.49,INR,netbanking,,,,False,,True,5.3,False,,,,,,,,,False,78,5547.06,0,0.21,,,True
898207848709,cust_ouJlRvaBEF3JnW,3116.43,INR,upi,,,,True,True,False,,False,,,,,,,,,False,188,3857.86,1,0.17,,,False
611906285035,cust_NSD624mae86pwT,3093.6,INR,upi,,,,False,,False,,False,,,,,,,,,False,571,3139.61,1,0.45,,,True
510199030644,cust_lEHGhEnWUQ1NAX,1062.38,INR,wallet,,,,False,,False,,False,,,,,,,,,False,23,4965.99,0,0.74,,,True
080697938022,cust_c8xR8eqcJ7mpSR,1028.33,INR,card,508227,ICICI,debit,False,,False,,False,,,,,,,,,False,1125,881.17,1,,,,True
221767278284,cust_x1TrgI98I54Ti6,2809.65,INR,upi,,,,False,,False,,True,insufficient_funds,51,2026-06-27 13:00:00,Saturday,27.0,True,4.0,4.0,False,5,556.82,2,0.2,2026-06-28 21:42:00,32.7,True
478157548169,cust_ZV6sieQ44FpTfH,2037.56,INR,netbanking,,,,False,,False,,True,insufficient_funds,51,2026-07-30 20:00:00,Thursday,30.0,True,2.0,2.0,False,159,969.92,3,0.4,2026-07-31 02:24:00,6.4,False
904120359066,cust_RlTDLvR1HnJmDH,588.62,INR,netbanking,,,,True,False,False,,False,,,,,,,,,False,55,3702.42,0,0.19,,,False
607976664301,cust_9utqIN7joszAGM,973.48,INR,netbanking,,,,False,,False,,False,,,,,,,,,False,81,5863.22,2,0.59,,,True
325923742210,cust_SOvPQHwoItQFEs,506.58,INR,upi,,,,False,,True,16.6,False,,,,,,,,,False,336,4566.71,1,0.26,,,False
252001957223,cust_ytaYEetkNlvWVz,1091.03,INR,card,400014,HDFC,debit,False,,False,,True,insufficient_funds,51,2026-07-07 22:00:00,Tuesday,7.0,False,1.0,1.0,False,216,2803.77,3,0.15,2026-07-09 03:30:00,29.5,False
355926034938,cust_brEiDhfjJUgHMk,861.44,INR,card,400013,HDFC,debit,True,True,False,,False,,,,,,,,,False,286,5509.56,2,0.71,,,False
690159291583,cust_KXrfzxE1CB51jj,2096.99,INR,upi,,,,True,False,False,,False,,,,,,,,,False,50,3756.33,0,0.37,,,False
888615145200,cust_GKcPLtxjuK13zf,567.19,INR,card,607332,SBI,credit,False,,False,,True,insufficient_funds,51,2026-08-07 19:00:00,Friday,7.0,False,1.0,1.0,False,613,4151.59,1,,2026-08-08 07:48:00,12.8,False
409789631681,cust_8Coq4eRlXGnRW5,1143.4,INR,upi,,,,False,,True,39.0,False,,,,,,,,,False,1042,3602.79,1,0.29,,,False
857644895859,cust_eLU6Pq5YhRjGHz,2715.71,INR,wallet,,,,False,,False,,False,,,,,,,,,False,309,1359.85,0,0.37,,,True
131867376064,cust_09hUq9uYgRrM1Y,302.96,INR,upi,,,,False,,False,,False,,,,,,,,,False,35,1235.41,1,0.13,,,True
331003331944,cust_wQAxTaWuV3jwTT,1702.55,INR,upi,,,,False,,False,,True,insufficient_funds,51,2026-07-29 00:00:00,Wednesday,29.0,True,1.0,1.0,False,339,5155.45,1,0.45,2026-07-29 15:24:00,15.4,True
287106194609,cust_TjIdRbIXCFtluX,1457.31,INR,netbanking,,,,False,,False,,True,insufficient_funds,51,2026-08-17 04:00:00,Monday,17.0,False,1.0,1.0,False,491,255.16,1,0.48,2026-08-17 12:48:00,8.8,False
747776830777,cust_RdILv46F3kWoXb,1143.56,INR,upi,,,,True,False,False,,False,,,,,,,,,False,1196,2095.07,2,0.38,,,False
191740431675,cust_RBhbpFfMTl64WJ,296.61,INR,card,524104,Axis,debit,False,,False,,True,insufficient_funds,51,2026-07-07 22:00:00,Tuesday,7.0,False,1.0,1.0,False,140,2155.48,1,,2026-07-08 23:30:00,25.5,True
225668705747,cust_7RlM5jQZGES6x7,3439.02,INR,card,607332,SBI,debit,False,,False,,True,insufficient_funds,51,2026-06-02 20:00:00,Tuesday,2.0,True,2.0,2.0,False,159,565.11,0,,2026-06-02 22:18:00,2.3,False
077652260326,cust_zrIrbAEPzitgGR,1569.6,INR,upi,,,,True,True,False,,False,,,,,,,,,False,385,4590.39,2,0.72,,,True
170584091156,cust_XAcxqYhZg76Vls,1632.97,INR,upi,,,,True,True,False,,False,,,,,,,,,False,178,1908.94,0,0.27,,,False
205978446889,cust_vkRy2pdKw9FxJK,1447.54,INR,netbanking,,,,True,False,False,,False,,,,,,,,,False,29,5304.99,0,0.37,,,False
159961510495,cust_VqDGwcH1bA7MqI,634.98,INR,upi,,,,False,,False,,False,,,,,,,,,False,1052,3966.67,1,0.12,,,True
653078192357,cust_Z6lCLe6mwVAOHg,1536.18,INR,upi,,,,False,,False,,False,,,,,,,,,False,299,3958.56,1,,,,True
179734047216,cust_5aDNECX9mgsl6y,644.16,INR,netbanking,,,,True,True,False,,False,,,,,,,,,False,75,2513.32,1,0.45,,,True
586484890700,cust_FBvSRhKcuviHHw,1550.68,INR,upi,,,,True,False,False,,False,,,,,,,,,False,321,5317.11,0,0.52,,,False
601262726722,cust_3hnthCSL7Dz2tg,2117.68,INR,upi,,,,False,,False,,False,,,,,,,,,False,305,909.55,0,,,,True
301430182525,cust_AJ2SEOMFPq0XdV,162.16,INR,netbanking,,,,False,,False,,False,,,,,,,,,False,20,4593.7,0,,,,True
199616525770,cust_MrfzxFvQcBHoLI,1245.99,INR,upi,,,,False,,False,,True,insufficient_funds,51,2026-06-21 06:00:00,Sunday,21.0,False,5.0,5.0,True,1357,967.48,3,,2026-06-22 06:30:00,24.5,False
755030670895,cust_xsFJsntTGATWQI,3275.51,INR,card,607331,SBI,credit,False,,False,,False,,,,,,,,,False,112,2001.21,0,,,,True
563676280656,cust_6VrBRLVON4Vl0o,774.35,INR,card,607332,SBI,debit,False,,False,,False,,,,,,,,,False,88,348.12,3,0.88,,,True
739769082549,cust_us8rGZtGyJkXk0,6010.7,INR,card,417612,Kotak,debit,True,True,False,,False,,,,,,,,,False,123,641.17,4,0.42,,,False
276661552565,cust_q9UCABpByBTuyk,1312.87,INR,card,508228,ICICI,credit,False,,False,,True,insufficient_funds,51,2026-06-09 11:00:00,Tuesday,9.0,False,1.0,1.0,False,31,1988.9,0,0.48,2026-06-11 22:36:00,59.6,False
568034977637,cust_oTjT3TLRTbHJQA,4036.86,INR,netbanking,,,,True,False,False,,False,,,,,,,,,False,121,711.43,2,0.27,,,False
051301399061,cust_MJN0W4kzdrRGi3,956.79,INR,card,417612,Kotak,debit,True,True,False,,False,,,,,,,,,False,11,805.83,1,,,,True
260309524811,cust_UzhrSyWp8kxsqB,2391.83,INR,card,400014,HDFC,debit,False,,False,,False,,,,,,,,,False,829,11847.27,0,0.75,,,True
388466194823,cust_8gRGMOLAhR8irH,1601.99,INR,card,400013,HDFC,debit,True,False,False,,False,,,,,,,,,False,153,2301.91,3,0.29,,,True
058874516627,cust_3iC5T7kusYEKOz,1701.68,INR,upi,,,,True,False,False,,False,,,,,,,,,False,443,2080.44,1,,,,False
161238149667,cust_AZdNkF7JDJJMHq,890.9,INR,netbanking,,,,False,,False,,False,,,,,,,,,False,334,2072.38,1,0.44,,,True
904136282788,cust_3rZm4usruPt6z2,1943.41,INR,upi,,,,False,,False,,False,,,,,,,,,False,177,2705.7,2,0.65,,,True
845520127375,cust_fse568XenkZC5X,835.23,INR,card,400012,HDFC,debit,False,,False,,False,,,,,,,,,False,46,5886.51,1,0.09,,,True
921402975997,cust_RRKvdvEcSNM107,4076.63,INR,upi,,,,True,True,False,,False,,,,,,,,,False,200,1223.49,1,,,,True
399577154785,cust_59uaGn2br4CxSX,489.05,INR,card,508227,ICICI,credit,True,False,False,,False,,,,,,,,,False,76,1195.73,0,0.42,,,True
306923427558,cust_wLScdBKJr7d1kM,1602.5,INR,netbanking,,,,False,,False,,False,,,,,,,,,False,526,2269.82,3,0.23,,,True
423620989669,cust_LskeDhThzb9CDw,2954.96,INR,netbanking,,,,False,,True,38.3,False,,,,,,,,,False,386,1742.59,0,0.48,,,False
667917837782,cust_sZAmNWxIDTEHgv,123.31,INR,upi,,,,True,False,False,,False,,,,,,,,,False,503,2587.91,1,0.61,,,True
194094583233,cust_vMLBl0wh7UTOMS,2413.99,INR,netbanking,,,,True,True,False,,False,,,,,,,,,False,491,1186.18,2,0.7,,,False
763539331700,cust_j5EwB6pQ8McFI5,1255.04,INR,upi,,,,False,,True,87.5,False,,,,,,,,,False,52,5673.01,1,0.02,,,True
439299476733,cust_s3w13kGqtB81oI,763.61,INR,card,607331,SBI,credit,False,,False,,False,,,,,,,,,False,72,1430.29,0,0.14,,,True
129493616513,cust_zDqCqD0O4MvWzP,931.54,INR,card,400012,HDFC,debit,True,False,False,,False,,,,,,,,,False,70,1355.01,1,,,,True
965367761336,cust_6CWb61Gqh8WYLH,139.77,INR,upi,,,,False,,False,,False,,,,,,,,,False,155,3969.59,0,,,,True
507793573223,cust_mXoIgMmsgPc65s,2420.68,INR,netbanking,,,,False,,False,,False,,,,,,,,,False,519,2551.09,0,0.3,,,True
145689834131,cust_zWzCsh9GzuS9bV,1831.16,INR,card,400012,HDFC,credit,False,,False,,True,insufficient_funds,51,2026-07-23 17:00:00,Thursday,23.0,False,3.0,3.0,True,56,2008.74,1,0.63,2026-07-23 18:18:00,1.3,False
564447505424,cust_iIEaXEEwSHOlUN,2253.84,INR,netbanking,,,,True,True,False,,False,,,,,,,,,False,612,2716.67,0,,,,True
648716133801,cust_SPPvWcuHOt2WVf,992.91,INR,card,508227,ICICI,debit,False,,False,,False,,,,,,,,,False,301,2067.31,1,0.69,,,True
951865626683,cust_2Q7pPiwSZFnM8X,611.18,INR,wallet,,,,True,False,False,,False,,,,,,,,,False,18,2317.52,1,0.53,,,False
413008371002,cust_aBxwZvhJoFijVn,3359.55,INR,upi,,,,False,,False,,False,,,,,,,,,False,95,2338.85,2,0.93,,,True
269526423621,cust_k9XYjyGpUfvVmW,1861.01,INR,netbanking,,,,False,,True,3.8,False,,,,,,,,,False,1768,4967.3,1,,,,False
241833367098,cust_gyNVZuGncz3LAx,687.48,INR,card,607332,SBI,debit,True,False,False,,False,,,,,,,,,False,185,1555.33,1,,,,False
231943408540,cust_xtX6iiHAkh6Su4,1802.19,INR,card,508228,ICICI,debit,False,,False,,False,,,,,,,,,False,185,303.49,2,0.6,,,True
348326376556,cust_uHW07jADh08TWq,2152.53,INR,upi,,,,False,,False,,False,,,,,,,,,False,436,1035.68,2,0.57,,,True
442744225369,cust_wNkKTqHt66Y97C,462.22,INR,upi,,,,False,,False,,True,insufficient_funds,51,2026-07-30 12:00:00,Thursday,30.0,True,1.0,1.0,False,492,1416.59,2,0.48,2026-07-30 19:12:00,7.2,True
400227239106,cust_7y8AL55c9kRjMD,5562.57,INR,card,417612,Kotak,debit,False,,False,,False,,,,,,,,,False,704,3645.22,2,,,,True
272920841012,cust_7DwEdL0yzHvPvb,1450.6,INR,upi,,,,True,True,False,,False,,,,,,,,,False,97,3082.63,1,0.46,,,True
952962751509,cust_rfD3rmRMI8OtNX,4517.21,INR,upi,,,,False,,False,,True,insufficient_funds,51,2026-06-05 14:00:00,Friday,5.0,True,2.0,2.0,False,951,2655.93,2,0.38,2026-06-06 00:30:00,10.5,False
428140196726,cust_mSKjptZJPasWsg,2860.88,INR,card,524105,Axis,debit,False,,False,,True,insufficient_funds,51,2026-06-20 06:00:00,Saturday,20.0,False,1.0,1.0,False,23,3792.72,0,0.29,2026-06-20 19:12:00,13.2,True
738255898719,cust_BGilS9vvrgC6Tk,392.94,INR,card,607331,SBI,debit,True,True,False,,False,,,,,,,,,False,15,3172.21,2,0.06,,,False
015800914187,cust_pvJFQ9MkFNdVyn,770.66,INR,upi,,,,False,,False,,False,,,,,,,,,False,120,5123.99,0,0.59,,,True
415789130072,cust_OiAt6ISoFdSr1u,592.08,INR,netbanking,,,,False,,False,,True,insufficient_funds,51,2026-08-15 03:00:00,Saturday,15.0,False,1.0,1.0,False,53,7019.54,1,0.64,2026-08-15 21:12:00,18.2,True
604393557578,cust_9Ci1irxsuRFWyh,569.88,INR,card,400013,HDFC,debit,True,True,False,,False,,,,,,,,,False,20,6174.22,0,0.35,,,True
797892061531,cust_SMkvCBMK2sViLB,1139.25,INR,card,417612,Kotak,debit,False,,False,,False,,,,,,,,,False,335,865.63,1,0.54,,,True
481325931159,cust_qErt0DFaclTttH,839.15,INR,card,400012,HDFC,debit,False,,False,,False,,,,,,,,,False,281,4061.47,0,,,,True
385068607527,cust_o1rjxriHiLmjDj,1405.63,INR,card,508227,ICICI,credit,False,,False,,False,,,,,,,,,False,371,3459.74,2,,,,True
644805818413,cust_0IgzAZJE8TLrhU,1679.74,INR,upi,,,,False,,False,,True,insufficient_funds,51,2026-08-17 10:00:00,Monday,17.0,False,2.0,2.0,False,435,1668.36,0,0.62,2026-08-20 04:24:00,66.4,False
867612372826,cust_7y8AL55c9kRjMD,1694.48,INR,card,508228,ICICI,credit,False,,False,,False,,,,,,,,,False,704,3645.22,1,0.15,,,True
495081221820,cust_OUKDtgudwfGf6C,934.79,INR,card,524104,Axis,credit,True,False,False,,False,,,,,,,,,False,83,2331.36,4,0.15,,,False
867141315242,cust_2auymlajXnDKCf,1063.23,INR,card,524105,Axis,debit,False,,False,,True,insufficient_funds,51,2026-08-22 05:00:00,Saturday,22.0,False,4.0,4.0,True,191,3549.05,1,0.28,2026-08-24 00:06:00,43.1,False
239999662375,cust_MryrfL9knOIC95,695.61,INR,upi,,,,False,,False,,False,,,,,,,,,False,53,505.17,1,0.43,,,True
239484608409,cust_R3yelmYrbpNnH3,342.39,INR,wallet,,,,False,,False,,True,insufficient_funds,51,2026-06-23 09:00:00,Tuesday,23.0,False,2.0,2.0,False,340,5289.17,1,0.31,2026-06-24 05:48:00,20.8,False
323901430741,cust_woEBzppVyzWKvr,2375.02,INR,netbanking,,,,True,True,False,,False,,,,,,,,,False,68,4762.18,0,0.39,,,True
093278112295,cust_Zf7xnSlD9NoRHO,1972.7,INR,upi,,,,False,,False,,False,,,,,,,,,False,56,3691.78,1,0.59,,,True
576088453699,cust_zWzCsh9GzuS9bV,1708.69,INR,upi,,,,False,,False,,True,insufficient_funds,51,2026-08-06 05:00:00,Thursday,6.0,False,2.0,2.0,False,56,2008.74,1,,2026-08-07 11:54:00,30.9,True
156184854099,cust_qYSHAGA81Moobm,1327.38,INR,card,524105,Axis,debit,False,,False,,False,,,,,,,,,False,251,2907.24,0,0.24,,,True
440336043298,cust_XjPrA5hsupWEpU,3210.61,INR,wallet,,,,False,,False,,False,,,,,,,,,False,655,3896.94,0,0.55,,,True
470868044294,cust_B2i4NDz4SZI6Se,895.48,INR,upi,,,,True,True,False,,False,,,,,,,,,False,280,4146.74,2,0.15,,,True
319673190441,cust_1onLn25rRlXPQl,1470.31,INR,upi,,,,False,,False,,False,,,,,,,,,False,23,699.78,2,0.2,,,True
527773205244,cust_7SLqLKfXaiIkPU,176.09,INR,card,607331,SBI,debit,False,,False,,True,insufficient_funds,51,2026-07-27 09:00:00,Monday,27.0,True,3.0,3.0,False,631,7150.51,3,,2026-07-27 11:36:00,2.6,True
428011836491,cust_aSplMBKSF0TYeo,3033.21,INR,upi,,,,False,,False,,False,,,,,,,,,False,357,1490.35,2,0.31,,,True
130840143069,cust_tVyTZjKMm6mUlB,3239.34,INR,card,400012,HDFC,debit,False,,False,,False,,,,,,,,,False,293,1084.62,4,,,,True
525023371631,cust_qErt0DFaclTttH,1284.55,INR,card,524104,Axis,debit,False,,False,,False,,,,,,,,,False,281,4061.47,2,0.53,,,True
374950184963,cust_yxGEXJxw1AAy1m,3136.46,INR,upi,,,,False,,True,12.0,False,,,,,,,,,False,100,8689.95,0,,,,True
908635208696,cust_l57Nj6IuO8K2Fr,1091.85,INR,card,400014,HDFC,credit,False,,False,,True,insufficient_funds,51,2026-07-14 22:00:00,Tuesday,14.0,False,3.0,3.0,True,1115,1132.54,1,0.32,2026-07-19 12:48:00,110.8,False
783572181168,cust_Tj4S6a8VFA9ZHS,1810.58,INR,upi,,,,True,False,False,,False,,,,,,,,,False,811,5234.97,1,0.4,,,False
710384639920,cust_B3f1rocZVhgvHK,1012.31,INR,upi,,,,False,,False,,False,,,,,,,,,False,424,5146.86,0,0.71,,,True
382162261956,cust_UOu53BySRerG1I,1188.21,INR,netbanking,,,,False,,False,,False,,,,,,,,,False,173,5102.86,0,0.26,,,True
388565277606,cust_fGIE6OZzhFyBBH,3522.93,INR,card,508228,ICICI,debit,False,,False,,True,insufficient_funds,51,2026-06-24 13:00:00,Wednesday,24.0,False,5.0,5.0,True,41,1377.66,0,0.08,2026-06-27 09:18:00,68.3,False
370233922485,cust_sid1U7A67H9dPl,1339.07,INR,card,400014,HDFC,credit,False,,False,,True,insufficient_funds,51,2026-06-29 02:00:00,Monday,29.0,True,1.0,1.0,False,288,2548.02,2,0.23,2026-06-29 08:54:00,6.9,True
443475059708,cust_kmZkg5MsOYpSTu,1195.76,INR,card,508228,ICICI,debit,False,,False,,True,insufficient_funds,51,2026-06-10 03:00:00,Wednesday,10.0,False,1.0,1.0,False,220,2192.02,4,0.44,2026-06-14 01:24:00,94.4,True
570899186773,cust_I0ASFXAFPQJscB,2847.8,INR,upi,,,,True,True,False,,False,,,,,,,,,False,472,2018.43,1,0.17,,,True
354992550976,cust_2X2zGKGG7WmH55,675.99,INR,upi,,,,True,True,False,,False,,,,,,,,,False,155,5272.32,2,,,,True
317786381258,cust_wNkKTqHt66Y97C,1938.24,INR,upi,,,,False,,False,,False,,,,,,,,,False,492,1416.59,1,,,,True
786263591010,cust_rf19FGrXuKuKb8,2446.82,INR,card,400014,HDFC,debit,False,,False,,False,,,,,,,,,False,570,2660.72,1,0.16,,,True
753043783878,cust_kSOrrcq5wmo5ah,394.76,INR,upi,,,,False,,False,,False,,,,,,,,,False,560,2923.95,1,,,,True
061695051072,cust_QThIOrrDZhZMa4,2791.02,INR,netbanking,,,,True,False,False,,False,,,,,,,,,False,572,4326.84,1,0.64,,,False
263166665321,cust_Uqo001XTsv2CEn,658.85,INR,card,417612,Kotak,debit,True,True,False,,False,,,,,,,,,False,38,5857.83,0,0.75,,,False
635083937473,cust_8bzQZoLNztv1yf,3973.64,INR,upi,,,,False,,True,10.4,False,,,,,,,,,False,677,5963.0,1,0.57,,,False
989493033783,cust_Yy6j8gfDj5KHyA,697.97,INR,upi,,,,True,False,False,,False,,,,,,,,,False,357,907.5,2,0.72,,,False
960982137939,cust_le1XCMLaDShVBl,606.47,INR,card,400012,HDFC,credit,False,,False,,False,,,,,,,,,False,48,788.62,2,0.32,,,True
256117639044,cust_FaJffDQGotaSYk,1032.51,INR,upi,,,,True,False,False,,False,,,,,,,,,False,211,2831.84,1,0.53,,,False
571865749261,cust_IPjHJrvDx1oXZJ,3519.95,INR,upi,,,,True,False,False,,False,,,,,,,,,False,253,1851.45,1,,,,False
156064770598,cust_LpmPqVHXkKzSSt,2188.6,INR,card,400014,HDFC,credit,False,,False,,True,insufficient_funds,51,2026-07-01 04:00:00,Wednesday,1.0,True,1.0,1.0,False,186,4043.32,0,0.68,2026-07-01 06:00:00,2.0,False
709524607990,cust_evqoexFNqSkdga,1785.08,INR,upi,,,,False,,False,,True,insufficient_funds,51,2026-07-09 04:00:00,Thursday,9.0,False,1.0,1.0,False,164,7255.09,2,0.7,2026-07-10 21:12:00,41.2,True
495321093104,cust_cZ3nKNi9OlUp4o,3682.52,INR,wallet,,,,False,,False,,True,insufficient_funds,51,2026-08-13 21:00:00,Thursday,13.0,False,2.0,2.0,False,38,7899.64,1,,2026-08-14 09:18:00,12.3,False
034289066906,cust_Wi5PBH17MjoKwW,49.14,INR,netbanking,,,,False,,False,,False,,,,,,,,,False,128,2106.48,1,0.42,,,True
263844829703,cust_N1m4Yrpw2cBdVc,373.85,INR,upi,,,,False,,True,24.1,False,,,,,,,,,False,1022,4059.87,0,0.44,,,False
061178345766,cust_Y0V6aZtbYWUYsM,4614.3,INR,upi,,,,False,,True,48.7,False,,,,,,,,,False,1247,962.33,0,0.16,,,True
583896947492,cust_kbZItNRBebRKsb,1435.19,INR,upi,,,,False,,True,18.7,False,,,,,,,,,False,743,1163.5,0,,,,True
553534129396,cust_8QeF0NcKKNGOTj,1688.21,INR,card,417612,Kotak,credit,True,False,False,,False,,,,,,,,,False,119,2291.53,4,,,,False
541553473304,cust_fk6GSVi3j0aUTL,593.62,INR,upi,,,,False,,False,,False,,,,,,,,,False,39,2181.24,0,,,,True
502099215816,cust_baQ19tHVExtUfR,1774.7,INR,wallet,,,,False,,False,,False,,,,,,,,,False,116,1414.32,0,0.69,,,True
235973586541,cust_l57Nj6IuO8K2Fr,300.54,INR,upi,,,,False,,False,,True,insufficient_funds,51,2026-07-07 21:00:00,Tuesday,7.0,False,1.0,1.0,False,1115,1132.54,1,0.32,2026-07-09 06:12:00,33.2,False
195667639487,cust_1uAEiMLZQXkneo,2881.34,INR,netbanking,,,,False,,False,,True,insufficient_funds,51,2026-06-23 08:00:00,Tuesday,23.0,False,1.0,1.0,False,297,1951.28,0,0.67,2026-06-26 04:54:00,68.9,False
186665176792,cust_MwzLoePeQjhJlP,314.96,INR,card,524105,Axis,debit,True,True,False,,False,,,,,,,,,False,24,3440.39,1,0.47,,,False
928530741996,cust_9gMY2F2BJcTuGK,2282.24,INR,card,417612,Kotak,credit,True,False,False,,False,,,,,,,,,False,272,2484.58,2,,,,False
507354918923,cust_YC1BbZ1TPHGKIP,1706.57,INR,upi,,,,True,True,False,,False,,,,,,,,,False,614,1134.62,2,0.63,,,False
219050810821,cust_EKOTSQnQb1Wk7Z,832.0,INR,netbanking,,,,False,,False,,False,,,,,,,,,False,182,1519.26,3,0.57,,,True
640317068293,cust_QyhdbtQ0zF2Pcl,2072.76,INR,upi,,,,True,False,False,,False,,,,,,,,,False,174,1469.64,1,,,,False
342136589064,cust_fL41SnlJvhwgAU,178.86,INR,upi,,,,False,,False,,True,insufficient_funds,51,2026-06-17 17:00:00,Wednesday,17.0,False,2.0,2.0,False,24,3805.2,0,,2026-06-25 06:54:00,181.9,False
191678587657,cust_PEwU5FpaVTkBS9,226.93,INR,card,417612,Kotak,debit,False,,False,,True,insufficient_funds,51,2026-07-25 20:00:00,Saturday,25.0,True,3.0,3.0,True,171,2086.95,0,,2026-07-26 09:06:00,13.1,False
733067752135,cust_s6nMmSVp8o7frT,1260.27,INR,card,400012,HDFC,credit,False,,False,,False,,,,,,,,,False,188,3766.72,1,0.06,,,True
708998323995,cust_qhSmx6y6E3cE3R,1447.13,INR,upi,,,,True,True,False,,False,,,,,,,,,False,614,3720.65,1,0.75,,,False
413843694177,cust_jyf4vtWifL8U8c,1818.35,INR,card,524105,Axis,credit,True,False,False,,False,,,,,,,,,False,606,6925.93,3,,,,False
647529063966,cust_gqAnqxWr2p1uYt,1676.94,INR,netbanking,,,,False,,False,,False,,,,,,,,,False,527,1122.12,1,0.33,,,True
076930028020,cust_yQDsjEcWejWPGj,2399.12,INR,upi,,,,False,,False,,True,insufficient_funds,51,2026-08-16 09:00:00,Sunday,16.0,False,1.0,1.0,False,101,4890.85,0,0.14,2026-08-16 14:48:00,5.8,False
123911662752,cust_pvJFQ9MkFNdVyn,929.64,INR,card,400012,HDFC,credit,False,,False,,False,,,,,,,,,False,120,5123.99,0,0.59,,,True
046673593278,cust_klqyesgaTD3Zde,1178.74,INR,card,524105,Axis,debit,False,,False,,False,,,,,,,,,False,16,3478.17,2,0.14,,,True
073853690975,cust_s4Ka9oBcfyhKFD,2157.24,INR,upi,,,,False,,False,,True,insufficient_funds,51,2026-08-22 01:00:00,Saturday,22.0,False,2.0,2.0,False,538,1076.07,1,0.24,2026-08-23 13:48:00,36.8,True
658678596495,cust_XTMAbnJ1xuoSPB,2703.13,INR,wallet,,,,False,,False,,False,,,,,,,,,False,499,2673.25,5,0.47,,,True
181551952899,cust_oTjT3TLRTbHJQA,736.87,INR,netbanking,,,,False,,False,,False,,,,,,,,,False,121,711.43,1,0.27,,,True
254532644821,cust_z1bLKEDP3dgeGe,489.15,INR,netbanking,,,,True,True,False,,False,,,,,,,,,False,259,7235.33,2,0.24,,,False
162547959489,cust_B6XDoEnEtDZKnM,880.51,INR,card,417612,Kotak,debit,False,,False,,True,insufficient_funds,51,2026-07-28 05:00:00,Tuesday,28.0,True,5.0,5.0,True,166,2930.87,0,0.58,2026-07-28 06:00:00,1.0,False
455450570361,cust_NLM2om3hvZnNIG,215.02,INR,upi,,,,True,False,False,,False,,,,,,,,,False,543,7328.51,2,,,,False
182957234276,cust_LBtp6rEKGD2iBY,765.2,INR,upi,,,,False,,False,,False,,,,,,,,,False,998,1746.58,1,0.4,,,True
758751684548,cust_6za0S9FnYd6RoU,911.12,INR,netbanking,,,,False,,False,,True,insufficient_funds,51,2026-07-03 11:00:00,Friday,3.0,True,1.0,1.0,False,640,2530.52,1,0.43,2026-07-03 22:24:00,11.4,True
536303289778,cust_iNrvKluHy7GBTp,1112.3,INR,upi,,,,False,,False,,True,insufficient_funds,51,2026-07-31 04:00:00,Friday,31.0,True,1.0,1.0,False,188,389.76,0,,2026-08-01 12:00:00,32.0,True
018268494131,cust_ylXBzvnCPFImA7,2386.29,INR,upi,,,,False,,False,,True,insufficient_funds,51,2026-07-22 13:00:00,Wednesday,22.0,False,1.0,1.0,False,166,3121.26,0,0.28,2026-07-27 07:06:00,114.1,True
586984706863,cust_QMQodSF7id4hPB,1273.61,INR,upi,,,,False,,False,,True,insufficient_funds,51,2026-07-27 02:00:00,Monday,27.0,True,3.0,3.0,True,635,2343.22,1,0.31,2026-07-27 11:18:00,9.3,False
715241878405,cust_fvLFuh2zqSqqFj,1367.27,INR,upi,,,,False,,False,,False,,,,,,,,,False,518,1681.91,2,0.18,,,True
491662064557,cust_iRal7TqVQucP8V,1745.63,INR,upi,,,,True,False,False,,False,,,,,,,,,False,95,6063.23,1,,,,False
560191419541,cust_t7GWo8tXRoSCHI,2166.61,INR,card,607332,SBI,credit,False,,False,,False,,,,,,,,,False,182,2066.46,1,0.24,,,True
587549278719,cust_KL3W3951QwG6EU,1987.39,INR,card,607331,SBI,debit,False,,False,,True,insufficient_funds,51,2026-06-08 10:00:00,Monday,8.0,False,2.0,2.0,False,215,1180.74,0,0.12,2026-06-10 19:24:00,57.4,True
352873188368,cust_lu4oILNaVoaRXy,3082.83,INR,netbanking,,,,False,,False,,True,insufficient_funds,51,2026-06-05 04:00:00,Friday,5.0,True,3.0,3.0,False,271,1937.94,2,0.27,2026-06-07 11:30:00,55.5,True
539764408096,cust_pIscsgA5qkFcCg,1963.84,INR,netbanking,,,,True,False,False,,False,,,,,,,,,False,670,6348.92,1,0.26,,,False
501846257295,cust_ut5e9x3GfOjAr5,1293.61,INR,upi,,,,False,,False,,True,insufficient_funds,51,2026-07-28 23:00:00,Tuesday,28.0,True,1.0,1.0,False,762,881.31,0,0.3,2026-07-29 05:06:00,6.1,True
829639914608,cust_Ec4JmikvGQRrcK,1632.82,INR,netbanking,,,,True,False,False,,False,,,,,,,,,False,117,2229.81,1,,,,False
404626104419,cust_rf19FGrXuKuKb8,850.41,INR,upi,,,,False,,False,,False,,,,,,,,,False,570,2660.72,1,0.16,,,True
679055307790,cust_UbPfcEruXu1YAH,1239.76,INR,card,400012,HDFC,debit,False,,False,,False,,,,,,,,,False,15,1604.58,3,0.29,,,True
317255937373,cust_baQ19tHVExtUfR,2491.2,INR,upi,,,,False,,False,,True,insufficient_funds,51,2026-07-15 06:00:00,Wednesday,15.0,False,1.0,1.0,False,116,1414.32,1,,2026-07-15 07:54:00,1.9,True
652121305790,cust_7GtUrMdibKUJDq,2273.94,INR,upi,,,,False,,False,,False,,,,,,,,,False,431,2041.46,0,,,,True
948370298283,cust_KtYXQaOv4yqRuy,654.94,INR,wallet,,,,False,,False,,True,insufficient_funds,51,2026-06-07 22:00:00,Sunday,7.0,False,1.0,1.0,False,45,4246.01,1,0.31,2026-06-08 15:18:00,17.3,False
756741477970,cust_R2QzxZO3ZAJXyy,700.13,INR,upi,,,,False,,False,,False,,,,,,,,,False,97,6383.06,0,0.45,,,True
486489710548,cust_FBvSRhKcuviHHw,1460.11,INR,card,524105,Axis,credit,False,,False,,False,,,,,,,,,False,321,5317.11,3,0.52,,,True
991594988629,cust_OEC1WgRSxKrBjL,110.42,INR,card,524105,Axis,credit,False,,False,,False,,,,,,,,,False,21,3844.83,2,0.08,,,True
614055127313,cust_Cfk12bgcsZoJd8,1866.02,INR,upi,,,,False,,True,9.4,False,,,,,,,,,False,36,6939.4,2,,,,True
822425505007,cust_7SLqLKfXaiIkPU,850.1,INR,netbanking,,,,True,False,False,,False,,,,,,,,,False,631,7150.51,1,0.26,,,False
640704949170,cust_FL7GwhXwuls9Tp,887.17,INR,card,607332,SBI,credit,False,,False,,True,insufficient_funds,51,2026-06-22 02:00:00,Monday,22.0,False,1.0,1.0,False,69,1024.8,0,0.29,2026-06-24 16:12:00,62.2,False
761678858212,cust_NaQNpUcpvjV21J,1001.81,INR,card,417612,Kotak,credit,True,False,False,,False,,,,,,,,,False,696,2266.96,1,0.14,,,False
486021547420,cust_bnNtVnuHKYSuuh,898.65,INR,upi,,,,False,,False,,True,insufficient_funds,51,2026-08-21 04:00:00,Friday,21.0,False,1.0,1.0,False,18,3700.94,1,0.56,2026-08-22 06:12:00,26.2,True
070543916778,cust_ZzJhP4AE1QdEd8,3181.08,INR,card,607332,SBI,debit,False,,False,,True,insufficient_funds,51,2026-07-28 18:00:00,Tuesday,28.0,True,3.0,3.0,False,8,871.56,1,0.39,2026-07-30 09:48:00,39.8,True
841132803151,cust_GOVDUx6wmvmjFD,574.11,INR,card,417612,Kotak,debit,True,False,False,,False,,,,,,,,,False,22,8501.49,0,,,,False
570871159435,cust_FkFoFJ3pkxla4J,1387.41,INR,card,417612,Kotak,debit,True,False,False,,False,,,,,,,,,False,211,3149.03,3,0.3,,,True
151691063249,cust_6Kh63OyMsEGyLH,283.6,INR,card,400013,HDFC,debit,False,,False,,True,insufficient_funds,51,2026-08-09 15:00:00,Sunday,9.0,False,2.0,2.0,False,110,4464.8,0,0.74,2026-08-13 23:42:00,104.7,False
816439934903,cust_Mq5AOyz99zXzCI,1451.21,INR,netbanking,,,,False,,False,,False,,,,,,,,,False,15,3014.77,0,0.24,,,True
023725557741,cust_QgSBvEwsT04b2L,1920.85,INR,netbanking,,,,False,,False,,True,insufficient_funds,51,2026-06-19 07:00:00,Friday,19.0,False,1.0,1.0,False,146,647.49,1,,2026-06-23 10:24:00,99.4,True
950338271256,cust_FUzBK4RSIHGTBL,1048.76,INR,wallet,,,,True,False,False,,False,,,,,,,,,False,980,7755.26,1,0.09,,,False
784165173285,cust_5eEc3m807Qi3yU,2900.87,INR,netbanking,,,,False,,False,,False,,,,,,,,,False,10,2468.05,2,,,,True
412482611892,cust_fvR9qH8YxV6uMf,1624.33,INR,card,400013,HDFC,credit,True,False,False,,False,,,,,,,,,False,15,750.61,2,,,,False
054310959290,cust_TjIdRbIXCFtluX,3446.22,INR,card,508227,ICICI,credit,True,True,False,,False,,,,,,,,,False,491,255.16,5,0.48,,,True
188848744014,cust_awj1FgCN13dCE5,345.49,INR,netbanking,,,,True,True,False,,False,,,,,,,,,False,317,4829.32,1,,,,True
421424653521,cust_kbZItNRBebRKsb,2805.81,INR,netbanking,,,,False,,False,,True,insufficient_funds,51,2026-06-22 20:00:00,Monday,22.0,False,3.0,3.0,False,743,1163.5,0,0.45,2026-06-24 08:30:00,36.5,True
275156940315,cust_Z4ZisuILXiCzzS,2232.53,INR,card,508227,ICICI,credit,False,,False,,True,insufficient_funds,51,2026-07-25 23:00:00,Saturday,25.0,True,4.0,4.0,True,291,2612.59,1,0.37,2026-07-25 23:24:00,0.4,False
323559431849,cust_3jGZQq4Lvs5L6Y,2060.09,INR,upi,,,,False,,True,5.3,False,,,,,,,,,False,171,1701.5,3,0.19,,,False
969058267183,cust_pZ4MKG5ThiE820,772.72,INR,card,508227,ICICI,debit,False,,False,,True,insufficient_funds,51,2026-08-04 14:00:00,Tuesday,4.0,True,1.0,1.0,False,54,1016.82,0,0.35,2026-08-04 18:12:00,4.2,True
798315549985,cust_sJJUD5mpejWwTN,885.69,INR,card,607331,SBI,credit,False,,False,,False,,,,,,,,,False,444,4629.71,2,0.33,,,True
014158846158,cust_bYMXyFK4sHuHel,872.07,INR,upi,,,,True,False,False,,False,,,,,,,,,False,375,2531.16,1,0.27,,,False
536680649602,cust_Jm2c2wGHrMuFF6,2591.4,INR,upi,,,,False,,False,,False,,,,,,,,,False,332,3352.86,1,,,,True
857543552901,cust_0KDT2IKQa4WRg6,3609.42,INR,upi,,,,True,False,False,,False,,,,,,,,,False,73,4535.56,1,0.33,,,False
904632905188,cust_XTbA1ELnIMFkz5,1253.97,INR,upi,,,,True,False,False,,False,,,,,,,,,False,60,1556.14,0,0.25,,,False
670526825528,cust_rWkb7LVXNOG9HG,3368.58,INR,upi,,,,True,False,False,,False,,,,,,,,,False,319,6422.43,1,0.51,,,False
241480602477,cust_z3wogWCgOxwXkt,2573.94,INR,upi,,,,False,,False,,True,insufficient_funds,51,2026-07-29 11:00:00,Wednesday,29.0,True,1.0,1.0,False,447,4637.58,2,,2026-07-29 13:30:00,2.5,False
915850017086,cust_ut5e9x3GfOjAr5,1935.7,INR,card,508227,ICICI,credit,False,,False,,False,,,,,,,,,False,762,881.31,1,,,,True
542925271359,cust_PiN8SRMrTV5xQH,723.81,INR,netbanking,,,,True,False,False,,False,,,,,,,,,False,235,3904.83,2,0.44,,,False
950974834497,cust_Wcp2KLYUJ9bVT9,198.87,INR,card,607331,SBI,credit,True,False,False,,False,,,,,,,,,False,155,1022.58,2,0.26,,,False
344572436232,cust_uiKt8jpLyOCLzM,982.3,INR,upi,,,,False,,False,,True,insufficient_funds,51,2026-06-07 12:00:00,Sunday,7.0,False,1.0,1.0,False,146,3622.6,8,,2026-06-09 11:18:00,47.3,False
091649363248,cust_QdbIwoX9inIQWP,1882.95,INR,card,524104,Axis,credit,True,False,False,,False,,,,,,,,,False,393,5869.08,2,0.16,,,False
981859696692,cust_8aEPKTmFdykmUP,1550.77,INR,card,508228,ICICI,debit,False,,False,,False,,,,,,,,,False,106,2948.76,1,0.22,,,True
149469487601,cust_uiKt8jpLyOCLzM,1077.08,INR,netbanking,,,,True,False,False,,False,,,,,,,,,False,146,3622.6,1,0.51,,,False
879658086992,cust_cn2FfR6W6UAvtt,2619.63,INR,card,607332,SBI,credit,False,,False,,False,,,,,,,,,False,115,983.68,1,,,,True
711420648791,cust_dmCeBTBr1XhGqm,3311.89,INR,card,417612,Kotak,debit,False,,False,,True,insufficient_funds,51,2026-07-11 03:00:00,Saturday,11.0,False,1.0,1.0,False,2046,574.68,5,0.18,2026-07-13 08:24:00,53.4,False
439854472225,cust_qYk6zJFzoc7kA8,408.12,INR,netbanking,,,,False,,False,,False,,,,,,,,,False,566,1143.11,0,0.43,,,True
048505649083,cust_W5M4Yc5cM94qEK,2278.87,INR,upi,,,,False,,False,,False,,,,,,,,,False,721,5196.94,2,,,,True
119079228910,cust_9VIigneLlr8ABm,1271.66,INR,card,508227,ICICI,debit,False,,False,,True,insufficient_funds,51,2026-06-19 14:00:00,Friday,19.0,False,2.0,2.0,False,208,818.96,2,0.12,2026-06-21 10:36:00,44.6,True
465198610978,cust_rlGtm9dq59RlTg,1401.16,INR,netbanking,,,,False,,False,,True,insufficient_funds,51,2026-06-03 05:00:00,Wednesday,3.0,True,2.0,2.0,False,195,1062.07,1,0.49,2026-06-03 07:18:00,2.3,False
211960812531,cust_myKP3tc4LjY6O1,3165.35,INR,card,417612,Kotak,debit,True,False,False,,False,,,,,,,,,False,902,8927.59,0,0.19,,,False
243504855726,cust_eECaTPF7zj69pQ,3207.79,INR,upi,,,,False,,False,,False,,,,,,,,,False,1398,1361.57,1,0.68,,,True
958147588809,cust_RC5utiDdKD9ymR,290.68,INR,card,508228,ICICI,debit,True,False,False,,False,,,,,,,,,False,336,1007.64,2,0.73,,,False
416488256434,cust_Wxq7IlwCEwWXjl,1834.63,INR,card,508228,ICICI,credit,True,False,False,,False,,,,,,,,,False,136,8061.82,2,0.61,,,False
709932107369,cust_tkKWoC2PhD9poB,537.27,INR,card,607331,SBI,debit,False,,False,,True,insufficient_funds,51,2026-06-07 02:00:00,Sunday,7.0,False,1.0,1.0,False,460,3463.59,3,,2026-06-12 19:30:00,137.5,False
963998342531,cust_wWNvtScfYfp0ym,561.2,INR,card,417612,Kotak,credit,False,,False,,False,,,,,,,,,False,91,4028.08,0,0.27,,,True
132976062796,cust_MryrfL9knOIC95,606.0,INR,card,400013,HDFC,credit,True,True,False,,False,,,,,,,,,False,53,505.17,0,0.43,,,True
726016265967,cust_oqso9QZYCrjLtN,1871.06,INR,card,524105,Axis,credit,False,,False,,False,,,,,,,,,False,124,5205.13,0,,,,True
278370911788,cust_dkxp6EGABDARAb,1681.75,INR,upi,,,,False,,False,,True,insufficient_funds,51,2026-08-27 08:00:00,Thursday,27.0,True,5.0,5.0,False,13,14579.45,1,,2026-08-27 09:18:00,1.3,True
543178847467,cust_axTqIpzfe2diau,2466.59,INR,upi,,,,True,False,False,,False,,,,,,,,,False,1034,871.05,2,0.11,,,False
190620000515,cust_GLvlQjOOqWqdfl,395.68,INR,card,400012,HDFC,credit,True,True,False,,False,,,,,,,,,False,445,5338.27,1,,,,True
538158420083,cust_UblYlFa55914tS,2859.17,INR,netbanking,,,,False,,False,,False,,,,,,,,,False,100,738.58,0,0.44,,,True
598324590619,cust_8ee5gxtElyhTEo,3981.77,INR,card,508227,ICICI,debit,False,,False,,False,,,,,,,,,False,153,4456.87,1,0.45,,,True
469932622129,cust_wgx0F5l9uvaRb2,5664.82,INR,card,417612,Kotak,credit,False,,False,,False,,,,,,,,,False,482,517.3,1,0.51,,,True
518801270006,cust_8mtBX4XCprUx0w,1326.04,INR,upi,,,,False,,False,,False,,,,,,,,,False,490,2873.08,1,0.3,,,True
740702996907,cust_T0sSTZYSHa6p3m,1347.09,INR,card,508227,ICICI,debit,False,,False,,False,,,,,,,,,False,33,4526.22,2,,,,True
740158879215,cust_ZOpVqS74BFXZRS,657.24,INR,card,400014,HDFC,credit,False,,False,,False,,,,,,,,,False,60,1126.33,2,,,,True
485802566576,cust_sYGt2QMwVRktFf,2292.31,INR,netbanking,,,,False,,False,,True,insufficient_funds,51,2026-07-31 19:00:00,Friday,31.0,True,1.0,1.0,False,1021,4278.08,0,0.29,2026-07-31 19:42:00,0.7,False
173385115381,cust_EZQsHwohBdtSYy,610.23,INR,card,508228,ICICI,debit,False,,False,,True,insufficient_funds,51,2026-08-02 19:00:00,Sunday,2.0,True,1.0,1.0,False,17,3766.0,1,0.24,2026-08-02 21:36:00,2.6,False
549675513377,cust_rdS4OTEL3IAdUL,1087.52,INR,upi,,,,False,,False,,True,insufficient_funds,51,2026-06-06 13:00:00,Saturday,6.0,False,5.0,5.0,True,96,284.78,0,0.24,2026-06-07 03:54:00,14.9,False
262154077797,cust_lxyLoQsVckOXGM,1213.47,INR,card,417612,Kotak,debit,False,,False,,False,,,,,,,,,False,263,1331.25,1,,,,True
572840445553,cust_YgeimUnGgEzI2M,887.11,INR,upi,,,,False,,False,,True,insufficient_funds,51,2026-07-15 03:00:00,Wednesday,15.0,False,2.0,2.0,False,402,3635.89,0,0.41,2026-07-15 06:54:00,3.9,False
422869785371,cust_OEC1WgRSxKrBjL,1791.4,INR,upi,,,,True,False,False,,False,,,,,,,,,False,21,3844.83,0,0.08,,,False
366337802136,cust_rdS4OTEL3IAdUL,2020.48,INR,netbanking,,,,False,,False,,False,,,,,,,,,False,96,284.78,0,0.24,,,True
070313569027,cust_jhs64K2K59Ye67,2911.53,INR,upi,,,,False,,False,,True,insufficient_funds,51,2026-08-05 15:00:00,Wednesday,5.0,True,2.0,2.0,False,25,975.87,1,0.54,2026-08-06 03:42:00,12.7,False
194054622443,cust_RC5utiDdKD9ymR,2398.99,INR,card,524105,Axis,credit,False,,False,,True,insufficient_funds,51,2026-08-08 02:00:00,Saturday,8.0,False,1.0,1.0,False,336,1007.64,3,0.73,2026-08-11 21:36:00,91.6,True
016979814584,cust_s3w13kGqtB81oI,1808.23,INR,netbanking,,,,True,True,False,,False,,,,,,,,,False,72,1430.29,2,0.14,,,False
365919799053,cust_ZrFhmRTfMyhYnz,338.67,INR,card,524104,Axis,debit,False,,False,,True,insufficient_funds,51,2026-06-27 12:00:00,Saturday,27.0,True,2.0,2.0,False,8,5376.24,0,,2026-06-28 02:42:00,14.7,False
063403590617,cust_cpWDhNaNQzUjje,1145.01,INR,netbanking,,,,False,,False,,False,,,,,,,,,False,202,1164.05,2,0.61,,,True
569940189902,cust_ypbJBs8rcMCcPc,1647.0,INR,upi,,,,True,False,False,,False,,,,,,,,,False,220,2012.14,2,0.21,,,False
450328397363,cust_MFbmkBr5EXuIcn,2066.66,INR,upi,,,,False,,False,,False,,,,,,,,,False,75,5440.74,0,0.12,,,True
751181666181,cust_pCnRaUxvCt5Kwe,2621.28,INR,netbanking,,,,False,,False,,False,,,,,,,,,False,786,2507.93,3,0.16,,,True
692773298033,cust_csHw6rIZbLksMc,814.79,INR,netbanking,,,,False,,False,,False,,,,,,,,,False,457,906.25,2,0.25,,,True
072083576572,cust_cn2FfR6W6UAvtt,469.42,INR,card,417612,Kotak,credit,False,,False,,True,insufficient_funds,51,2026-08-05 21:00:00,Wednesday,5.0,True,1.0,1.0,False,115,983.68,1,0.49,2026-08-05 22:42:00,1.7,False
459207187401,cust_2yjr7ivu7cckBH,2240.87,INR,upi,,,,False,,False,,True,insufficient_funds,51,2026-06-12 22:00:00,Friday,12.0,False,1.0,1.0,False,931,1676.38,0,0.23,2026-06-13 07:36:00,9.6,False
493940107251,cust_oqso9QZYCrjLtN,1175.81,INR,card,508228,ICICI,credit,False,,False,,True,insufficient_funds,51,2026-08-21 06:00:00,Friday,21.0,False,2.0,2.0,False,124,5205.13,0,,2026-08-28 12:06:00,174.1,False
757611058906,cust_XDWUGcrs3Il1Rr,1591.39,INR,netbanking,,,,True,False,False,,False,,,,,,,,,False,60,2894.92,1,,,,False
710142865417,cust_Wxq7IlwCEwWXjl,1913.68,INR,netbanking,,,,False,,True,3.6,False,,,,,,,,,False,136,8061.82,1,,,,True
573336287654,cust_GMLrstQRODj0JW,1767.71,INR,card,400012,HDFC,debit,False,,False,,False,,,,,,,,,False,19,5680.72,1,0.27,,,True
348350060546,cust_T5m7DZIyvy6Pwo,330.64,INR,netbanking,,,,False,,False,,False,,,,,,,,,False,112,4112.39,1,,,,True
930252982864,cust_3lLglqJpSyVG4p,736.44,INR,card,508227,ICICI,credit,False,,False,,False,,,,,,,,,False,62,3120.56,1,0.66,,,True
086372879601,cust_GOVDUx6wmvmjFD,1121.21,INR,card,417612,Kotak,credit,False,,False,,True,insufficient_funds,51,2026-07-04 10:00:00,Saturday,4.0,True,5.0,5.0,True,22,8501.49,2,,2026-07-04 20:00:00,10.0,False
887674384136,cust_fL41SnlJvhwgAU,1441.55,INR,card,607331,SBI,credit,False,,False,,False,,,,,,,,,False,24,3805.2,1,,,,True
620835292598,cust_rlGtm9dq59RlTg,1134.12,INR,card,417612,Kotak,debit,False,,False,,False,,,,,,,,,False,195,1062.07,0,0.49,,,True
945780761850,cust_hPuLWw1UHW3u3X,889.51,INR,netbanking,,,,False,,False,,False,,,,,,,,,False,153,5273.89,1,0.66,,,True
463138807881,cust_En9pOT7gAzPFpy,415.83,INR,upi,,,,False,,False,,False,,,,,,,,,False,146,4669.92,1,,,,True
329856770988,cust_5ysEA5JoTYswdE,1288.66,INR,netbanking,,,,False,,False,,True,insufficient_funds,51,2026-07-11 09:00:00,Saturday,11.0,False,3.0,3.0,True,1026,7308.22,3,0.3,2026-07-11 17:54:00,8.9,False
227812378545,cust_ggWaaPBHAMp2MY,608.32,INR,card,607332,SBI,credit,False,,False,,False,,,,,,,,,False,243,5637.5,1,,,,True
514358799414,cust_LJyBCh76yTSVLg,2054.14,INR,netbanking,,,,False,,True,1.2,False,,,,,,,,,False,694,2171.62,0,0.63,,,True
965563022866,cust_WSGAi1UtWwgXoN,4217.06,INR,netbanking,,,,False,,False,,True,insufficient_funds,51,2026-07-17 19:00:00,Friday,17.0,False,3.0,3.0,True,433,2249.12,1,,2026-07-18 10:30:00,15.5,False
397839400424,cust_UkzWGszFD3dbWg,880.84,INR,card,417612,Kotak,credit,False,,False,,False,,,,,,,,,False,154,3808.84,2,0.45,,,True
977082204525,cust_lU79O8LnzxjHn8,1151.46,INR,upi,,,,False,,True,15.5,False,,,,,,,,,False,480,2252.69,2,0.24,,,True
866837356501,cust_ohNkyAxrVJ7UFF,241.96,INR,netbanking,,,,True,True,False,,False,,,,,,,,,False,7,5011.83,0,0.24,,,True
210573296628,cust_UPjdFWu2oi10KW,1153.67,INR,card,400013,HDFC,credit,False,,False,,True,insufficient_funds,51,2026-06-12 11:00:00,Friday,12.0,False,2.0,2.0,False,145,595.59,0,,2026-06-13 08:42:00,21.7,False
337473754074,cust_H2Kk6bwAxb9ZQK,1657.72,INR,card,400012,HDFC,debit,True,False,False,,False,,,,,,,,,False,182,2372.06,1,0.37,,,False
563459580609,cust_zE8nbqV2wnL7a4,900.55,INR,upi,,,,False,,False,,True,insufficient_funds,51,2026-08-07 14:00:00,Friday,7.0,False,1.0,1.0,False,76,5859.25,1,0.42,2026-08-08 18:30:00,28.5,False
523392654585,cust_ThY1eczb5LRhUc,1455.6,INR,upi,,,,False,,False,,True,insufficient_funds,51,2026-08-09 21:00:00,Sunday,9.0,False,2.0,2.0,False,47,2367.34,0,,2026-08-09 21:18:00,0.3,False
522316786607,cust_rc07HXmBCAGUqb,332.88,INR,card,607331,SBI,debit,False,,False,,False,,,,,,,,,False,99,927.34,1,0.22,,,True
292097355596,cust_o4zEKTujRHqr6f,2681.56,INR,card,607331,SBI,debit,True,False,False,,False,,,,,,,,,False,298,3268.61,0,0.41,,,True
584485211028,cust_s3w13kGqtB81oI,1990.55,INR,upi,,,,False,,False,,True,insufficient_funds,51,2026-06-05 06:00:00,Friday,5.0,True,1.0,1.0,False,72,1430.29,1,,2026-06-07 03:30:00,45.5,False
211316151627,cust_IzlLP7qt0wzN6h,402.42,INR,card,417612,Kotak,credit,False,,False,,False,,,,,,,,,False,140,1716.24,1,0.12,,,True
094110235178,cust_a8kdXHLWxD0RiQ,856.06,INR,card,524105,Axis,credit,True,True,False,,False,,,,,,,,,False,72,1083.47,1,0.33,,,False
867776583199,cust_ImO02A11wtfsYd,676.48,INR,card,417612,Kotak,credit,False,,False,,False,,,,,,,,,False,859,1717.65,2,0.28,,,True
063907813790,cust_taRevPJfPv19Py,2598.19,INR,upi,,,,False,,False,,True,insufficient_funds,51,2026-07-20 08:00:00,Monday,20.0,False,4.0,4.0,True,216,2195.08,0,0.67,2026-07-21 09:18:00,25.3,False
933240564468,cust_RaWUWT5NB63wB9,644.1,INR,upi,,,,False,,False,,False,,,,,,,,,False,176,1569.38,3,0.35,,,True
151553994418,cust_BGilS9vvrgC6Tk,870.58,INR,netbanking,,,,False,,False,,True,insufficient_funds,51,2026-08-04 06:00:00,Tuesday,4.0,True,1.0,1.0,False,15,3172.21,1,,2026-08-05 04:42:00,22.7,False
626910101025,cust_MPmJG5ppmvhCdm,1092.44,INR,upi,,,,True,True,False,,False,,,,,,,,,False,4,6348.49,1,,,,False
820361331867,cust_JjwtkVBSdotLlM,479.91,INR,card,607331,SBI,debit,False,,False,,False,,,,,,,,,False,593,1351.55,2,,,,True
530225990542,cust_qDI0cKV2lwnlK8,2206.71,INR,upi,,,,True,True,False,,False,,,,,,,,,False,530,1416.61,1,0.74,,,False
946660941931,cust_Hpfj5HdeCgrkQC,179.69,INR,card,400012,HDFC,credit,False,,False,,False,,,,,,,,,False,124,3504.46,3,,,,True
565070277882,cust_FfycfcDcysYyuj,439.78,INR,card,607332,SBI,debit,True,True,False,,False,,,,,,,,,False,454,1510.3,1,0.7,,,True
459525947133,cust_OKorPj3MiTZent,1363.4,INR,netbanking,,,,False,,False,,True,insufficient_funds,51,2026-08-29 05:00:00,Saturday,29.0,True,1.0,1.0,False,349,444.01,3,0.69,2026-08-29 15:42:00,10.7,False
170548875589,cust_a9a9mzP44EYYUR,369.82,INR,upi,,,,True,False,False,,False,,,,,,,,,False,45,590.49,1,,,,False
119026919360,cust_7NuNVQqRDVegHs,1894.66,INR,card,607332,SBI,debit,True,True,False,,False,,,,,,,,,False,234,6355.35,2,0.18,,,True
080304149554,cust_1F1e9kzRttPUj3,1711.42,INR,card,417612,Kotak,credit,True,True,False,,False,,,,,,,,,False,850,680.18,1,0.48,,,False
106717432574,cust_VQ9X3Gck2qxvNG,639.53,INR,upi,,,,False,,False,,False,,,,,,,,,False,512,2657.28,1,0.55,,,True
390418016357,cust_k9XYjyGpUfvVmW,727.69,INR,card,508228,ICICI,debit,False,,False,,False,,,,,,,,,False,1768,4967.3,1,0.32,,,True
023015305967,cust_yxZenPoswE9dYf,1848.77,INR,card,417612,Kotak,debit,False,,False,,True,insufficient_funds,51,2026-06-04 02:00:00,Thursday,4.0,True,1.0,1.0,False,238,2135.92,0,,2026-06-04 07:06:00,5.1,False
792499209102,cust_354ykuVzaattDG,1838.35,INR,netbanking,,,,False,,False,,True,insufficient_funds,51,2026-08-23 20:00:00,Sunday,23.0,False,2.0,2.0,False,179,3696.47,2,,2026-08-24 15:30:00,19.5,True
531018280221,cust_evqoexFNqSkdga,1707.73,INR,upi,,,,False,,False,,True,insufficient_funds,51,2026-07-07 02:00:00,Tuesday,7.0,False,4.0,4.0,True,164,7255.09,0,,2026-07-08 02:06:00,24.1,False
077983489106,cust_xWAhF0LnUJ9qoA,2487.27,INR,upi,,,,False,,False,,False,,,,,,,,,False,95,3387.29,1,0.3,,,True
791149576228,cust_nbMoxRClfOKCOA,1876.83,INR,upi,,,,False,,False,,False,,,,,,,,,False,216,3304.25,0,0.5,,,True
885491832077,cust_pvJFQ9MkFNdVyn,878.53,INR,upi,,,,False,,False,,True,insufficient_funds,51,2026-06-26 13:00:00,Friday,26.0,True,2.0,2.0,False,120,5123.99,0,0.59,2026-06-26 15:36:00,2.6,False
156989871954,cust_8ee5gxtElyhTEo,1772.26,INR,upi,,,,False,,False,,False,,,,,,,,,False,153,4456.87,2,0.45,,,True
062897756503,cust_rrK7gwsKHwQ2vB,949.83,INR,card,508227,ICICI,debit,True,False,False,,False,,,,,,,,,False,19,3338.73,3,0.28,,,False
109266969042,cust_Y3UuI9sf8DbzVv,3072.63,INR,netbanking,,,,False,,True,0.7,False,,,,,,,,,False,761,5783.21,4,,,,False
486870111583,cust_Zf7xnSlD9NoRHO,325.84,INR,upi,,,,False,,True,2.8,False,,,,,,,,,False,56,3691.78,0,,,,False
243825626557,cust_X7lmOOJ84UhMIh,1048.2,INR,card,400014,HDFC,debit,True,True,False,,False,,,,,,,,,False,138,2223.81,0,0.56,,,False
267750428173,cust_MwzLoePeQjhJlP,202.9,INR,card,524105,Axis,debit,True,True,False,,False,,,,,,,,,False,24,3440.39,0,0.47,,,False
802735541687,cust_ElQnrFlqB0pryW,1335.65,INR,upi,,,,False,,False,,False,,,,,,,,,False,286,2455.63,5,0.45,,,True
478727100279,cust_1pe6bPaJwzugMG,1482.96,INR,card,524105,Axis,credit,False,,False,,True,insufficient_funds,51,2026-07-03 11:00:00,Friday,3.0,True,2.0,2.0,False,348,575.62,2,0.73,2026-07-03 15:24:00,4.4,False
432613761833,cust_LSOSexYWdFG2uR,527.47,INR,wallet,,,,False,,False,,True,insufficient_funds,51,2026-07-05 02:00:00,Sunday,5.0,True,1.0,1.0,False,69,8488.81,1,0.07,2026-07-05 08:00:00,6.0,False
205603761661,cust_K67uyL2GKeSm4Q,1296.08,INR,card,524105,Axis,debit,False,,False,,False,,,,,,,,,False,469,2420.89,0,0.47,,,True
395377544378,cust_QEq0k8kePGyj9z,1199.07,INR,upi,,,,False,,False,,False,,,,,,,,,False,117,1510.97,0,0.44,,,True
027669534513,cust_8IT6MT78SrejPX,1339.44,INR,upi,,,,False,,False,,True,insufficient_funds,51,2026-08-07 23:00:00,Friday,7.0,False,2.0,2.0,False,484,1661.0,0,0.14,2026-08-08 09:24:00,10.4,False
156240692201,cust_b4dJH30gSCECGa,3491.23,INR,upi,,,,True,True,False,,False,,,,,,,,,False,648,7639.98,2,0.26,,,False
707177232555,cust_uTL9xWPGcAxY1V,782.53,INR,card,524105,Axis,credit,True,False,False,,False,,,,,,,,,False,133,3722.68,1,0.68,,,False
297132580195,cust_qhPic6n6D6a9Qq,967.7,INR,card,417612,Kotak,credit,False,,False,,False,,,,,,,,,False,43,5206.32,1,0.49,,,True
407483727636,cust_tYq18KuXwYQLJN,444.24,INR,card,400014,HDFC,debit,True,True,False,,False,,,,,,,,,False,276,994.07,0,0.64,,,False
046692824868,cust_yQDsjEcWejWPGj,1864.81,INR,upi,,,,False,,False,,False,,,,,,,,,False,101,4890.85,0,,,,True
512639279455,cust_gnTVhxbWQSAy0V,367.77,INR,card,607331,SBI,debit,False,,False,,True,insufficient_funds,51,2026-08-11 22:00:00,Tuesday,11.0,False,2.0,2.0,False,235,2787.15,0,,2026-08-18 03:42:00,149.7,False
977695693463,cust_PiN8SRMrTV5xQH,2232.21,INR,card,607331,SBI,credit,False,,False,,True,insufficient_funds,51,2026-06-29 10:00:00,Monday,29.0,True,3.0,3.0,True,235,3904.83,2,,2026-06-29 11:06:00,1.1,False
257943746891,cust_sYGt2QMwVRktFf,2058.38,INR,card,400014,HDFC,debit,False,,False,,True,insufficient_funds,51,2026-08-04 19:00:00,Tuesday,4.0,True,5.0,5.0,True,1021,4278.08,3,0.29,2026-08-05 06:24:00,11.4,False
997947259919,cust_4WqqEQ0budevT9,1320.25,INR,upi,,,,False,,False,,False,,,,,,,,,False,1437,1367.97,1,0.32,,,True
770620254767,cust_KXth3FkmdB6K3J,2098.51,INR,upi,,,,False,,False,,True,insufficient_funds,51,2026-08-01 01:00:00,Saturday,1.0,True,1.0,1.0,False,212,1086.49,1,0.2,2026-08-02 01:00:00,24.0,False
768005258002,cust_UpgTK4VVvsnqlL,1201.07,INR,card,524104,Axis,credit,True,True,False,,False,,,,,,,,,False,268,1339.72,1,0.35,,,False
130778340409,cust_YzpEzftFbRMfKu,421.58,INR,upi,,,,False,,True,17.4,False,,,,,,,,,False,236,260.55,0,0.74,,,False
035118427367,cust_CcAW95oZz81F0k,2145.06,INR,upi,,,,False,,False,,False,,,,,,,,,False,75,1486.59,0,0.41,,,True
803150868705,cust_Cq1jCsDsQPq1Vs,2559.22,INR,card,607332,SBI,credit,True,False,False,,False,,,,,,,,,False,340,5084.14,1,,,,False
344609389473,cust_rrK7gwsKHwQ2vB,628.28,INR,card,607331,SBI,credit,True,False,False,,False,,,,,,,,,False,19,3338.73,2,0.28,,,False
069134866654,cust_LkCVcc508c3cIu,905.14,INR,card,417612,Kotak,debit,False,,False,,False,,,,,,,,,False,78,1729.88,2,0.05,,,True
955949274862,cust_rZHBUxmz5F0Pkg,975.98,INR,card,524105,Axis,debit,False,,False,,True,insufficient_funds,51,2026-08-21 04:00:00,Friday,21.0,False,1.0,1.0,False,682,2595.14,0,0.26,2026-08-25 03:36:00,95.6,False
220280378050,cust_Qi0JiTNxzMm7Ft,2035.68,INR,upi,,,,True,False,False,,False,,,,,,,,,False,662,8525.46,0,0.37,,,False
601230869909,cust_JDG3VsfKPbbgJX,1859.54,INR,card,508227,ICICI,debit,True,False,False,,False,,,,,,,,,False,344,1540.99,1,,,,True
622421592140,cust_QzfnHBXkL1kVK3,1519.11,INR,upi,,,,False,,False,,False,,,,,,,,,False,4,693.47,0,0.35,,,True
973674893993,cust_dUhWw8gXpJU5kM,1896.8,INR,card,417612,Kotak,credit,True,False,False,,False,,,,,,,,,False,758,1767.51,1,0.42,,,False
202276825241,cust_wHTAUcx3iXlgGR,1420.52,INR,netbanking,,,,False,,False,,False,,,,,,,,,False,200,3577.7,0,0.25,,,True
580824564499,cust_fvR9qH8YxV6uMf,2049.94,INR,card,524104,Axis,debit,False,,False,,True,insufficient_funds,51,2026-06-21 13:00:00,Sunday,21.0,False,3.0,3.0,True,15,750.61,1,0.29,2026-06-24 18:48:00,77.8,False
766498725678,cust_9vJ0oxDJOCQrb9,542.29,INR,netbanking,,,,False,,False,,True,insufficient_funds,51,2026-06-11 10:00:00,Thursday,11.0,False,1.0,1.0,False,41,5810.17,1,,2026-06-12 22:30:00,36.5,False
308008330591,cust_T5m7DZIyvy6Pwo,2532.72,INR,card,508228,ICICI,credit,True,True,False,,False,,,,,,,,,False,112,4112.39,4,0.84,,,False
522893010951,cust_mntPyA0SJYEYcF,4067.3,INR,card,417612,Kotak,debit,False,,False,,True,insufficient_funds,51,2026-08-17 19:00:00,Monday,17.0,False,1.0,1.0,False,92,1537.87,0,0.46,2026-08-18 15:42:00,20.7,True
850558688405,cust_lfIKEnNLWsHOys,932.97,INR,upi,,,,False,,True,0.8,False,,,,,,,,,False,31,1446.39,5,,,,True
040784927799,cust_LJyBCh76yTSVLg,2630.84,INR,card,524105,Axis,debit,False,,False,,True,insufficient_funds,51,2026-06-23 06:00:00,Tuesday,23.0,False,1.0,1.0,False,694,2171.62,3,,2026-06-23 21:18:00,15.3,False
002310433146,cust_oFy34nAJJgYjMq,1605.83,INR,netbanking,,,,True,True,False,,False,,,,,,,,,False,277,5140.48,0,,,,False
858328719637,cust_iRal7TqVQucP8V,454.32,INR,netbanking,,,,False,,False,,False,,,,,,,,,False,95,6063.23,1,0.34,,,True
206823893838,cust_FhL2WbQcOQDupF,3459.5,INR,card,400012,HDFC,credit,False,,False,,True,insufficient_funds,51,2026-06-20 21:00:00,Saturday,20.0,False,1.0,1.0,False,287,2505.9,1,0.22,2026-06-24 13:12:00,88.2,False
600307162374,cust_cn2FfR6W6UAvtt,1093.41,INR,upi,,,,False,,False,,True,insufficient_funds,51,2026-07-25 13:00:00,Saturday,25.0,True,3.0,3.0,False,115,983.68,1,0.49,2026-07-26 13:48:00,24.8,True
933652451138,cust_7RlM5jQZGES6x7,916.62,INR,upi,,,,False,,False,,False,,,,,,,,,False,159,565.11,1,0.32,,,True
664708752224,cust_G5dv8ytO3K3uaD,2128.29,INR,wallet,,,,False,,False,,True,insufficient_funds,51,2026-06-30 00:00:00,Tuesday,30.0,True,1.0,1.0,False,316,6030.04,3,0.26,2026-06-30 00:42:00,0.7,False
684323709994,cust_PgiI7DqZhmK5WI,1546.76,INR,card,417612,Kotak,debit,False,,False,,True,insufficient_funds,51,2026-06-26 10:00:00,Friday,26.0,True,4.0,4.0,False,261,3949.14,2,0.36,2026-06-26 22:42:00,12.7,True
085578301557,cust_bsp5v5MmtCjaUh,1678.01,INR,card,400012,HDFC,credit,False,,False,,True,insufficient_funds,51,2026-08-16 01:00:00,Sunday,16.0,False,1.0,1.0,False,112,4795.33,1,,2026-08-17 01:18:00,24.3,False
530133273639,cust_hKoWozgX4gV1ed,2116.19,INR,netbanking,,,,False,,False,,True,insufficient_funds,51,2026-07-24 19:00:00,Friday,24.0,False,1.0,1.0,False,421,4645.95,2,,2026-07-26 04:00:00,33.0,False
056980419077,cust_5U3PyeippVgDWn,2509.02,INR,card,524104,Axis,debit,False,,False,,False,,,,,,,,,False,475,4894.35,0,,,,True
335311326102,cust_3goiByRAVZp83j,450.5,INR,card,607332,SBI,debit,False,,False,,True,insufficient_funds,51,2026-08-02 12:00:00,Sunday,2.0,True,1.0,1.0,False,871,3303.51,0,,2026-08-03 04:06:00,16.1,True
908137651102,cust_JfNDtYbkfNRYIF,697.38,INR,netbanking,,,,False,,False,,False,,,,,,,,,False,15,4843.13,0,0.31,,,True
060977686280,cust_8YKbftvyxBX0v5,1979.79,INR,card,607332,SBI,debit,False,,False,,False,,,,,,,,,False,153,3179.04,1,,,,True
621048188484,cust_F6oz6nrH1Io3j7,4198.25,INR,card,400012,HDFC,credit,True,True,False,,False,,,,,,,,,False,94,4823.15,1,0.16,,,True
974787769792,cust_NWHmEPX4YFParh,1742.43,INR,card,607332,SBI,debit,False,,False,,True,insufficient_funds,51,2026-07-13 23:00:00,Monday,13.0,False,1.0,1.0,False,4,3414.4,2,0.35,2026-07-16 02:12:00,51.2,False
386010758927,cust_sX0eILBvAQZu9u,1309.73,INR,card,400013,HDFC,debit,False,,False,,False,,,,,,,,,False,105,2702.48,4,,,,True
626837381894,cust_wLScdBKJr7d1kM,732.47,INR,wallet,,,,True,True,False,,False,,,,,,,,,False,526,2269.82,0,0.23,,,False
917954101141,cust_JgjxKE1mO4IcPP,448.97,INR,card,524105,Axis,debit,False,,False,,False,,,,,,,,,False,1046,10003.74,0,0.3,,,True
603228119961,cust_sid1U7A67H9dPl,899.75,INR,upi,,,,False,,False,,True,insufficient_funds,51,2026-08-24 18:00:00,Monday,24.0,False,3.0,3.0,True,288,2548.02,0,0.23,2026-08-30 05:36:00,131.6,False
422246297228,cust_ytaYEetkNlvWVz,1499.64,INR,netbanking,,,,True,True,False,,False,,,,,,,,,False,216,2803.77,0,,,,True
151653557933,cust_vZAzlJtxMlTUfB,1759.22,INR,upi,,,,False,,False,,True,insufficient_funds,51,2026-06-21 06:00:00,Sunday,21.0,False,3.0,3.0,True,72,1375.35,0,0.54,2026-06-22 05:06:00,23.1,False
478777212057,cust_MJN0W4kzdrRGi3,1787.63,INR,card,417612,Kotak,debit,False,,False,,False,,,,,,,,,False,11,805.83,0,0.18,,,True
361575628988,cust_D8ok8mZCOeq7oX,497.04,INR,upi,,,,False,,False,,True,insufficient_funds,51,2026-07-03 18:00:00,Friday,3.0,True,1.0,1.0,False,914,3155.02,0,0.48,2026-07-04 07:24:00,13.4,False
837694410417,cust_MGEl0BRhEluTin,468.11,INR,card,508227,ICICI,credit,False,,False,,False,,,,,,,,,False,55,6519.75,1,0.12,,,True
174278887360,cust_z5bPbYzEkgzrdB,1377.36,INR,card,607331,SBI,credit,False,,False,,False,,,,,,,,,False,242,5801.24,1,0.11,,,True
326293836053,cust_8DNnZOcxb1bHeo,988.61,INR,card,400012,HDFC,debit,True,False,False,,False,,,,,,,,,False,62,2146.13,0,0.58,,,False
150539595073,cust_jnjJjSv3jx173G,112.91,INR,upi,,,,False,,False,,False,,,,,,,,,False,20,1899.19,0,0.32,,,True
305458459076,cust_IVFWr2eLYO9nVu,1587.68,INR,netbanking,,,,False,,False,,True,insufficient_funds,51,2026-07-04 01:00:00,Saturday,4.0,True,3.0,3.0,False,26,2680.58,1,,2026-07-04 23:18:00,22.3,True
906818712077,cust_6VrBRLVON4Vl0o,592.47,INR,card,417612,Kotak,credit,False,,False,,True,insufficient_funds,51,2026-07-19 22:00:00,Sunday,19.0,False,1.0,1.0,False,88,348.12,3,,2026-07-22 18:24:00,68.4,False
923173048267,cust_z3wogWCgOxwXkt,341.3,INR,upi,,,,False,,False,,True,insufficient_funds,51,2026-06-27 06:00:00,Saturday,27.0,True,3.0,3.0,False,447,4637.58,0,0.28,2026-06-28 12:24:00,30.4,True
399691204288,cust_CcAW95oZz81F0k,2180.18,INR,card,524105,Axis,debit,False,,False,,False,,,,,,,,,False,75,1486.59,0,,,,True
993695949368,cust_cXMdH74ZyrtAXN,1717.77,INR,upi,,,,True,False,False,,False,,,,,,,,,False,734,5419.71,2,0.49,,,False
584779860566,cust_Vh8ki0yZh1d2dE,1107.26,INR,upi,,,,True,True,False,,False,,,,,,,,,False,654,677.33,3,0.28,,,False
029279508515,cust_8UpHcTHrrvdxeZ,612.07,INR,upi,,,,True,False,False,,False,,,,,,,,,False,265,6269.86,0,0.6,,,False
148189210727,cust_qErt0DFaclTttH,2134.27,INR,upi,,,,False,,True,5.9,False,,,,,,,,,False,281,4061.47,1,0.53,,,False
282372765833,cust_yxGEXJxw1AAy1m,1580.66,INR,card,508228,ICICI,debit,False,,False,,False,,,,,,,,,False,100,8689.95,1,0.23,,,True
727729737108,cust_Pp2aj1mM2tQqZZ,2579.96,INR,card,524104,Axis,debit,False,,False,,False,,,,,,,,,False,7,2185.3,0,0.71,,,True
068213954053,cust_CM4WdcC8UrgzzQ,723.38,INR,upi,,,,False,,False,,False,,,,,,,,,False,405,1082.91,2,0.58,,,True
369015310171,cust_FDJmpQpebQuHaR,1860.17,INR,card,417612,Kotak,debit,False,,False,,False,,,,,,,,,False,208,4625.42,1,,,,True
314440045620,cust_LpmPqVHXkKzSSt,1774.17,INR,card,524105,Axis,credit,False,,False,,True,insufficient_funds,51,2026-07-02 04:00:00,Thursday,2.0,True,1.0,1.0,False,186,4043.32,2,0.68,2026-07-02 19:12:00,15.2,True
190073891656,cust_w5M3LVF066VJft,660.71,INR,card,607332,SBI,credit,True,True,False,,False,,,,,,,,,False,694,1697.1,1,0.34,,,False
922554166504,cust_8IT6MT78SrejPX,2695.93,INR,card,607332,SBI,credit,False,,False,,False,,,,,,,,,False,484,1661.0,1,,,,True
361467519567,cust_76M8uIU78TvxcK,1088.08,INR,upi,,,,False,,False,,True,insufficient_funds,51,2026-07-23 07:00:00,Thursday,23.0,False,2.0,2.0,False,201,3547.91,0,0.32,2026-07-26 16:30:00,81.5,False
825380419243,cust_xfRSJhJphRgvJz,2098.1,INR,upi,,,,False,,False,,False,,,,,,,,,False,364,3696.78,1,0.84,,,True
328974571217,cust_3lLglqJpSyVG4p,374.71,INR,upi,,,,False,,True,26.6,False,,,,,,,,,False,62,3120.56,0,,,,False
670149321990,cust_zS5DZLplqkwKcj,2817.81,INR,card,508227,ICICI,credit,False,,False,,False,,,,,,,,,False,908,2594.03,0,0.56,,,True
560760219846,cust_kgYQeab5e8zIHs,1909.72,INR,card,417612,Kotak,debit,False,,False,,True,insufficient_funds,51,2026-07-28 07:00:00,Tuesday,28.0,True,4.0,4.0,True,39,738.89,2,,2026-07-28 07:30:00,0.5,False
383839635269,cust_Cudo4LkneFVUp1,2199.46,INR,card,508228,ICICI,credit,False,,False,,True,insufficient_funds,51,2026-06-04 18:00:00,Thursday,4.0,True,1.0,1.0,False,587,6873.93,1,0.3,2026-06-06 01:36:00,31.6,True
535460098501,cust_PcpzYGfp0XolSG,3522.78,INR,netbanking,,,,False,,False,,False,,,,,,,,,False,448,2045.04,0,,,,True
359680373607,cust_s9MsCLiP20483b,1264.67,INR,upi,,,,False,,False,,False,,,,,,,,,False,22,4567.81,0,0.78,,,True
866751004161,cust_UkIV7rYk6TXxyp,444.18,INR,upi,,,,False,,False,,False,,,,,,,,,False,554,2210.49,2,,,,True
950405168031,cust_l8rq8rUn2T0dUl,332.63,INR,wallet,,,,False,,False,,False,,,,,,,,,False,56,4450.6,1,0.57,,,True
061871296203,cust_NSD624mae86pwT,968.64,INR,card,508227,ICICI,debit,False,,False,,False,,,,,,,,,False,571,3139.61,1,0.45,,,True
396869967405,cust_dzbDHZ8y0hyq1m,583.97,INR,netbanking,,,,False,,False,,False,,,,,,,,,False,26,416.3,2,0.19,,,True
421712926645,cust_0TVEh30s5nxfHM,499.45,INR,upi,,,,False,,False,,False,,,,,,,,,False,182,2711.82,3,0.13,,,True
394801950624,cust_ly92sGNs3V8CPi,1357.9,INR,upi,,,,False,,True,4.1,False,,,,,,,,,False,595,2565.32,1,0.75,,,False
823206949908,cust_A3o72ssMQp7Lqy,6759.13,INR,upi,,,,True,True,False,,False,,,,,,,,,False,1118,1513.11,2,0.09,,,False
594175130827,cust_HR9Eukj1mdrHfj,908.0,INR,card,607331,SBI,credit,True,False,False,,False,,,,,,,,,False,193,5324.18,1,,,,False
436452123003,cust_rGd4QBUQUvIht5,441.8,INR,card,508227,ICICI,debit,False,,False,,True,insufficient_funds,51,2026-08-12 19:00:00,Wednesday,12.0,False,2.0,2.0,False,33,519.71,1,0.39,2026-08-13 15:48:00,20.8,False
376006590474,cust_84vQ78cIZruSr1,1803.84,INR,card,400012,HDFC,debit,False,,False,,False,,,,,,,,,False,163,4634.09,0,0.37,,,True
550550925617,cust_boCJIQxoK07eB1,3264.61,INR,card,400012,HDFC,credit,True,True,False,,False,,,,,,,,,False,489,2220.44,1,,,,False
031454015017,cust_d7wwjskKmm0JqB,317.01,INR,netbanking,,,,True,False,False,,False,,,,,,,,,False,273,5451.3,1,0.26,,,False
668743050252,cust_qb8paFAo4SFF09,480.6,INR,upi,,,,True,False,False,,False,,,,,,,,,False,456,4437.12,1,0.14,,,False
675828045062,cust_csHw6rIZbLksMc,285.74,INR,card,524104,Axis,debit,False,,False,,True,insufficient_funds,51,2026-06-11 03:00:00,Thursday,11.0,False,5.0,5.0,True,457,906.25,1,0.25,2026-06-14 20:12:00,89.2,False
189703974837,cust_FhL2WbQcOQDupF,2722.64,INR,card,607331,SBI,debit,False,,False,,False,,,,,,,,,False,287,2505.9,1,0.22,,,True
086403160391,cust_fRa62yS16ZTFEt,1928.95,INR,upi,,,,False,,False,,True,insufficient_funds,51,2026-08-06 17:00:00,Thursday,6.0,False,4.0,4.0,True,21,3176.1,0,,2026-08-10 07:12:00,86.2,False
123273561538,cust_WiDryW11OrYTXX,1007.46,INR,card,400013,HDFC,credit,False,,False,,False,,,,,,,,,False,97,4750.64,1,0.46,,,True
835246524265,cust_XT3FVQToGmsqDq,1579.77,INR,card,400012,HDFC,credit,True,False,False,,False,,,,,,,,,False,206,2390.49,0,0.55,,,False
114623980384,cust_y01UmtzOzGsnTe,358.2,INR,upi,,,,True,False,False,,False,,,,,,,,,False,101,1654.37,1,0.51,,,True
891781299209,cust_fSrYyO9TUOJJEk,1382.39,INR,card,607332,SBI,debit,False,,False,,False,,,,,,,,,False,106,941.23,1,0.24,,,True
828814746915,cust_XTbA1ELnIMFkz5,1721.33,INR,upi,,,,False,,False,,False,,,,,,,,,False,60,1556.14,2,0.25,,,True
229722903098,cust_6KDuie27aftdf9,720.91,INR,card,524105,Axis,credit,True,True,False,,False,,,,,,,,,False,292,2861.79,2,,,,True
424779238014,cust_KJi7OZLnaBmMkY,1103.31,INR,netbanking,,,,False,,True,11.4,False,,,,,,,,,False,1319,1128.96,0,0.29,,,False
737346164764,cust_LXQrVx3u7UGk4r,1577.95,INR,upi,,,,False,,False,,False,,,,,,,,,False,613,964.18,2,0.51,,,True
928083568146,cust_KL3W3951QwG6EU,239.73,INR,upi,,,,False,,False,,True,insufficient_funds,51,2026-07-20 23:00:00,Monday,20.0,False,1.0,1.0,False,215,1180.74,0,0.12,2026-07-21 20:36:00,21.6,False
894426726898,cust_yxZenPoswE9dYf,865.19,INR,netbanking,,,,True,True,False,,False,,,,,,,,,False,238,2135.92,2,0.66,,,False
204119259942,cust_MPmJG5ppmvhCdm,3235.04,INR,card,524104,Axis,credit,False,,False,,False,,,,,,,,,False,4,6348.49,0,0.32,,,True
154224864598,cust_hqTAlsWH8mgttP,2230.65,INR,upi,,,,False,,False,,True,insufficient_funds,51,2026-06-20 11:00:00,Saturday,20.0,False,4.0,4.0,True,119,2800.49,1,0.51,2026-06-20 23:48:00,12.8,False
283386146214,cust_TgjgYhMTbM6aaF,1513.42,INR,card,607331,SBI,debit,False,,False,,True,insufficient_funds,51,2026-08-29 21:00:00,Saturday,29.0,True,4.0,4.0,True,57,1463.32,2,0.32,2026-08-29 23:06:00,2.1,False
215045992322,cust_dpGDaLkkzrmTys,582.8,INR,card,508227,ICICI,credit,False,,False,,False,,,,,,,,,False,12,3235.52,1,0.39,,,True
945923969057,cust_H9RFiguJBxkOvt,1120.82,INR,netbanking,,,,True,False,False,,False,,,,,,,,,False,234,3069.08,3,0.19,,,False
545692215785,cust_ShARajocbNd3xK,3683.11,INR,upi,,,,False,,False,,False,,,,,,,,,False,374,1309.24,1,0.15,,,True
345643252833,cust_jXce7YvSQnlxbX,5262.56,INR,card,508228,ICICI,debit,False,,False,,True,insufficient_funds,51,2026-08-05 09:00:00,Wednesday,5.0,True,1.0,1.0,False,354,1700.48,1,0.25,2026-08-06 10:54:00,25.9,False
441449057344,cust_ddNJzBCjJnCjDQ,664.96,INR,netbanking,,,,True,False,False,,False,,,,,,,,,False,106,5134.73,0,0.19,,,False
088263394299,cust_HfjwNhhfm2IQd9,1288.95,INR,upi,,,,True,True,False,,False,,,,,,,,,False,104,1058.46,0,,,,False
627982408983,cust_m9bJCyMXu0GD65,1789.21,INR,card,417612,Kotak,debit,False,,False,,False,,,,,,,,,False,301,8635.98,2,0.38,,,True
841830207506,cust_ttMxRxayAQIBov,1188.99,INR,upi,,,,True,True,False,,False,,,,,,,,,False,16,489.68,1,0.36,,,False
835396701782,cust_LrjOwCuryXpy8e,865.44,INR,netbanking,,,,False,,False,,False,,,,,,,,,False,1281,1421.72,0,,,,True
035495269096,cust_sZAmNWxIDTEHgv,1077.27,INR,card,417612,Kotak,debit,False,,False,,False,,,,,,,,,False,503,2587.91,0,,,,True
404751587314,cust_16Umfwpc3itYiL,1000.61,INR,netbanking,,,,False,,False,,False,,,,,,,,,False,111,4382.22,1,0.73,,,True
364296975713,cust_xx9wWhe4fYLTN3,1680.58,INR,netbanking,,,,True,True,False,,False,,,,,,,,,False,31,3927.67,1,0.14,,,False
088842665983,cust_084PzDI7rXB7Xr,2330.27,INR,upi,,,,True,True,False,,False,,,,,,,,,False,151,1579.58,1,0.21,,,False
298906837982,cust_zE8nbqV2wnL7a4,1429.21,INR,card,607331,SBI,debit,False,,False,,False,,,,,,,,,False,76,5859.25,1,0.42,,,True
710065463636,cust_2X2zGKGG7WmH55,2499.53,INR,card,508228,ICICI,debit,False,,False,,False,,,,,,,,,False,155,5272.32,1,0.69,,,True
588393986057,cust_fL41SnlJvhwgAU,895.46,INR,card,607332,SBI,debit,False,,False,,False,,,,,,,,,False,24,3805.2,0,0.57,,,True
771732903264,cust_1DS7IQXJVZEgET,1458.84,INR,card,400012,HDFC,credit,False,,False,,True,insufficient_funds,51,2026-08-18 22:00:00,Tuesday,18.0,False,1.0,1.0,False,183,1528.54,0,0.53,2026-08-24 07:54:00,129.9,True
474047583884,cust_k2wbJG87thm75f,421.22,INR,card,607332,SBI,credit,False,,False,,False,,,,,,,,,False,255,2414.61,0,0.59,,,True
618619055677,cust_8mtBX4XCprUx0w,399.69,INR,upi,,,,False,,True,3.4,False,,,,,,,,,False,490,2873.08,1,,,,False
293485422040,cust_wXUD7Qbe5lLeIv,1265.19,INR,wallet,,,,False,,False,,True,insufficient_funds,51,2026-08-20 20:00:00,Thursday,20.0,False,1.0,1.0,False,87,5584.7,1,0.46,2026-08-23 00:12:00,52.2,True
849642197300,cust_IMardl6kfqRAID,2464.12,INR,upi,,,,True,False,False,,False,,,,,,,,,False,423,5626.39,1,0.3,,,False
357842837128,cust_kmZkg5MsOYpSTu,5414.86,INR,card,524105,Axis,debit,True,False,False,,False,,,,,,,,,False,220,2192.02,1,,,,False
745462981738,cust_PmkMGS6UmxUUy1,1110.41,INR,upi,,,,True,True,False,,False,,,,,,,,,False,11,2573.64,1,0.23,,,True
405327154666,cust_FfnUyupNMBPd0E,1036.31,INR,netbanking,,,,True,True,False,,False,,,,,,,,,False,30,4799.45,2,0.33,,,True
501842201362,cust_fL41SnlJvhwgAU,1731.05,INR,upi,,,,False,,False,,True,insufficient_funds,51,2026-08-20 13:00:00,Thursday,20.0,False,3.0,3.0,True,24,3805.2,2,0.57,2026-08-21 20:30:00,31.5,False
720526447463,cust_8QeF0NcKKNGOTj,1015.59,INR,card,524105,Axis,debit,False,,False,,False,,,,,,,,,False,119,2291.53,2,0.34,,,True
266805401058,cust_CezIwrFJbanEvc,5074.07,INR,upi,,,,False,,False,,False,,,,,,,,,False,249,4959.12,0,,,,True
341298513744,cust_LXWBqz8I5HZCQT,1253.9,INR,upi,,,,False,,True,25.6,False,,,,,,,,,False,304,3791.47,2,,,,False
102942728679,cust_sNbOVcZFapXJ5E,1525.61,INR,card,400014,HDFC,credit,False,,False,,True,insufficient_funds,51,2026-07-15 07:00:00,Wednesday,15.0,False,5.0,5.0,True,352,1375.05,0,0.44,2026-07-26 19:30:00,276.5,False
699564602404,cust_n8OkOyedBfFumF,1207.52,INR,card,607331,SBI,credit,False,,False,,False,,,,,,,,,False,236,1892.54,0,0.11,,,True
013381025260,cust_8YaTUkuxDkpHPB,586.88,INR,card,524104,Axis,debit,False,,False,,False,,,,,,,,,False,266,1274.09,0,0.25,,,True
552489029093,cust_FBvSRhKcuviHHw,2052.75,INR,upi,,,,True,False,False,,False,,,,,,,,,False,321,5317.11,1,0.52,,,False
329649627485,cust_rXfLnYDzu9vMRS,4413.58,INR,card,607331,SBI,debit,True,True,False,,False,,,,,,,,,False,6,2972.49,1,,,,False
958398562082,cust_kJtPccXlEIdJLA,807.66,INR,card,417612,Kotak,debit,True,True,False,,False,,,,,,,,,False,260,1157.5,1,0.4,,,False
045472800175,cust_us8rGZtGyJkXk0,2147.02,INR,card,508227,ICICI,debit,False,,False,,False,,,,,,,,,False,123,641.17,1,,,,True
811236954556,cust_9utqIN7joszAGM,1451.95,INR,card,417612,Kotak,debit,False,,False,,True,insufficient_funds,51,2026-08-18 08:00:00,Tuesday,18.0,False,1.0,1.0,False,81,5863.22,1,0.59,2026-08-20 18:36:00,58.6,False
052191169183,cust_LBtp6rEKGD2iBY,998.99,INR,card,524105,Axis,debit,False,,False,,False,,,,,,,,,False,998,1746.58,2,0.4,,,True
471281404033,cust_RhVZXelCRIlrC3,1206.61,INR,upi,,,,False,,False,,True,insufficient_funds,51,2026-06-16 00:00:00,Tuesday,16.0,False,2.0,2.0,False,194,673.27,2,,2026-06-28 22:30:00,310.5,False
441204985948,cust_u8UZuehgnYJzyb,740.09,INR,wallet,,,,True,False,False,,False,,,,,,,,,False,306,791.69,0,0.14,,,False
977369869427,cust_X0xoxHrD6JZkxq,1121.93,INR,upi,,,,False,,True,2.4,False,,,,,,,,,False,171,2143.42,1,0.44,,,False
679671757758,cust_KXrfzxE1CB51jj,512.88,INR,card,400013,HDFC,credit,False,,False,,False,,,,,,,,,False,50,3756.33,0,0.37,,,True
186253567068,cust_pZ4MKG5ThiE820,2773.72,INR,upi,,,,False,,False,,False,,,,,,,,,False,54,1016.82,2,,,,True
266938414304,cust_wUZod8mJC54Bly,1419.08,INR,upi,,,,True,True,False,,False,,,,,,,,,False,1273,926.65,1,0.5,,,False
419450216598,cust_lvVsByN1IOHIEq,748.66,INR,card,417612,Kotak,credit,False,,False,,True,insufficient_funds,51,2026-08-13 07:00:00,Thursday,13.0,False,4.0,4.0,True,28,1075.32,0,0.67,2026-08-13 09:42:00,2.7,False
576761084875,cust_uiKt8jpLyOCLzM,1048.12,INR,upi,,,,False,,False,,False,,,,,,,,,False,146,3622.6,1,0.51,,,True
022786861893,cust_5LDQCHYzHigAmQ,765.13,INR,netbanking,,,,False,,False,,False,,,,,,,,,False,214,352.33,2,0.09,,,True
134555191105,cust_oSzwmDNiJXgLbr,2468.14,INR,card,417612,Kotak,credit,False,,False,,False,,,,,,,,,False,151,1049.77,1,0.47,,,True
699933583218,cust_5NiyGz2vyTU5H0,1445.16,INR,upi,,,,True,True,False,,False,,,,,,,,,False,75,1730.12,1,0.13,,,False
128070737772,cust_Pq4xsHHbWgXxf6,1804.59,INR,netbanking,,,,False,,False,,False,,,,,,,,,False,128,1004.48,1,0.67,,,True
771116165731,cust_i6QCCfoaS08BDv,1599.4,INR,card,607332,SBI,credit,False,,False,,True,insufficient_funds,51,2026-06-22 00:00:00,Monday,22.0,False,4.0,4.0,True,62,3206.5,3,0.53,2026-06-22 08:48:00,8.8,False
924145682483,cust_xACRkDSaoAPVR1,1564.36,INR,upi,,,,False,,False,,True,insufficient_funds,51,2026-08-12 13:00:00,Wednesday,12.0,False,5.0,5.0,True,349,2710.23,1,0.47,2026-08-14 08:48:00,43.8,False
049200135310,cust_8IT6MT78SrejPX,496.36,INR,card,524105,Axis,debit,False,,False,,True,insufficient_funds,51,2026-06-11 19:00:00,Thursday,11.0,False,2.0,2.0,False,484,1661.0,2,0.14,2026-06-12 15:06:00,20.1,False
591946192126,cust_M3vPAZOV026Ao0,2548.81,INR,card,400012,HDFC,credit,False,,False,,True,insufficient_funds,51,2026-07-24 21:00:00,Friday,24.0,False,3.0,3.0,True,78,3597.73,3,0.18,2026-07-27 01:36:00,52.6,False
032924059144,cust_mfMVTIrRPEmVbI,1909.12,INR,upi,,,,True,False,False,,False,,,,,,,,,False,319,946.62,1,,,,False
207016968069,cust_dkxp6EGABDARAb,7.64,INR,upi,,,,False,,False,,False,,,,,,,,,False,13,14579.45,0,0.3,,,True
451521092535,cust_USyqRr99ut4ASy,3011.27,INR,card,508227,ICICI,debit,False,,False,,False,,,,,,,,,False,143,1043.22,0,0.79,,,True
023357039932,cust_3BDamHNPVWC2QJ,2064.87,INR,upi,,,,True,False,False,,False,,,,,,,,,False,815,2155.42,2,,,,True
764522653213,cust_7KiiDV1JqEsj6t,2085.79,INR,card,607332,SBI,credit,False,,False,,True,insufficient_funds,51,2026-06-30 09:00:00,Tuesday,30.0,True,1.0,1.0,False,28,7386.58,5,,2026-07-01 17:42:00,32.7,False
035129734712,cust_eECaTPF7zj69pQ,1575.78,INR,card,508227,ICICI,debit,False,,False,,True,insufficient_funds,51,2026-06-24 22:00:00,Wednesday,24.0,False,5.0,5.0,False,1398,1361.57,0,0.68,2026-06-28 04:12:00,78.2,True
593281307843,cust_VqYAwlEpmU96ut,2642.35,INR,card,607332,SBI,debit,True,False,False,,False,,,,,,,,,False,142,1325.82,2,,,,False
148059511508,cust_D9n1Qs3SJv3xxl,1717.66,INR,upi,,,,False,,True,13.1,False,,,,,,,,,False,104,2612.04,0,,,,False
816453391276,cust_cZ3nKNi9OlUp4o,297.62,INR,card,524104,Axis,debit,False,,False,,True,insufficient_funds,51,2026-08-21 10:00:00,Friday,21.0,False,3.0,3.0,True,38,7899.64,0,,2026-08-26 04:12:00,114.2,False
551733796420,cust_klqyesgaTD3Zde,676.67,INR,card,524105,Axis,credit,True,False,False,,False,,,,,,,,,False,16,3478.17,1,0.14,,,False
980871984683,cust_nbMoxRClfOKCOA,400.5,INR,netbanking,,,,False,,False,,False,,,,,,,,,False,216,3304.25,1,0.5,,,True
568868048096,cust_Wp4aYuVw0jg6ym,3496.52,INR,card,524104,Axis,debit,False,,False,,True,insufficient_funds,51,2026-07-16 19:00:00,Thursday,16.0,False,3.0,3.0,True,2,5242.13,2,0.51,2026-07-17 19:24:00,24.4,False
647432661510,cust_Isw1UZoqbMnMV1,1684.44,INR,netbanking,,,,True,False,False,,False,,,,,,,,,False,56,249.24,0,0.71,,,False
115270595420,cust_WmWKiErM8OHd6j,2161.42,INR,netbanking,,,,False,,False,,False,,,,,,,,,False,149,1327.18,0,,,,True
192477131515,cust_Ir1HNdu6W7lZHj,782.62,INR,upi,,,,False,,False,,True,insufficient_funds,51,2026-06-17 05:00:00,Wednesday,17.0,False,1.0,1.0,False,163,1990.81,3,0.26,2026-06-18 03:36:00,22.6,True
334464368201,cust_CVD95E5BZvv8oa,1225.84,INR,card,508227,ICICI,debit,True,True,False,,False,,,,,,,,,False,508,1367.93,1,,,,False
093677178727,cust_lfIKEnNLWsHOys,991.17,INR,card,607331,SBI,credit,False,,False,,True,insufficient_funds,51,2026-07-25 05:00:00,Saturday,25.0,True,2.0,2.0,False,31,1446.39,0,0.43,2026-07-25 16:24:00,11.4,False
718883548446,cust_LXWBqz8I5HZCQT,2587.02,INR,netbanking,,,,False,,False,,False,,,,,,,,,False,304,3791.47,1,0.5,,,True
800166707049,cust_ylXBzvnCPFImA7,2264.22,INR,upi,,,,False,,False,,True,insufficient_funds,51,2026-06-05 20:00:00,Friday,5.0,True,4.0,4.0,False,166,3121.26,0,,2026-06-06 06:48:00,10.8,True
697405842023,cust_3jGZQq4Lvs5L6Y,3901.22,INR,wallet,,,,False,,False,,True,insufficient_funds,51,2026-06-24 16:00:00,Wednesday,24.0,False,5.0,5.0,True,171,1701.5,3,,2026-06-25 05:54:00,13.9,False
314496591687,cust_H4QOniD0NCNOJ1,1194.63,INR,netbanking,,,,False,,False,,False,,,,,,,,,False,736,1624.11,0,0.53,,,True
243862102033,cust_52AjG8R9he60dL,437.74,INR,card,417612,Kotak,credit,False,,False,,True,insufficient_funds,51,2026-06-26 05:00:00,Friday,26.0,True,2.0,2.0,False,116,315.81,0,0.32,2026-06-26 05:54:00,0.9,False
269901140598,cust_hR4yXxbC3Lf6K7,667.07,INR,card,417612,Kotak,debit,False,,False,,False,,,,,,,,,False,115,1193.11,0,,,,True
251271691992,cust_SQWAnXLB1wOsoh,3982.77,INR,upi,,,,False,,False,,False,,,,,,,,,False,3,1395.65,2,0.47,,,True
200992186282,cust_pvJFQ9MkFNdVyn,1247.12,INR,card,417612,Kotak,credit,True,True,False,,False,,,,,,,,,False,120,5123.99,2,0.59,,,False
037504131583,cust_9vJ0oxDJOCQrb9,1059.25,INR,card,524104,Axis,debit,False,,False,,False,,,,,,,,,False,41,5810.17,1,,,,True
197839181727,cust_LqfZIXLnqo9ieI,1216.8,INR,upi,,,,False,,False,,True,insufficient_funds,51,2026-08-05 09:00:00,Wednesday,5.0,True,5.0,5.0,False,1067,3180.92,3,0.35,2026-08-05 11:54:00,2.9,True
797332905446,cust_jhs64K2K59Ye67,119.54,INR,card,524105,Axis,credit,False,,False,,False,,,,,,,,,False,25,975.87,2,0.54,,,True
600812608072,cust_m9bJCyMXu0GD65,768.03,INR,upi,,,,False,,False,,True,insufficient_funds,51,2026-08-20 03:00:00,Thursday,20.0,False,1.0,1.0,False,301,8635.98,2,0.38,2026-08-21 12:36:00,33.6,False
697333237762,cust_m1mJEbSRDfTcDz,1874.8,INR,netbanking,,,,False,,True,65.3,False,,,,,,,,,False,84,380.64,3,0.08,,,True
554190213743,cust_BcTEAiGI8WvzZh,422.46,INR,upi,,,,False,,True,15.5,False,,,,,,,,,False,28,2187.83,2,0.33,,,True
674817870502,cust_wWNvtScfYfp0ym,1283.46,INR,netbanking,,,,False,,False,,False,,,,,,,,,False,91,4028.08,1,0.27,,,True
491941179547,cust_YVXes4FPOW9dK0,1413.87,INR,card,508228,ICICI,debit,False,,False,,False,,,,,,,,,False,452,187.1,4,,,,True
510735403324,cust_sid1U7A67H9dPl,2419.54,INR,netbanking,,,,True,False,False,,False,,,,,,,,,False,288,2548.02,1,,,,False
608247384088,cust_BtDY53Z6cNI0dL,2579.05,INR,card,508227,ICICI,debit,False,,False,,True,insufficient_funds,51,2026-06-03 15:00:00,Wednesday,3.0,True,5.0,5.0,False,144,1500.97,2,,2026-06-03 15:06:00,0.1,True
943182339136,cust_llkV0myrSmFIHS,762.64,INR,netbanking,,,,True,True,False,,False,,,,,,,,,False,397,773.21,1,,,,False
905100929479,cust_qepCYlASNIPUAu,1092.33,INR,upi,,,,False,,True,42.1,False,,,,,,,,,False,41,1158.84,2,0.31,,,True
142467798727,cust_gZNnmHGWqByf9k,1314.56,INR,netbanking,,,,True,True,False,,False,,,,,,,,,False,214,1115.12,1,,,,False
744634387632,cust_084PzDI7rXB7Xr,1749.76,INR,card,524105,Axis,debit,False,,False,,True,insufficient_funds,51,2026-06-11 05:00:00,Thursday,11.0,False,2.0,2.0,False,151,1579.58,0,,2026-06-13 00:48:00,43.8,True
917712969154,cust_G1gTZD7G3PP751,1111.81,INR,wallet,,,,False,,False,,True,insufficient_funds,51,2026-08-08 04:00:00,Saturday,8.0,False,1.0,1.0,False,509,1629.19,2,,2026-08-10 04:30:00,48.5,False
480946257048,cust_HT2tv2ZZb535Qw,426.84,INR,card,607331,SBI,debit,False,,False,,False,,,,,,,,,False,228,2462.89,2,0.54,,,True
536665007825,cust_ShARajocbNd3xK,2551.22,INR,card,400014,HDFC,debit,False,,False,,False,,,,,,,,,False,374,1309.24,3,0.15,,,True
862711487357,cust_xd254lOTkbSoCO,3250.43,INR,upi,,,,False,,False,,False,,,,,,,,,False,85,1303.25,0,0.28,,,True
027101266806,cust_xWAhF0LnUJ9qoA,1245.48,INR,card,400012,HDFC,credit,False,,False,,True,insufficient_funds,51,2026-06-26 19:00:00,Friday,26.0,True,4.0,4.0,True,95,3387.29,0,,2026-06-27 09:06:00,14.1,False
035389268109,cust_F6oz6nrH1Io3j7,524.58,INR,netbanking,,,,False,,False,,True,insufficient_funds,51,2026-07-22 04:00:00,Wednesday,22.0,False,1.0,1.0,False,94,4823.15,1,0.16,2026-07-22 07:36:00,3.6,False
107315395782,cust_8FK1ePImdsjOvP,492.04,INR,netbanking,,,,True,False,False,,False,,,,,,,,,False,139,4024.91,0,,,,False
937254677735,cust_iD9z850KeNYDX9,313.35,INR,card,508228,ICICI,credit,False,,False,,True,insufficient_funds,51,2026-08-22 08:00:00,Saturday,22.0,False,3.0,3.0,False,302,3031.69,0,,2026-08-25 02:06:00,66.1,True
226424446121,cust_8iA63WIEcUT7cc,976.52,INR,upi,,,,False,,True,14.0,False,,,,,,,,,False,23,565.03,0,0.48,,,False
908161017722,cust_u6CpaSWoUJM2G6,1673.93,INR,card,607331,SBI,credit,True,False,False,,False,,,,,,,,,False,109,1354.63,1,0.64,,,True
279218308414,cust_16Umfwpc3itYiL,739.65,INR,card,417612,Kotak,credit,False,,False,,False,,,,,,,,,False,111,4382.22,0,0.73,,,True
207822466845,cust_7GtUrMdibKUJDq,2507.53,INR,netbanking,,,,False,,False,,True,insufficient_funds,51,2026-08-17 07:00:00,Monday,17.0,False,1.0,1.0,False,431,2041.46,1,0.58,2026-08-17 09:48:00,2.8,False
116035440384,cust_pZ4MKG5ThiE820,553.43,INR,netbanking,,,,True,False,False,,False,,,,,,,,,False,54,1016.82,1,0.35,,,False
488367607867,cust_syEHLCVoPSldHE,687.33,INR,card,607331,SBI,debit,False,,False,,True,insufficient_funds,51,2026-07-10 09:00:00,Friday,10.0,False,2.0,2.0,False,339,872.29,0,0.25,2026-07-12 20:30:00,59.5,False
716814244460,cust_z5bPbYzEkgzrdB,1204.7,INR,netbanking,,,,False,,False,,False,,,,,,,,,False,242,5801.24,0,0.11,,,True
312328884373,cust_XTXcCi1SreIseG,1104.39,INR,wallet,,,,True,True,False,,False,,,,,,,,,False,547,6064.26,1,0.32,,,True
650309639734,cust_eb9FnZcwlaLfib,685.17,INR,card,400014,HDFC,credit,False,,False,,False,,,,,,,,,False,463,2357.79,0,0.34,,,True
362772223785,cust_z5bPbYzEkgzrdB,2299.49,INR,upi,,,,True,True,False,,False,,,,,,,,,False,242,5801.24,1,0.11,,,False
498757599980,cust_MvBzZLWy67kbEB,4873.34,INR,upi,,,,False,,False,,True,insufficient_funds,51,2026-06-29 18:00:00,Monday,29.0,True,1.0,1.0,False,101,5640.07,0,0.59,2026-06-30 00:12:00,6.2,True
748788930773,cust_VqDGwcH1bA7MqI,6595.51,INR,netbanking,,,,False,,False,,True,insufficient_funds,51,2026-06-16 01:00:00,Tuesday,16.0,False,1.0,1.0,False,1052,3966.67,0,0.12,2026-06-17 17:12:00,40.2,False
747744555284,cust_2PfTNLUesscYu5,3214.12,INR,card,400013,HDFC,credit,True,False,False,,False,,,,,,,,,False,94,8462.6,0,,,,True
160281200978,cust_1Y14HW07XqfQ2q,907.51,INR,card,417612,Kotak,credit,False,,False,,False,,,,,,,,,False,20,1036.55,1,0.43,,,True
983900483113,cust_QQb9R4eH0c3bFq,1901.32,INR,card,524105,Axis,debit,True,True,False,,False,,,,,,,,,False,685,1545.53,0,,,,False
355890466229,cust_s3w13kGqtB81oI,591.2,INR,card,607331,SBI,debit,True,False,False,,False,,,,,,,,,False,72,1430.29,1,0.14,,,True
396188940160,cust_H2Kk6bwAxb9ZQK,1681.38,INR,card,400013,HDFC,credit,False,,False,,False,,,,,,,,,False,182,2372.06,0,0.37,,,True
595639555138,cust_yZv2AMGClrDtYO,1346.91,INR,netbanking,,,,False,,False,,False,,,,,,,,,False,345,2484.0,1,0.24,,,True
706691851015,cust_SFjmhX2bIbT5sd,1790.41,INR,card,417612,Kotak,credit,False,,False,,False,,,,,,,,,False,97,1446.66,0,0.82,,,True
982503521341,cust_RZUlwoEFqRso42,2753.79,INR,card,508228,ICICI,debit,True,False,False,,False,,,,,,,,,False,796,3289.8,1,,,,False
565759844549,cust_anLyoKthdRp7ep,1140.46,INR,netbanking,,,,False,,True,70.3,False,,,,,,,,,False,34,3971.25,1,,,,False
104303814376,cust_clAqoAd3pZ3rvh,861.41,INR,upi,,,,False,,False,,False,,,,,,,,,False,103,10032.52,5,0.2,,,True
112068898866,cust_Ir1HNdu6W7lZHj,610.51,INR,card,524105,Axis,credit,False,,False,,True,insufficient_funds,51,2026-08-14 03:00:00,Friday,14.0,False,4.0,4.0,True,163,1990.81,1,0.26,2026-08-15 00:30:00,21.5,False
015241088261,cust_InK792WBxIcshO,3423.83,INR,card,607332,SBI,debit,False,,False,,True,insufficient_funds,51,2026-06-07 22:00:00,Sunday,7.0,False,1.0,1.0,False,510,1311.77,0,0.3,2026-06-15 03:06:00,173.1,False
765465059998,cust_8fym23yBiRJ3oF,1122.5,INR,card,607332,SBI,debit,False,,False,,False,,,,,,,,,False,403,5213.56,0,0.13,,,True
856792270078,cust_Iujx0rcKIrSINu,848.82,INR,card,508228,ICICI,debit,True,False,False,,False,,,,,,,,,False,435,1754.62,2,0.42,,,False
532044915216,cust_5qhxW3hnFvoWoC,1813.1,INR,netbanking,,,,False,,False,,True,insufficient_funds,51,2026-06-28 18:00:00,Sunday,28.0,True,1.0,1.0,False,86,2917.4,0,,2026-06-28 22:12:00,4.2,True
393229873512,cust_6YGSIJ6x7oK8r5,1881.41,INR,card,607332,SBI,credit,False,,False,,False,,,,,,,,,False,572,4500.63,1,,,,True
482805791851,cust_ZOpVqS74BFXZRS,1078.23,INR,upi,,,,False,,False,,False,,,,,,,,,False,60,1126.33,1,0.23,,,True
681416515330,cust_fse568XenkZC5X,735.71,INR,upi,,,,False,,False,,True,insufficient_funds,51,2026-07-17 14:00:00,Friday,17.0,False,2.0,2.0,False,46,5886.51,3,0.09,2026-07-21 03:18:00,85.3,False
837828063549,cust_cR0UiAMiSmckev,708.69,INR,upi,,,,True,False,False,,False,,,,,,,,,False,14,2357.29,1,0.33,,,False
090617867158,cust_zW69cRXg7yxIPn,1854.25,INR,upi,,,,False,,False,,True,insufficient_funds,51,2026-07-07 16:00:00,Tuesday,7.0,False,1.0,1.0,False,475,5433.34,4,0.54,2026-07-07 22:54:00,6.9,True
331550729864,cust_XTMAbnJ1xuoSPB,736.71,INR,upi,,,,True,False,False,,False,,,,,,,,,False,499,2673.25,1,,,,True
802108930156,cust_PQ4zokKOjG89oe,226.86,INR,upi,,,,False,,False,,False,,,,,,,,,False,288,751.75,1,0.43,,,True
318405269724,cust_0IgzAZJE8TLrhU,1694.12,INR,card,508227,ICICI,debit,False,,False,,False,,,,,,,,,False,435,1668.36,1,0.62,,,True
096380541306,cust_tKWM7gxKhytLDM,463.74,INR,card,400013,HDFC,debit,False,,False,,True,insufficient_funds,51,2026-06-26 22:00:00,Friday,26.0,True,1.0,1.0,False,71,3701.91,0,,2026-06-26 23:24:00,1.4,True
823898819829,cust_UrR6yicTU8Zf9o,1261.53,INR,card,508228,ICICI,debit,False,,False,,False,,,,,,,,,False,116,4770.78,1,,,,True
451419806283,cust_jZ0km38ur8xQW3,2401.61,INR,upi,,,,True,False,False,,False,,,,,,,,,False,171,1917.61,1,0.15,,,False
557350047948,cust_DgHbevCwtjE85X,646.78,INR,netbanking,,,,False,,False,,True,insufficient_funds,51,2026-08-22 01:00:00,Saturday,22.0,False,4.0,4.0,True,28,2797.18,3,0.38,2026-08-24 01:24:00,48.4,False
512498012708,cust_yKbZpObRubhTyd,2451.02,INR,card,417612,Kotak,debit,False,,False,,True,insufficient_funds,51,2026-07-02 15:00:00,Thursday,2.0,True,3.0,3.0,False,690,4474.65,2,0.13,2026-07-02 22:06:00,7.1,True
085331482199,cust_IgjLSXX1wtiaeD,1258.1,INR,netbanking,,,,False,,False,,False,,,,,,,,,False,480,1449.87,1,0.39,,,True
358454294482,cust_oFy34nAJJgYjMq,576.4,INR,wallet,,,,False,,False,,False,,,,,,,,,False,277,5140.48,2,0.08,,,True
655554836045,cust_Q3kk8gjZEvp3Bq,1885.75,INR,card,524104,Axis,credit,False,,False,,False,,,,,,,,,False,331,2377.75,1,0.75,,,True
912098794969,cust_cXoalVfd51dVL5,1339.76,INR,upi,,,,False,,False,,True,insufficient_funds,51,2026-06-21 04:00:00,Sunday,21.0,False,1.0,1.0,False,407,1176.16,4,0.17,2026-06-21 17:24:00,13.4,False
914987871721,cust_Nn4sGEjPb3Jn5p,1063.46,INR,card,524105,Axis,debit,False,,False,,True,insufficient_funds,51,2026-07-02 01:00:00,Thursday,2.0,True,3.0,3.0,True,880,548.88,2,0.43,2026-07-04 05:36:00,52.6,False
106781182323,cust_oPZehhyXkajqur,1100.47,INR,upi,,,,False,,False,,False,,,,,,,,,False,240,833.46,2,,,,True
472839696084,cust_lla6xcshhuCUZm,2890.4,INR,card,400013,HDFC,debit,False,,False,,False,,,,,,,,,False,204,1859.97,1,,,,True
541102720923,cust_X3IuHk4oLr5EhV,1394.4,INR,upi,,,,False,,False,,False,,,,,,,,,False,297,1833.33,0,0.29,,,True
946013420229,cust_kXXkCrn1AaUoG4,3738.79,INR,card,417612,Kotak,debit,False,,False,,False,,,,,,,,,False,2258,3819.91,1,0.57,,,True
603071367122,cust_ME8DANyLGMkg1v,181.57,INR,upi,,,,True,False,False,,False,,,,,,,,,False,78,5547.06,1,0.21,,,False
078741225629,cust_4CnEFxsRuYiTlY,1708.44,INR,upi,,,,False,,True,6.8,False,,,,,,,,,False,148,5283.8,3,0.45,,,True
344502532044,cust_emIGDEq8XqJmFE,1668.5,INR,card,400013,HDFC,credit,True,True,False,,False,,,,,,,,,False,359,753.05,0,,,,True
153905068400,cust_LqUFWuTwUQS0d1,1523.09,INR,netbanking,,,,False,,False,,False,,,,,,,,,False,563,1532.33,2,0.66,,,True
855943537078,cust_Pd3HIhsFq25vln,1296.28,INR,netbanking,,,,False,,False,,True,insufficient_funds,51,2026-07-18 02:00:00,Saturday,18.0,False,4.0,4.0,True,588,8940.94,3,0.51,2026-07-19 10:54:00,32.9,False
415327004696,cust_gnTVhxbWQSAy0V,2918.88,INR,upi,,,,False,,True,11.2,False,,,,,,,,,False,235,2787.15,1,0.21,,,True
805229045364,cust_491H1PszvpejQZ,1504.43,INR,netbanking,,,,True,True,False,,False,,,,,,,,,False,95,2594.87,0,0.27,,,False
676627055970,cust_lOJiiF94cHzesf,1495.78,INR,card,400014,HDFC,debit,False,,False,,False,,,,,,,,,False,29,4027.0,1,0.51,,,True
629829343532,cust_dOjj9S8oRjquDl,2503.57,INR,upi,,,,False,,False,,False,,,,,,,,,False,187,5080.13,0,0.06,,,True
959163834373,cust_7xWxAhcppky6GO,559.88,INR,card,417612,Kotak,credit,True,False,False,,False,,,,,,,,,False,869,2592.09,0,0.61,,,True
839093895823,cust_DrLITOL2KSrQej,2434.41,INR,card,508228,ICICI,credit,False,,False,,True,insufficient_funds,51,2026-07-08 07:00:00,Wednesday,8.0,False,1.0,1.0,False,385,2050.27,2,0.61,2026-07-09 05:42:00,22.7,True
266793255127,cust_fCIUdclfUmK9tS,629.78,INR,card,400013,HDFC,credit,False,,False,,False,,,,,,,,,False,148,1104.48,1,,,,True
105368169485,cust_qxow1oRoWHFepf,491.41,INR,netbanking,,,,True,False,False,,False,,,,,,,,,False,113,5070.38,0,,,,False
717800642607,cust_0IgzAZJE8TLrhU,3187.03,INR,netbanking,,,,False,,False,,True,insufficient_funds,51,2026-07-16 13:00:00,Thursday,16.0,False,2.0,2.0,False,435,1668.36,0,0.62,2026-07-16 18:42:00,5.7,False
165650842862,cust_wUZod8mJC54Bly,1869.74,INR,card,607332,SBI,credit,True,True,False,,False,,,,,,,,,False,1273,926.65,1,0.5,,,False
160054126996,cust_sZAmNWxIDTEHgv,3560.42,INR,upi,,,,False,,False,,False,,,,,,,,,False,503,2587.91,1,,,,True
804432532248,cust_el37QbwxRI0DPn,618.79,INR,card,607331,SBI,debit,True,True,False,,False,,,,,,,,,False,39,381.51,0,0.45,,,False
033841174740,cust_hKoWozgX4gV1ed,3225.42,INR,upi,,,,True,False,False,,False,,,,,,,,,False,421,4645.95,1,,,,False
952336499867,cust_CsmDMZ1imwBmn6,2918.18,INR,upi,,,,True,False,False,,False,,,,,,,,,False,126,519.14,1,0.53,,,False
388549528422,cust_G1gTZD7G3PP751,2149.74,INR,upi,,,,False,,False,,True,insufficient_funds,51,2026-07-31 00:00:00,Friday,31.0,True,3.0,3.0,False,509,1629.19,1,,2026-08-01 03:30:00,27.5,True
933710441276,cust_K4gbGxfnw0mQi6,2601.41,INR,card,524104,Axis,debit,False,,False,,True,insufficient_funds,51,2026-07-31 17:00:00,Friday,31.0,True,1.0,1.0,False,143,4638.72,2,,2026-08-02 06:48:00,37.8,True
987589344836,cust_kJjA8CdvCgdxyc,3697.19,INR,netbanking,,,,True,False,False,,False,,,,,,,,,False,65,3399.18,1,,,,False
647534649357,cust_7YsEqmGv0lH8wV,3116.21,INR,card,508227,ICICI,debit,True,True,False,,False,,,,,,,,,False,441,1906.07,0,0.23,,,False
477999336131,cust_wZZjodfvJYOudf,262.07,INR,wallet,,,,True,False,False,,False,,,,,,,,,False,1829,254.34,3,0.28,,,False
080690284747,cust_pxrlT9H9rdzerX,2074.57,INR,card,417612,Kotak,credit,False,,False,,True,insufficient_funds,51,2026-07-07 00:00:00,Tuesday,7.0,False,1.0,1.0,False,95,3842.01,1,0.22,2026-07-08 17:24:00,41.4,False
817803251837,cust_9VIigneLlr8ABm,1115.06,INR,card,400014,HDFC,credit,True,True,False,,False,,,,,,,,,False,208,818.96,1,,,,False
747475358425,cust_zE8nbqV2wnL7a4,2188.61,INR,card,508227,ICICI,credit,False,,False,,True,insufficient_funds,51,2026-08-03 06:00:00,Monday,3.0,True,1.0,1.0,False,76,5859.25,2,0.42,2026-08-03 08:36:00,2.6,True
957576458560,cust_eECaTPF7zj69pQ,3012.78,INR,card,400012,HDFC,credit,False,,False,,False,,,,,,,,,False,1398,1361.57,0,0.68,,,True
861849004916,cust_pX0i9DnJ001EeO,2068.0,INR,card,417612,Kotak,credit,False,,False,,True,insufficient_funds,51,2026-06-01 15:00:00,Monday,1.0,True,4.0,4.0,False,107,4311.2,2,0.58,2026-06-03 11:54:00,44.9,True
314271703625,cust_UcCpK3Ku0QLgcY,2646.27,INR,card,524105,Axis,credit,False,,False,,False,,,,,,,,,False,175,3036.13,3,,,,True
587193566042,cust_bYMXyFK4sHuHel,2117.58,INR,card,524105,Axis,credit,False,,False,,False,,,,,,,,,False,375,2531.16,2,0.27,,,True
171980458406,cust_SQWAnXLB1wOsoh,746.36,INR,card,417612,Kotak,credit,True,True,False,,False,,,,,,,,,False,3,1395.65,3,0.47,,,False
116220515559,cust_5U3PyeippVgDWn,1520.12,INR,upi,,,,True,True,False,,False,,,,,,,,,False,475,4894.35,0,0.28,,,False
525465709046,cust_IvriCUHRlT8biS,3084.57,INR,card,508227,ICICI,credit,False,,False,,False,,,,,,,,,False,290,8772.0,1,0.54,,,True
608967181313,cust_tAtjq9J6a05F8L,1441.16,INR,card,508228,ICICI,debit,True,False,False,,False,,,,,,,,,False,209,2823.84,1,0.66,,,False
109950498787,cust_RmCXCaBlAQPVVW,331.04,INR,card,607331,SBI,credit,False,,False,,False,,,,,,,,,False,74,1106.26,2,0.6,,,True
298642341551,cust_1LE0dqL9eGboFI,3865.9,INR,upi,,,,True,False,False,,False,,,,,,,,,False,176,2546.57,1,,,,True
694355677143,cust_wEwuCGxfDHPEpu,815.67,INR,card,417612,Kotak,debit,False,,False,,False,,,,,,,,,False,12,3577.78,0,0.55,,,True
277491665591,cust_p0ST9AeqHAlHGM,120.5,INR,upi,,,,True,False,False,,False,,,,,,,,,False,259,1219.01,1,0.94,,,False
976651458329,cust_2PfTNLUesscYu5,857.51,INR,card,508227,ICICI,credit,False,,False,,True,insufficient_funds,51,2026-08-03 12:00:00,Monday,3.0,True,3.0,3.0,True,94,8462.6,0,,2026-08-03 19:36:00,7.6,False
162887882257,cust_a8kdXHLWxD0RiQ,1634.72,INR,card,508228,ICICI,debit,False,,False,,False,,,,,,,,,False,72,1083.47,1,0.33,,,True
171945974584,cust_OZpF8Egf9iYdn8,1831.26,INR,netbanking,,,,False,,False,,True,insufficient_funds,51,2026-08-14 18:00:00,Friday,14.0,False,4.0,4.0,True,265,10856.59,0,0.39,2026-08-17 10:00:00,64.0,False
199988022820,cust_n8OkOyedBfFumF,1557.19,INR,netbanking,,,,True,False,False,,False,,,,,,,,,False,236,1892.54,0,,,,True
422186469663,cust_CezIwrFJbanEvc,1012.34,INR,card,417612,Kotak,credit,True,True,False,,False,,,,,,,,,False,249,4959.12,0,,,,True
257009416655,cust_l0XVnkfCtiSYHI,3375.1,INR,netbanking,,,,True,False,False,,False,,,,,,,,,False,525,4913.67,1,,,,False
821777266754,cust_Iyt9NgjmGRHQb2,3842.0,INR,card,400013,HDFC,credit,False,,False,,False,,,,,,,,,False,370,1286.25,3,0.51,,,True
059805799165,cust_gswSijYqDydnbU,729.35,INR,upi,,,,False,,False,,False,,,,,,,,,False,276,5079.97,3,,,,True
395541383289,cust_7gQq3YZ9TCgVla,1917.76,INR,card,524105,Axis,debit,False,,False,,True,insufficient_funds,51,2026-08-02 11:00:00,Sunday,2.0,True,3.0,3.0,False,73,1400.2,0,0.15,2026-08-02 13:12:00,2.2,True
896085278967,cust_UcCpK3Ku0QLgcY,2471.75,INR,upi,,,,False,,False,,False,,,,,,,,,False,175,3036.13,0,0.54,,,True
026199495527,cust_j55m8A7UqijALG,806.84,INR,upi,,,,False,,False,,True,insufficient_funds,51,2026-07-25 13:00:00,Saturday,25.0,True,2.0,2.0,False,442,633.44,0,,2026-07-25 17:12:00,4.2,False
439373407615,cust_354ykuVzaattDG,2898.6,INR,card,524105,Axis,credit,False,,False,,False,,,,,,,,,False,179,3696.47,0,0.41,,,True
738282214618,cust_5qhxW3hnFvoWoC,247.74,INR,card,508227,ICICI,debit,False,,False,,False,,,,,,,,,False,86,2917.4,1,0.27,,,True
169056236900,cust_Z6lCLe6mwVAOHg,2270.71,INR,card,524104,Axis,debit,False,,False,,True,insufficient_funds,51,2026-06-09 03:00:00,Tuesday,9.0,False,1.0,1.0,False,299,3958.56,3,0.13,2026-06-12 16:24:00,85.4,False
135370779029,cust_5aWKOeDlDs7a1B,2267.37,INR,upi,,,,False,,False,,True,insufficient_funds,51,2026-07-30 02:00:00,Thursday,30.0,True,4.0,4.0,True,54,890.78,2,0.34,2026-07-30 20:54:00,18.9,False
255367648432,cust_IxBiWxilFT9sgv,2571.89,INR,card,508228,ICICI,credit,False,,False,,True,insufficient_funds,51,2026-06-27 20:00:00,Saturday,27.0,True,2.0,2.0,False,61,644.92,0,0.16,2026-06-28 02:36:00,6.6,False
000692978034,cust_RTFa8jnv32AHQi,1182.14,INR,card,508227,ICICI,credit,False,,False,,False,,,,,,,,,False,6,500.1,2,0.19,,,True
475401564690,cust_ciSEGseUHoGm3T,1226.84,INR,card,400012,HDFC,debit,False,,False,,True,insufficient_funds,51,2026-08-05 22:00:00,Wednesday,5.0,True,3.0,3.0,True,131,5809.87,1,,2026-08-06 03:18:00,5.3,False
627157649227,cust_mntPyA0SJYEYcF,633.0,INR,card,417612,Kotak,credit,False,,False,,False,,,,,,,,,False,92,1537.87,1,0.46,,,True
018847116635,cust_eECaTPF7zj69pQ,3321.56,INR,netbanking,,,,False,,False,,False,,,,,,,,,False,1398,1361.57,1,,,,True
465144392331,cust_llkV0myrSmFIHS,3439.93,INR,card,508227,ICICI,credit,False,,False,,True,insufficient_funds,51,2026-06-11 00:00:00,Thursday,11.0,False,2.0,2.0,False,397,773.21,1,,2026-06-12 00:54:00,24.9,False
991806517617,cust_mSKjptZJPasWsg,936.64,INR,upi,,,,False,,True,32.8,False,,,,,,,,,False,23,3792.72,0,,,,False
471122519985,cust_qfpr5bc0GGlw6z,138.06,INR,netbanking,,,,True,True,False,,False,,,,,,,,,False,53,2824.03,0,0.41,,,False
760361716791,cust_QMQodSF7id4hPB,491.68,INR,upi,,,,False,,False,,True,insufficient_funds,51,2026-07-18 16:00:00,Saturday,18.0,False,2.0,2.0,False,635,2343.22,2,0.31,2026-07-18 20:24:00,4.4,False
124291062080,cust_gswSijYqDydnbU,2166.56,INR,upi,,,,True,False,False,,False,,,,,,,,,False,276,5079.97,5,,,,False
252608696660,cust_PgiI7DqZhmK5WI,1989.64,INR,card,417612,Kotak,credit,True,False,False,,False,,,,,,,,,False,261,3949.14,1,0.36,,,False
412804999911,cust_iAPmw1z4rouhlw,1586.08,INR,wallet,,,,False,,False,,True,insufficient_funds,51,2026-07-23 07:00:00,Thursday,23.0,False,3.0,3.0,True,185,1446.13,3,0.22,2026-07-24 21:06:00,38.1,False
841495996595,cust_uAbgATFWP5lCRd,919.68,INR,card,417612,Kotak,debit,False,,False,,False,,,,,,,,,False,826,3970.15,0,0.39,,,True
140552811244,cust_qYk6zJFzoc7kA8,1475.41,INR,card,607331,SBI,debit,False,,False,,True,insufficient_funds,51,2026-07-25 14:00:00,Saturday,25.0,True,2.0,2.0,False,566,1143.11,1,0.43,2026-07-26 04:12:00,14.2,True
373063639345,cust_S82v3fav7YBf52,1884.27,INR,card,417612,Kotak,debit,False,,False,,True,insufficient_funds,51,2026-07-25 09:00:00,Saturday,25.0,True,2.0,2.0,False,486,209.48,3,0.37,2026-07-25 13:24:00,4.4,True
539780394572,cust_gXJm4fsJzTjeux,1373.4,INR,upi,,,,False,,False,,False,,,,,,,,,False,337,491.47,3,0.1,,,True
080995389283,cust_rizXg5Xlkx7jHv,255.48,INR,card,607332,SBI,debit,False,,False,,False,,,,,,,,,False,494,2029.04,0,0.26,,,True
860334542416,cust_kU39V3WL64ZOtI,1758.57,INR,netbanking,,,,False,,False,,True,insufficient_funds,51,2026-07-12 12:00:00,Sunday,12.0,False,2.0,2.0,False,154,1535.91,0,0.69,2026-07-14 01:12:00,37.2,False
644012388960,cust_9wha4cAczR8A5d,6295.26,INR,card,607332,SBI,debit,False,,False,,False,,,,,,,,,False,679,4323.99,1,0.54,,,True
777086245637,cust_5CWree01HF1LKf,1224.03,INR,upi,,,,False,,False,,False,,,,,,,,,False,147,2694.76,1,,,,True
025871170182,cust_DdJViOm5Ry1kSm,532.27,INR,card,417612,Kotak,credit,False,,False,,False,,,,,,,,,False,285,1259.92,1,0.32,,,True
542880778514,cust_vbYodhIYxh7Ip4,477.9,INR,upi,,,,False,,False,,True,insufficient_funds,51,2026-07-25 13:00:00,Saturday,25.0,True,1.0,1.0,False,63,3062.31,1,0.49,2026-07-26 01:30:00,12.5,False
185207790911,cust_7NuNVQqRDVegHs,468.6,INR,upi,,,,False,,True,123.0,False,,,,,,,,,False,234,6355.35,0,0.18,,,True
765879757324,cust_2I51xLddGYnhxJ,2914.5,INR,upi,,,,False,,False,,True,insufficient_funds,51,2026-06-02 14:00:00,Tuesday,2.0,True,3.0,3.0,False,91,2502.15,1,0.17,2026-06-02 20:06:00,6.1,True
360824906933,cust_8QeF0NcKKNGOTj,652.08,INR,card,607331,SBI,credit,True,True,False,,False,,,,,,,,,False,119,2291.53,1,0.34,,,False
882549230635,cust_SFjmhX2bIbT5sd,2208.7,INR,card,607332,SBI,credit,True,False,False,,False,,,,,,,,,False,97,1446.66,3,0.82,,,False
110529908627,cust_fT44jVSzgZQaov,2139.66,INR,card,400013,HDFC,debit,False,,False,,False,,,,,,,,,False,412,7262.81,1,0.66,,,True
964190912864,cust_fT44jVSzgZQaov,4068.12,INR,card,400013,HDFC,debit,False,,False,,True,insufficient_funds,51,2026-08-03 11:00:00,Monday,3.0,True,3.0,3.0,False,412,7262.81,3,0.66,2026-08-03 20:06:00,9.1,True
259273425369,cust_aoj5C4XCMLICxK,801.68,INR,netbanking,,,,False,,True,41.0,False,,,,,,,,,False,355,7888.31,2,,,,True
293707421252,cust_tCcvg8dqTUnC6g,3073.46,INR,card,607332,SBI,credit,False,,False,,False,,,,,,,,,False,267,613.62,1,0.21,,,True
387177752966,cust_o5VwVW1a3vYMlE,1861.67,INR,netbanking,,,,False,,False,,True,insufficient_funds,51,2026-06-27 02:00:00,Saturday,27.0,True,1.0,1.0,False,12,2555.51,2,,2026-06-27 05:18:00,3.3,True
242369539987,cust_8YKbftvyxBX0v5,808.61,INR,upi,,,,False,,False,,True,insufficient_funds,51,2026-06-25 01:00:00,Thursday,25.0,True,3.0,3.0,True,153,3179.04,2,,2026-06-25 05:06:00,4.1,False
664515438119,cust_ElNriAquxpOkJc,986.1,INR,wallet,,,,False,,False,,False,,,,,,,,,False,563,1704.9,2,0.23,,,True
246684028973,cust_5lojdFeVgnPQQR,796.4,INR,netbanking,,,,True,True,False,,False,,,,,,,,,False,18,2501.46,2,0.42,,,False
586266696111,cust_R2QzxZO3ZAJXyy,75.59,INR,upi,,,,False,,False,,True,insufficient_funds,51,2026-08-25 20:00:00,Tuesday,25.0,True,1.0,1.0,False,97,6383.06,2,0.45,2026-08-27 10:12:00,38.2,True
902586170843,cust_Q0o1B1oOX8GT1g,631.54,INR,upi,,,,True,False,False,,False,,,,,,,,,False,139,5735.65,0,0.38,,,False
595847636932,cust_yEt5DgOvdOVkXu,69.09,INR,card,400012,HDFC,debit,True,False,False,,False,,,,,,,,,False,352,5784.93,0,0.13,,,False
135188005451,cust_FfnUyupNMBPd0E,1648.34,INR,upi,,,,True,True,False,,False,,,,,,,,,False,30,4799.45,2,,,,False
334040884016,cust_woEBzppVyzWKvr,2380.16,INR,upi,,,,False,,True,23.8,False,,,,,,,,,False,68,4762.18,0,,,,False
204867430449,cust_toEoVgqyaBjAzB,2338.58,INR,upi,,,,False,,True,26.6,False,,,,,,,,,False,63,1428.62,0,,,,False
107373200565,cust_16Umfwpc3itYiL,69.49,INR,card,524105,Axis,debit,False,,False,,True,insufficient_funds,51,2026-08-02 22:00:00,Sunday,2.0,True,1.0,1.0,False,111,4382.22,0,0.73,2026-08-03 06:48:00,8.8,False
512431770222,cust_H6AyzVZqZwhUBw,1588.71,INR,card,508228,ICICI,debit,False,,False,,True,insufficient_funds,51,2026-06-24 04:00:00,Wednesday,24.0,False,4.0,4.0,True,314,10850.57,0,0.41,2026-06-25 13:24:00,33.4,False
587916437569,cust_njovZnemR7dxqS,1635.18,INR,wallet,,,,True,False,False,,False,,,,,,,,,False,126,1369.06,3,0.29,,,True
127298729086,cust_ebSrLLVtRz4iEJ,640.74,INR,netbanking,,,,False,,False,,True,insufficient_funds,51,2026-06-23 08:00:00,Tuesday,23.0,False,1.0,1.0,False,354,1787.18,2,,2026-06-25 00:06:00,40.1,True
833143274045,cust_hpdLX50J9pIEAs,1642.78,INR,upi,,,,False,,True,0.4,False,,,,,,,,,False,583,5160.1,3,0.9,,,True
593316591251,cust_zUCcKjyYBqKNLR,2257.03,INR,upi,,,,True,True,False,,False,,,,,,,,,False,233,3197.05,2,,,,False
087579451935,cust_ZOpVqS74BFXZRS,510.37,INR,upi,,,,False,,False,,True,insufficient_funds,51,2026-08-05 17:00:00,Wednesday,5.0,True,1.0,1.0,False,60,1126.33,2,,2026-08-06 02:54:00,9.9,True
749579586115,cust_EZQsHwohBdtSYy,1861.53,INR,card,508228,ICICI,debit,False,,False,,True,insufficient_funds,51,2026-07-20 14:00:00,Monday,20.0,False,5.0,5.0,True,17,3766.0,1,0.24,2026-07-20 18:12:00,4.2,False
598697323708,cust_nAIX6pQJytRM26,2458.99,INR,upi,,,,True,True,False,,False,,,,,,,,,False,396,1527.32,0,0.29,,,False
542516560517,cust_xWAhF0LnUJ9qoA,1009.12,INR,card,400012,HDFC,debit,False,,False,,True,insufficient_funds,51,2026-07-06 16:00:00,Monday,6.0,False,1.0,1.0,False,95,3387.29,2,,2026-07-08 07:12:00,39.2,True
777632069433,cust_LNxOR0ih1yijqS,914.07,INR,card,524105,Axis,debit,False,,False,,False,,,,,,,,,False,179,2556.14,4,0.68,,,True
278304827131,cust_Y0V6aZtbYWUYsM,478.83,INR,card,508227,ICICI,debit,False,,False,,True,insufficient_funds,51,2026-08-16 22:00:00,Sunday,16.0,False,1.0,1.0,False,1247,962.33,1,0.16,2026-08-20 19:24:00,93.4,False
875530326837,cust_BphnmukrE5GwSF,3538.2,INR,card,524105,Axis,credit,False,,False,,False,,,,,,,,,False,247,2037.57,1,0.44,,,True
961063514737,cust_C0pKWbm2FyLY7Q,1143.48,INR,card,524104,Axis,credit,False,,False,,False,,,,,,,,,False,123,4105.56,0,0.73,,,True
918495090118,cust_dOjj9S8oRjquDl,715.99,INR,upi,,,,False,,False,,True,insufficient_funds,51,2026-07-19 09:00:00,Sunday,19.0,False,2.0,2.0,False,187,5080.13,0,0.06,2026-07-22 17:54:00,80.9,False
237293038946,cust_mntPyA0SJYEYcF,3446.78,INR,card,417612,Kotak,debit,False,,False,,False,,,,,,,,,False,92,1537.87,0,0.46,,,True
789041798866,cust_FojPPFfHpLLYF2,840.41,INR,card,417612,Kotak,debit,False,,False,,True,insufficient_funds,51,2026-07-11 04:00:00,Saturday,11.0,False,2.0,2.0,False,64,1609.18,0,,2026-07-11 16:36:00,12.6,False
642777528330,cust_TQHJqzrCzUFPWf,553.27,INR,card,508227,ICICI,credit,False,,False,,True,insufficient_funds,51,2026-06-29 13:00:00,Monday,29.0,True,4.0,4.0,True,271,3159.56,3,,2026-06-29 19:12:00,6.2,False
482498807814,cust_7y8AL55c9kRjMD,2823.53,INR,upi,,,,True,False,False,,False,,,,,,,,,False,704,3645.22,2,0.15,,,False
100235875917,cust_GLvlQjOOqWqdfl,2129.82,INR,card,417612,Kotak,credit,False,,False,,False,,,,,,,,,False,445,5338.27,0,0.32,,,True
373668442611,cust_F6oz6nrH1Io3j7,1622.45,INR,netbanking,,,,False,,False,,True,insufficient_funds,51,2026-07-16 11:00:00,Thursday,16.0,False,2.0,2.0,False,94,4823.15,2,0.16,2026-07-17 09:36:00,22.6,True
598760497387,cust_4cTswenKnAQvKv,3990.39,INR,card,524105,Axis,debit,False,,False,,False,,,,,,,,,False,73,1438.89,0,0.37,,,True
084552335832,cust_MIs40UBk4w017X,2094.97,INR,upi,,,,True,False,False,,False,,,,,,,,,False,110,914.24,1,0.05,,,False
159736834651,cust_tiaAE24hzkJHT3,919.51,INR,card,607332,SBI,credit,True,True,False,,False,,,,,,,,,False,29,6281.66,1,0.27,,,True
106297150545,cust_FfycfcDcysYyuj,1297.21,INR,card,508228,ICICI,debit,False,,False,,True,insufficient_funds,51,2026-08-22 12:00:00,Saturday,22.0,False,2.0,2.0,False,454,1510.3,3,0.7,2026-08-22 14:24:00,2.4,False
668746086981,cust_FfnUyupNMBPd0E,615.01,INR,card,607331,SBI,credit,True,True,False,,False,,,,,,,,,False,30,4799.45,1,0.33,,,False
295521632964,cust_t8UrdR68jJj4bq,1991.12,INR,upi,,,,False,,False,,False,,,,,,,,,False,148,3589.17,0,0.42,,,True
817108614451,cust_4CnEFxsRuYiTlY,557.8,INR,card,508227,ICICI,debit,False,,False,,True,insufficient_funds,51,2026-06-05 11:00:00,Friday,5.0,True,1.0,1.0,False,148,5283.8,0,0.45,2026-06-06 01:06:00,14.1,True
433707321230,cust_7KiiDV1JqEsj6t,1064.06,INR,upi,,,,False,,False,,False,,,,,,,,,False,28,7386.58,0,0.48,,,True
377379222640,cust_1L6e5fXvgDQJEr,2462.29,INR,upi,,,,False,,False,,True,insufficient_funds,51,2026-06-04 10:00:00,Thursday,4.0,True,1.0,1.0,False,175,417.39,1,,2026-06-04 16:06:00,6.1,False
404598096534,cust_rXfLnYDzu9vMRS,517.3,INR,wallet,,,,True,False,False,,False,,,,,,,,,False,6,2972.49,1,,,,False
883650011769,cust_p0ST9AeqHAlHGM,664.54,INR,netbanking,,,,False,,False,,True,insufficient_funds,51,2026-08-19 04:00:00,Wednesday,19.0,False,1.0,1.0,False,259,1219.01,2,,2026-08-21 06:00:00,50.0,True
289875380261,cust_09hUq9uYgRrM1Y,3736.29,INR,wallet,,,,False,,False,,True,insufficient_funds,51,2026-06-10 14:00:00,Wednesday,10.0,False,4.0,4.0,True,35,1235.41,1,,2026-06-12 19:06:00,53.1,False
708952281870,cust_YW8ijQf52ITgIH,1585.58,INR,netbanking,,,,False,,False,,True,insufficient_funds,51,2026-07-27 05:00:00,Monday,27.0,True,3.0,3.0,True,53,7547.92,2,0.14,2026-07-27 13:48:00,8.8,False
541635162863,cust_RhOYdzkuZKs6lf,3932.15,INR,upi,,,,False,,True,25.0,False,,,,,,,,,False,178,3641.33,2,0.88,,,False
343866429130,cust_2yjr7ivu7cckBH,654.82,INR,upi,,,,False,,False,,False,,,,,,,,,False,931,1676.38,1,0.23,,,True
234916721830,cust_8IT6MT78SrejPX,1624.79,INR,card,524105,Axis,debit,False,,False,,True,insufficient_funds,51,2026-08-10 07:00:00,Monday,10.0,False,2.0,2.0,False,484,1661.0,1,0.14,2026-08-10 14:18:00,7.3,False
876943356833,cust_dm3hUwZuzSsThM,2413.95,INR,card,417612,Kotak,debit,True,False,False,,False,,,,,,,,,False,752,2699.75,2,,,,False
022755774887,cust_d7wwjskKmm0JqB,1751.86,INR,upi,,,,False,,False,,True,insufficient_funds,51,2026-07-08 17:00:00,Wednesday,8.0,False,3.0,3.0,True,273,5451.3,0,0.26,2026-07-09 22:24:00,29.4,False
873178150282,cust_ser69NchpUj26I,3258.29,INR,netbanking,,,,True,False,False,,False,,,,,,,,,False,1033,707.09,1,0.05,,,False
456757087355,cust_vbYodhIYxh7Ip4,1967.35,INR,card,400014,HDFC,credit,False,,False,,True,insufficient_funds,51,2026-08-28 23:00:00,Friday,28.0,True,1.0,1.0,False,63,3062.31,0,0.49,2026-08-31 03:54:00,52.9,False
805109229500,cust_hnDC06pvZ0OrAf,682.58,INR,wallet,,,,False,,False,,False,,,,,,,,,False,7,2254.73,3,0.08,,,True
110018516826,cust_XpQuiJYwMZd1I5,1501.38,INR,netbanking,,,,False,,False,,False,,,,,,,,,False,225,611.44,5,0.07,,,True
686666323810,cust_3kzGLg8KhtetlO,452.86,INR,upi,,,,True,False,False,,False,,,,,,,,,False,444,2896.8,1,0.48,,,False
858838525025,cust_6CWb61Gqh8WYLH,1000.78,INR,card,400014,HDFC,debit,True,True,False,,False,,,,,,,,,False,155,3969.59,1,,,,False
899539388407,cust_CxXOoO7I22zx1E,2646.72,INR,upi,,,,True,False,False,,False,,,,,,,,,False,147,2409.14,1,0.23,,,True
518142052823,cust_7YsEqmGv0lH8wV,1502.65,INR,upi,,,,False,,False,,False,,,,,,,,,False,441,1906.07,2,0.23,,,True
587872353503,cust_E591eUcPZCtXTl,814.6,INR,wallet,,,,True,True,False,,False,,,,,,,,,False,8,2599.84,3,0.41,,,False
624943940236,cust_S82v3fav7YBf52,1449.9,INR,card,524104,Axis,debit,False,,False,,True,insufficient_funds,51,2026-07-25 09:00:00,Saturday,25.0,True,1.0,1.0,False,486,209.48,1,,2026-07-25 09:18:00,0.3,True
361346433741,cust_Isw1UZoqbMnMV1,1099.32,INR,upi,,,,False,,True,27.0,False,,,,,,,,,False,56,249.24,1,0.71,,,True
958583937842,cust_7DwEdL0yzHvPvb,1169.58,INR,card,400014,HDFC,debit,False,,False,,False,,,,,,,,,False,97,3082.63,2,,,,True
975466109464,cust_gZNnmHGWqByf9k,1113.27,INR,upi,,,,True,False,False,,False,,,,,,,,,False,214,1115.12,3,0.11,,,False
337714631354,cust_oPZehhyXkajqur,1048.79,INR,card,524105,Axis,credit,True,False,False,,False,,,,,,,,,False,240,833.46,1,,,,False
966266009880,cust_7YsEqmGv0lH8wV,1593.38,INR,card,400012,HDFC,debit,False,,False,,False,,,,,,,,,False,441,1906.07,0,,,,True
866060146220,cust_8K6NrVlqG16GsW,1181.67,INR,upi,,,,False,,False,,True,insufficient_funds,51,2026-06-26 02:00:00,Friday,26.0,True,1.0,1.0,False,88,3603.53,1,0.13,2026-06-26 06:54:00,4.9,True
108402216946,cust_Ld3H6LBwPr3byl,2438.98,INR,upi,,,,True,False,False,,False,,,,,,,,,False,167,3433.97,0,,,,False
115783557169,cust_xfRSJhJphRgvJz,1567.79,INR,upi,,,,True,False,False,,False,,,,,,,,,False,364,3696.78,0,0.84,,,False
085565491971,cust_26ieH9dGOzLvxO,3342.42,INR,netbanking,,,,True,False,False,,False,,,,,,,,,False,277,9090.53,2,,,,False
970397827915,cust_aoe8ZLPHLnHpIC,989.79,INR,card,524105,Axis,credit,False,,False,,False,,,,,,,,,False,10,2232.0,0,0.42,,,True
524641770649,cust_CJX9SexIkD33Ny,1998.65,INR,netbanking,,,,False,,False,,False,,,,,,,,,False,277,1675.64,3,0.22,,,True
081763203101,cust_CT0EH4bSmEqiSX,1075.99,INR,upi,,,,False,,False,,True,insufficient_funds,51,2026-07-30 23:00:00,Thursday,30.0,True,1.0,1.0,False,47,1022.96,1,,2026-08-01 11:36:00,36.6,True
739444338185,cust_YzpEzftFbRMfKu,3023.68,INR,card,607332,SBI,debit,True,False,False,,False,,,,,,,,,False,236,260.55,1,0.74,,,False
441502901079,cust_tGT2IvuI9IgAob,1600.07,INR,card,607332,SBI,debit,True,False,False,,False,,,,,,,,,False,34,4995.31,2,0.27,,,False
302137243952,cust_zS7HSix9wVO14t,383.23,INR,upi,,,,False,,False,,False,,,,,,,,,False,263,3853.61,1,0.15,,,True
637821290047,cust_vefeTB6f7NVDe2,1679.75,INR,card,508227,ICICI,credit,False,,False,,False,,,,,,,,,False,224,2160.37,4,0.08,,,True
879440959691,cust_Ec99ENQ522WJzr,1361.94,INR,upi,,,,False,,False,,True,insufficient_funds,51,2026-06-10 10:00:00,Wednesday,10.0,False,1.0,1.0,False,207,945.12,1,,2026-06-13 19:00:00,81.0,False
337160762359,cust_fwfkVNzCtX9EE6,633.78,INR,card,607332,SBI,debit,True,True,False,,False,,,,,,,,,False,299,2672.23,0,,,,False
379083242732,cust_xDTb7uT2wJTVWA,1062.45,INR,card,524104,Axis,debit,True,True,False,,False,,,,,,,,,False,392,3098.27,1,0.12,,,False
872339429118,cust_k9XYjyGpUfvVmW,1247.2,INR,upi,,,,False,,False,,False,,,,,,,,,False,1768,4967.3,0,0.32,,,True
167640768243,cust_iaVBWcptNi96XL,851.03,INR,card,524105,Axis,debit,False,,False,,True,insufficient_funds,51,2026-08-28 22:00:00,Friday,28.0,True,2.0,2.0,False,53,3015.05,1,0.28,2026-08-29 00:18:00,2.3,False
623250147331,cust_tkKWoC2PhD9poB,1064.61,INR,card,524105,Axis,debit,False,,False,,False,,,,,,,,,False,460,3463.59,1,,,,True
442905059319,cust_50df5KjtHYl2fX,1077.98,INR,netbanking,,,,False,,False,,True,insufficient_funds,51,2026-08-10 12:00:00,Monday,10.0,False,2.0,2.0,False,129,887.13,1,0.33,2026-08-11 00:12:00,12.2,False
047191523797,cust_EKOTSQnQb1Wk7Z,2235.61,INR,upi,,,,True,False,False,,False,,,,,,,,,False,182,1519.26,0,0.57,,,True
098768790498,cust_wReI1l9RpZZJRQ,669.65,INR,upi,,,,True,True,False,,False,,,,,,,,,False,189,1499.34,0,,,,True
445956320126,cust_kXXkCrn1AaUoG4,2259.1,INR,card,400012,HDFC,credit,True,False,False,,False,,,,,,,,,False,2258,3819.91,1,,,,False
663119051093,cust_VgqM9uVVYuGfyN,1519.51,INR,upi,,,,True,False,False,,False,,,,,,,,,False,11,2667.28,1,,,,False
712963987476,cust_WmWKiErM8OHd6j,2052.19,INR,upi,,,,True,False,False,,False,,,,,,,,,False,149,1327.18,1,,,,False
795257305239,cust_z1bLKEDP3dgeGe,3464.91,INR,netbanking,,,,False,,False,,False,,,,,,,,,False,259,7235.33,0,,,,True
466567710123,cust_4PQgC7bYa7xQyh,6220.46,INR,netbanking,,,,False,,False,,True,insufficient_funds,51,2026-07-21 10:00:00,Tuesday,21.0,False,1.0,1.0,False,25,4764.82,2,,2026-07-29 08:06:00,190.1,False
908201350367,cust_cn2FfR6W6UAvtt,1269.87,INR,card,607331,SBI,debit,True,True,False,,False,,,,,,,,,False,115,983.68,3,0.49,,,False
450507015652,cust_FWvhNvoRMxq8dK,986.35,INR,card,400013,HDFC,credit,False,,False,,True,insufficient_funds,51,2026-06-10 14:00:00,Wednesday,10.0,False,2.0,2.0,False,826,1682.34,1,0.14,2026-06-11 14:54:00,24.9,True
704748971450,cust_FTZKmUBDYTZUXz,515.19,INR,upi,,,,False,,False,,False,,,,,,,,,False,176,979.95,1,0.06,,,True
197891587481,cust_nbMoxRClfOKCOA,2946.69,INR,netbanking,,,,False,,False,,False,,,,,,,,,False,216,3304.25,2,0.5,,,True
999690945286,cust_iLMh6HNWKYTYcE,1147.66,INR,card,417612,Kotak,debit,False,,False,,False,,,,,,,,,False,199,5256.64,1,,,,True
555072458451,cust_vUYcfZi13ALy9B,1135.53,INR,netbanking,,,,False,,False,,True,insufficient_funds,51,2026-08-04 07:00:00,Tuesday,4.0,True,1.0,1.0,False,501,2433.47,0,0.76,2026-08-05 04:00:00,21.0,True
310288107961,cust_D0lXPCUnClxOsf,533.77,INR,card,417612,Kotak,credit,False,,False,,True,insufficient_funds,51,2026-06-16 02:00:00,Tuesday,16.0,False,1.0,1.0,False,123,6822.13,6,0.3,2026-06-21 03:36:00,121.6,False
108876792734,cust_hKoWozgX4gV1ed,4179.66,INR,netbanking,,,,False,,False,,True,insufficient_funds,51,2026-06-26 21:00:00,Friday,26.0,True,2.0,2.0,False,421,4645.95,0,0.25,2026-06-27 01:48:00,4.8,False
824881976054,cust_fSrYyO9TUOJJEk,3360.0,INR,card,400014,HDFC,credit,False,,False,,False,,,,,,,,,False,106,941.23,3,0.24,,,True
532650344048,cust_mntPyA0SJYEYcF,2387.68,INR,upi,,,,False,,True,40.3,False,,,,,,,,,False,92,1537.87,1,0.46,,,True
216315916142,cust_clAqoAd3pZ3rvh,3404.51,INR,netbanking,,,,False,,False,,False,,,,,,,,,False,103,10032.52,2,0.2,,,True
089704026156,cust_zUCcKjyYBqKNLR,1854.52,INR,upi,,,,False,,False,,False,,,,,,,,,False,233,3197.05,0,0.72,,,True
725416777222,cust_anLyoKthdRp7ep,1068.92,INR,card,607331,SBI,debit,True,False,False,,False,,,,,,,,,False,34,3971.25,2,0.27,,,False
257505245498,cust_yWmodZL97yBWCy,2278.63,INR,wallet,,,,False,,False,,False,,,,,,,,,False,267,8367.44,1,0.16,,,True
688296483538,cust_FhL2WbQcOQDupF,1679.95,INR,card,508227,ICICI,debit,False,,False,,False,,,,,,,,,False,287,2505.9,0,,,,True
762052169293,cust_bnNtVnuHKYSuuh,2541.6,INR,netbanking,,,,True,False,False,,False,,,,,,,,,False,18,3700.94,0,,,,False
243233647675,cust_H9RFiguJBxkOvt,1470.37,INR,card,508228,ICICI,credit,False,,False,,False,,,,,,,,,False,234,3069.08,2,0.19,,,True
819621138792,cust_ser69NchpUj26I,447.33,INR,netbanking,,,,True,False,False,,False,,,,,,,,,False,1033,707.09,5,0.05,,,False
429110947504,cust_d7wwjskKmm0JqB,2080.47,INR,card,417612,Kotak,credit,True,True,False,,False,,,,,,,,,False,273,5451.3,2,0.26,,,False
487946072923,cust_RWFLvPdP2oIHjC,821.6,INR,netbanking,,,,True,False,False,,False,,,,,,,,,False,169,3832.02,3,0.34,,,True
967618675123,cust_s6FlxA3ZK0LRg4,2521.39,INR,card,508227,ICICI,credit,True,True,False,,False,,,,,,,,,False,542,617.04,2,0.43,,,True
047138403487,cust_2PfTNLUesscYu5,791.83,INR,upi,,,,False,,True,31.8,False,,,,,,,,,False,94,8462.6,1,0.7,,,False
777375389670,cust_syEHLCVoPSldHE,810.23,INR,card,400013,HDFC,credit,False,,False,,False,,,,,,,,,False,339,872.29,3,0.25,,,True
600818286849,cust_y01UmtzOzGsnTe,478.85,INR,card,417612,Kotak,debit,True,False,False,,False,,,,,,,,,False,101,1654.37,2,,,,False
921587450117,cust_a8kdXHLWxD0RiQ,2139.88,INR,card,417612,Kotak,credit,True,False,False,,False,,,,,,,,,False,72,1083.47,3,0.33,,,True
446592605591,cust_LJyBCh76yTSVLg,1796.98,INR,wallet,,,,False,,False,,False,,,,,,,,,False,694,2171.62,0,0.63,,,True
562576898123,cust_yoWENSl8Gh90K7,2575.68,INR,card,400013,HDFC,credit,True,False,False,,False,,,,,,,,,False,245,9187.09,1,0.57,,,False
864919970880,cust_1DS7IQXJVZEgET,4593.99,INR,netbanking,,,,True,True,False,,False,,,,,,,,,False,183,1528.54,2,0.53,,,False
554675974370,cust_Bcv2ZwWcn1E3UC,498.78,INR,card,508228,ICICI,debit,True,False,False,,False,,,,,,,,,False,55,2723.43,2,0.69,,,False
966150984007,cust_yEt5DgOvdOVkXu,3443.62,INR,upi,,,,False,,False,,True,insufficient_funds,51,2026-06-30 00:00:00,Tuesday,30.0,True,1.0,1.0,False,352,5784.93,1,,2026-06-30 10:06:00,10.1,False
627939692800,cust_fvLFuh2zqSqqFj,2217.94,INR,upi,,,,False,,False,,False,,,,,,,,,False,518,1681.91,0,,,,True
005561112218,cust_ebSrLLVtRz4iEJ,1801.23,INR,card,524104,Axis,debit,True,True,False,,False,,,,,,,,,False,354,1787.18,5,0.38,,,False
120631081535,cust_XAFSXxR4Oi5onF,3041.98,INR,wallet,,,,False,,False,,False,,,,,,,,,False,36,4682.76,3,0.3,,,True
640694980124,cust_u9ZmKVJ0TX1eKg,1764.87,INR,netbanking,,,,False,,False,,True,insufficient_funds,51,2026-07-14 11:00:00,Tuesday,14.0,False,3.0,3.0,True,211,5126.1,1,0.09,2026-07-14 18:24:00,7.4,False
081995574379,cust_2CmPSZiDRIM2gn,933.34,INR,card,400013,HDFC,debit,False,,False,,False,,,,,,,,,False,245,2028.72,2,0.79,,,True
251215432626,cust_7xWxAhcppky6GO,3389.02,INR,upi,,,,False,,False,,True,insufficient_funds,51,2026-07-18 07:00:00,Saturday,18.0,False,1.0,1.0,False,869,2592.09,0,,2026-07-20 05:00:00,46.0,False
369882006280,cust_XYL71F0KwRuoHe,2272.42,INR,card,607332,SBI,credit,False,,False,,False,,,,,,,,,False,540,3956.7,0,0.31,,,True
407123877362,cust_s8lVjNoNG0Wvjy,758.89,INR,upi,,,,True,True,False,,False,,,,,,,,,False,139,7229.97,1,,,,True
494309531614,cust_XhGd1oqKE0ST7E,843.96,INR,upi,,,,True,False,False,,False,,,,,,,,,False,22,1954.29,3,0.47,,,False
147925291266,cust_jekciyK7EGyvXe,719.31,INR,card,417612,Kotak,credit,False,,False,,True,insufficient_funds,51,2026-06-25 02:00:00,Thursday,25.0,True,4.0,4.0,True,55,1238.72,1,0.47,2026-06-25 09:06:00,7.1,False
358848878277,cust_HT2tv2ZZb535Qw,3296.94,INR,upi,,,,False,,False,,False,,,,,,,,,False,228,2462.89,3,,,,True
488439708879,cust_7GtUrMdibKUJDq,2022.02,INR,card,524104,Axis,credit,True,False,False,,False,,,,,,,,,False,431,2041.46,1,0.58,,,True
257092972455,cust_Kjjmt27txoknOi,1555.73,INR,netbanking,,,,False,,True,33.5,False,,,,,,,,,False,45,937.67,1,0.41,,,False
400968899975,cust_s8lVjNoNG0Wvjy,2081.33,INR,netbanking,,,,False,,False,,False,,,,,,,,,False,139,7229.97,1,0.27,,,True
412749550801,cust_8Coq4eRlXGnRW5,760.15,INR,card,400012,HDFC,debit,False,,False,,False,,,,,,,,,False,1042,3602.79,2,0.29,,,True
435008526775,cust_bsp5v5MmtCjaUh,1520.13,INR,upi,,,,False,,False,,True,insufficient_funds,51,2026-06-16 19:00:00,Tuesday,16.0,False,1.0,1.0,False,112,4795.33,1,,2026-06-17 13:24:00,18.4,True
094548242674,cust_jekciyK7EGyvXe,317.38,INR,netbanking,,,,False,,True,1.0,False,,,,,,,,,False,55,1238.72,1,0.47,,,True
960751425567,cust_fgZiOJQOTpWywX,572.95,INR,upi,,,,False,,False,,False,,,,,,,,,False,286,3769.59,2,,,,True
934373229780,cust_xAzBM6jtgzSGr0,3526.1,INR,upi,,,,False,,True,60.3,False,,,,,,,,,False,654,7568.93,3,0.19,,,False
748684039105,cust_wUeYaxCrHHwBCL,2336.42,INR,upi,,,,False,,False,,True,insufficient_funds,51,2026-06-05 13:00:00,Friday,5.0,True,1.0,1.0,False,218,3579.5,1,0.16,2026-06-05 18:42:00,5.7,False
830452586697,cust_N0xV00Kkxr4Br6,653.52,INR,upi,,,,False,,False,,False,,,,,,,,,False,294,2890.65,2,0.25,,,True
277563074388,cust_f7hgYDv8AdgYs9,1921.61,INR,netbanking,,,,False,,False,,True,insufficient_funds,51,2026-08-19 13:00:00,Wednesday,19.0,False,1.0,1.0,False,787,4693.82,2,0.52,2026-08-21 02:24:00,37.4,False
036279449155,cust_kgYQeab5e8zIHs,1401.55,INR,card,417612,Kotak,credit,True,True,False,,False,,,,,,,,,False,39,738.89,0,0.68,,,True
100963198215,cust_C0pKWbm2FyLY7Q,314.95,INR,card,400013,HDFC,debit,True,False,False,,False,,,,,,,,,False,123,4105.56,1,0.73,,,False
626996163022,cust_OKorPj3MiTZent,298.37,INR,card,607331,SBI,credit,False,,False,,False,,,,,,,,,False,349,444.01,1,0.69,,,True
497971434589,cust_wUeYaxCrHHwBCL,4160.73,INR,card,508227,ICICI,debit,False,,False,,False,,,,,,,,,False,218,3579.5,1,0.16,,,True
781610628954,cust_ElQnrFlqB0pryW,2256.47,INR,card,417612,Kotak,credit,False,,False,,False,,,,,,,,,False,286,2455.63,2,0.45,,,True
428039283689,cust_eECaTPF7zj69pQ,1962.17,INR,upi,,,,False,,False,,True,insufficient_funds,51,2026-06-10 09:00:00,Wednesday,10.0,False,3.0,3.0,True,1398,1361.57,0,0.68,2026-06-15 01:36:00,112.6,False
260135199684,cust_rAdIOqAry9aIEX,323.23,INR,upi,,,,False,,False,,False,,,,,,,,,False,351,2633.0,2,,,,True
243897845928,cust_c584Hn7x25KGsc,1346.85,INR,card,508228,ICICI,credit,False,,False,,False,,,,,,,,,False,260,5302.7,2,0.93,,,True
546337388384,cust_tY6p0pDCVsQxwa,516.48,INR,upi,,,,False,,True,50.1,False,,,,,,,,,False,433,1326.23,3,0.45,,,False
207589830623,cust_2I51xLddGYnhxJ,2124.97,INR,netbanking,,,,False,,False,,False,,,,,,,,,False,91,2502.15,1,0.17,,,True
828868228255,cust_F9Gd81hIlnTd3H,958.99,INR,card,508227,ICICI,credit,False,,False,,True,insufficient_funds,51,2026-08-24 15:00:00,Monday,24.0,False,5.0,5.0,False,494,4468.46,0,0.5,2026-08-26 19:30:00,52.5,True
689060440546,cust_GZiAFlmSfMp6WD,1217.68,INR,card,400013,HDFC,credit,False,,False,,True,insufficient_funds,51,2026-08-01 06:00:00,Saturday,1.0,True,1.0,1.0,False,173,1836.41,2,0.22,2026-08-01 21:42:00,15.7,True
806670967805,cust_pgpzkqxwPyaQ6S,1563.95,INR,netbanking,,,,False,,False,,False,,,,,,,,,False,75,1846.95,2,0.48,,,True
654842858532,cust_FWvhNvoRMxq8dK,1464.61,INR,upi,,,,False,,False,,True,insufficient_funds,51,2026-06-21 15:00:00,Sunday,21.0,False,3.0,3.0,True,826,1682.34,1,0.14,2026-06-21 15:24:00,0.4,False
738770569429,cust_RlTDLvR1HnJmDH,913.73,INR,wallet,,,,False,,False,,False,,,,,,,,,False,55,3702.42,0,0.19,,,True
939078988628,cust_FaJffDQGotaSYk,604.52,INR,card,524104,Axis,credit,False,,False,,False,,,,,,,,,False,211,2831.84,4,,,,True
414403933262,cust_Cq1jCsDsQPq1Vs,857.26,INR,card,607331,SBI,debit,True,False,False,,False,,,,,,,,,False,340,5084.14,2,0.49,,,False
466164037878,cust_qZXhdJrnSppQlI,4649.55,INR,upi,,,,False,,False,,False,,,,,,,,,False,628,7557.1,0,,,,True
908635648453,cust_iiL92eTeFONgA4,947.74,INR,upi,,,,False,,False,,True,insufficient_funds,51,2026-06-08 03:00:00,Monday,8.0,False,2.0,2.0,False,109,4847.97,2,0.28,2026-06-12 19:12:00,112.2,True
253861142492,cust_VnbnzCzXhNrVyx,223.14,INR,card,400014,HDFC,credit,False,,False,,False,,,,,,,,,False,864,2380.63,1,0.31,,,True
286966345452,cust_JwtYZuZlTWG27v,1153.3,INR,card,524104,Axis,debit,False,,False,,True,insufficient_funds,51,2026-06-24 06:00:00,Wednesday,24.0,False,1.0,1.0,False,431,1111.32,1,0.43,2026-06-28 16:00:00,106.0,False
085523781934,cust_hK2Qil62gfjVNt,895.3,INR,netbanking,,,,False,,False,,False,,,,,,,,,False,210,2534.96,1,0.54,,,True
907116224773,cust_ser69NchpUj26I,2690.46,INR,upi,,,,False,,False,,True,insufficient_funds,51,2026-08-20 14:00:00,Thursday,20.0,False,3.0,3.0,True,1033,707.09,3,0.05,2026-08-21 15:12:00,25.2,False
636255702251,cust_gll7p2gNE0f7aX,2597.62,INR,upi,,,,False,,False,,True,insufficient_funds,51,2026-07-11 13:00:00,Saturday,11.0,False,1.0,1.0,False,1301,2457.1,1,0.72,2026-07-12 01:36:00,12.6,False
271542241408,cust_j292EISYJ9xp7T,1158.66,INR,card,508228,ICICI,debit,False,,False,,False,,,,,,,,,False,29,4822.06,0,,,,True
915147771899,cust_XTZ2tFnwVIu5YT,78.97,INR,card,417612,Kotak,credit,False,,False,,False,,,,,,,,,False,357,6225.18,1,0.63,,,True
915647309149,cust_Wp4aYuVw0jg6ym,2363.43,INR,card,524104,Axis,debit,False,,False,,False,,,,,,,,,False,2,5242.13,0,,,,True
257218798971,cust_T5lt2pwFA1D0T3,1412.75,INR,upi,,,,False,,False,,True,insufficient_funds,51,2026-07-15 11:00:00,Wednesday,15.0,False,2.0,2.0,False,862,2042.81,1,0.47,2026-07-15 23:12:00,12.2,False
590083652336,cust_UAp8JRH0krW7s0,1540.03,INR,netbanking,,,,False,,False,,True,insufficient_funds,51,2026-06-26 04:00:00,Friday,26.0,True,1.0,1.0,False,455,3666.47,1,,2026-06-26 16:42:00,12.7,False
216152915134,cust_q2iz4fraJ8g8HN,1940.49,INR,card,524104,Axis,credit,True,True,False,,False,,,,,,,,,False,330,3821.95,3,,,,True
035361478702,cust_K67uyL2GKeSm4Q,722.05,INR,netbanking,,,,True,True,False,,False,,,,,,,,,False,469,2420.89,0,0.47,,,False
324979571140,cust_7vwNXFsPzn3LuI,2006.5,INR,card,400013,HDFC,debit,False,,False,,True,insufficient_funds,51,2026-07-15 18:00:00,Wednesday,15.0,False,1.0,1.0,False,449,4269.7,2,0.06,2026-07-19 20:06:00,98.1,False
604429169836,cust_PiN8SRMrTV5xQH,3043.25,INR,upi,,,,False,,False,,False,,,,,,,,,False,235,3904.83,1,,,,True
234580284411,cust_MUO2T48wijUMHT,614.31,INR,upi,,,,True,False,False,,False,,,,,,,,,False,1074,1316.82,3,,,,False
941355586505,cust_HAoqTWJoP1aWRq,1554.33,INR,upi,,,,False,,False,,False,,,,,,,,,False,902,6597.31,2,0.51,,,True
041661138355,cust_SQWAnXLB1wOsoh,1837.19,INR,card,417612,Kotak,credit,False,,False,,False,,,,,,,,,False,3,1395.65,1,,,,True
419676304493,cust_M3vPAZOV026Ao0,1918.87,INR,netbanking,,,,False,,False,,True,insufficient_funds,51,2026-06-12 22:00:00,Friday,12.0,False,3.0,3.0,True,78,3597.73,2,0.18,2026-06-13 09:42:00,11.7,False
279597475020,cust_K67uyL2GKeSm4Q,1024.45,INR,netbanking,,,,False,,True,3.7,False,,,,,,,,,False,469,2420.89,1,0.47,,,False
392838993164,cust_cWv2NRabAMFjBt,226.32,INR,upi,,,,False,,False,,True,insufficient_funds,51,2026-06-01 13:00:00,Monday,1.0,True,5.0,5.0,True,122,233.85,0,0.08,2026-06-01 16:48:00,3.8,False
393076684673,cust_xsFJsntTGATWQI,683.62,INR,upi,,,,False,,False,,True,insufficient_funds,51,2026-08-05 04:00:00,Wednesday,5.0,True,1.0,1.0,False,112,2001.21,0,0.15,2026-08-05 05:18:00,1.3,False
999505077532,cust_VC3nKR3qiUXG5k,1531.8,INR,card,607332,SBI,debit,False,,False,,True,insufficient_funds,51,2026-07-28 14:00:00,Tuesday,28.0,True,1.0,1.0,False,422,1183.51,0,0.25,2026-07-29 19:00:00,29.0,False
110462009487,cust_Ze9J2Ol74sZvns,2506.1,INR,netbanking,,,,False,,False,,False,,,,,,,,,False,175,824.93,2,0.36,,,True
341864265311,cust_AOwx67HbHvwcHp,2316.88,INR,card,400012,HDFC,debit,False,,False,,True,insufficient_funds,51,2026-07-05 03:00:00,Sunday,5.0,True,4.0,4.0,True,20,3145.79,0,0.64,2026-07-06 10:06:00,31.1,False
164672702254,cust_W5M4Yc5cM94qEK,1135.07,INR,upi,,,,True,False,False,,False,,,,,,,,,False,721,5196.94,1,,,,False
431514471006,cust_yQDsjEcWejWPGj,525.68,INR,upi,,,,True,False,False,,False,,,,,,,,,False,101,4890.85,4,0.14,,,False
789473930865,cust_IPjHJrvDx1oXZJ,3006.12,INR,card,417612,Kotak,debit,False,,False,,True,insufficient_funds,51,2026-06-23 16:00:00,Tuesday,23.0,False,3.0,3.0,True,253,1851.45,3,0.53,2026-06-24 14:36:00,22.6,False
071557022786,cust_iS3uC4aoQDE6kG,2010.8,INR,card,417612,Kotak,credit,False,,False,,False,,,,,,,,,False,289,4849.78,3,,,,True
193358139450,cust_mntPyA0SJYEYcF,1018.96,INR,upi,,,,False,,False,,False,,,,,,,,,False,92,1537.87,0,0.46,,,True
295597194675,cust_1DLAKMIh8rrELT,3706.2,INR,upi,,,,False,,False,,False,,,,,,,,,False,220,3705.51,2,0.8,,,True
152786675208,cust_dkxp6EGABDARAb,2768.98,INR,wallet,,,,False,,False,,True,insufficient_funds,51,2026-07-30 21:00:00,Thursday,30.0,True,1.0,1.0,False,13,14579.45,0,0.3,2026-08-01 19:48:00,46.8,True
478478842018,cust_RC5utiDdKD9ymR,806.64,INR,card,524104,Axis,debit,False,,False,,True,insufficient_funds,51,2026-08-17 11:00:00,Monday,17.0,False,1.0,1.0,False,336,1007.64,3,0.73,2026-08-21 19:36:00,104.6,False
951047958461,cust_uEDVtmyEvsAuFk,1687.39,INR,upi,,,,False,,False,,False,,,,,,,,,False,198,1970.31,1,0.71,,,True
338008057261,cust_fSrYyO9TUOJJEk,1954.0,INR,upi,,,,True,False,False,,False,,,,,,,,,False,106,941.23,0,0.24,,,False
895689583249,cust_fnoRchcy4rbWL3,2067.66,INR,card,400014,HDFC,credit,False,,False,,True,insufficient_funds,51,2026-06-21 10:00:00,Sunday,21.0,False,2.0,2.0,False,163,2046.97,2,0.32,2026-06-24 11:54:00,73.9,False
912393684454,cust_NwxBI1Wx2w0LZr,2529.09,INR,netbanking,,,,True,True,False,,False,,,,,,,,,False,176,7939.09,1,0.52,,,False
279555800367,cust_zaHLQSf0PxXdvb,3470.06,INR,upi,,,,False,,False,,True,insufficient_funds,51,2026-08-16 16:00:00,Sunday,16.0,False,1.0,1.0,False,605,2694.44,0,0.38,2026-08-18 14:48:00,46.8,False
230529855275,cust_RWFLvPdP2oIHjC,1758.15,INR,card,417612,Kotak,debit,False,,False,,False,,,,,,,,,False,169,3832.02,1,0.34,,,True
421848994752,cust_E0Gvz2CUvIXKzv,1690.16,INR,card,524105,Axis,debit,False,,False,,True,insufficient_funds,51,2026-06-30 12:00:00,Tuesday,30.0,True,3.0,3.0,False,142,1790.1,0,0.69,2026-07-01 03:42:00,15.7,True
811596290939,cust_q2iz4fraJ8g8HN,1584.87,INR,upi,,,,False,,True,72.9,False,,,,,,,,,False,330,3821.95,1,0.68,,,False
362171087863,cust_EKOTSQnQb1Wk7Z,1395.09,INR,upi,,,,False,,False,,True,insufficient_funds,51,2026-07-20 04:00:00,Monday,20.0,False,3.0,3.0,False,182,1519.26,3,0.57,2026-07-22 05:36:00,49.6,True
105755916919,cust_5aWKOeDlDs7a1B,1797.73,INR,netbanking,,,,False,,True,29.5,False,,,,,,,,,False,54,890.78,0,,,,False
470254569433,cust_LSOSexYWdFG2uR,2838.81,INR,netbanking,,,,False,,False,,False,,,,,,,,,False,69,8488.81,3,0.07,,,True
896520828147,cust_67GsgLgPmLuZGn,1272.13,INR,card,508228,ICICI,debit,False,,False,,True,insufficient_funds,51,2026-08-29 06:00:00,Saturday,29.0,True,5.0,5.0,True,24,3873.47,0,0.37,2026-08-30 15:00:00,33.0,False
992718522488,cust_hqTAlsWH8mgttP,195.28,INR,upi,,,,False,,False,,False,,,,,,,,,False,119,2800.49,1,0.51,,,True
363386586312,cust_yh1qtiDvraaIb3,1186.53,INR,upi,,,,False,,False,,True,insufficient_funds,51,2026-08-20 23:00:00,Thursday,20.0,False,1.0,1.0,False,256,1595.53,1,,2026-08-24 08:54:00,81.9,True
664339772809,cust_xLyBihyegkswHu,1916.4,INR,card,400013,HDFC,credit,False,,False,,False,,,,,,,,,False,239,3859.19,1,0.13,,,True
502491854303,cust_2iG00RvQ4Jb6Nb,812.28,INR,card,524104,Axis,credit,True,False,False,,False,,,,,,,,,False,113,4477.3,2,0.18,,,True
999458537316,cust_0bZvPyVfFXuWpJ,1147.09,INR,netbanking,,,,False,,True,27.6,False,,,,,,,,,False,155,3365.14,1,,,,False
141860544331,cust_JXKCK0aFJEZarK,1282.3,INR,upi,,,,False,,False,,False,,,,,,,,,False,107,3667.79,0,,,,True
533379280199,cust_o1rjxriHiLmjDj,1302.65,INR,upi,,,,False,,False,,False,,,,,,,,,False,371,3459.74,0,0.25,,,True
814226649860,cust_aTZsQEXf3Lx87E,3428.6,INR,card,607331,SBI,debit,False,,False,,False,,,,,,,,,False,371,2823.81,3,,,,True
569263222147,cust_QThIOrrDZhZMa4,3376.59,INR,card,508227,ICICI,debit,True,False,False,,False,,,,,,,,,False,572,4326.84,0,,,,False
133676382269,cust_RhVZXelCRIlrC3,1038.02,INR,upi,,,,False,,False,,True,insufficient_funds,51,2026-08-18 15:00:00,Tuesday,18.0,False,1.0,1.0,False,194,673.27,2,0.16,2026-08-20 05:54:00,38.9,False
144408947153,cust_gOa0C7Q0rnG6xC,203.42,INR,upi,,,,True,False,False,,False,,,,,,,,,False,192,2701.36,4,0.27,,,True
850110488428,cust_VqDGwcH1bA7MqI,2245.85,INR,upi,,,,False,,True,14.5,False,,,,,,,,,False,1052,3966.67,2,,,,False
186320021190,cust_ShfK6Josl0izBC,1479.45,INR,card,508227,ICICI,debit,False,,False,,False,,,,,,,,,False,69,5484.11,3,0.04,,,True
741752154649,cust_5LDQCHYzHigAmQ,3068.42,INR,card,400013,HDFC,credit,False,,False,,False,,,,,,,,,False,214,352.33,2,,,,True
156970971704,cust_CH2zu5R2mvQT3T,311.64,INR,upi,,,,False,,False,,True,insufficient_funds,51,2026-07-06 13:00:00,Monday,6.0,False,1.0,1.0,False,36,562.63,2,,2026-07-06 17:54:00,4.9,False
685808481851,cust_MryrfL9knOIC95,1879.83,INR,card,524105,Axis,debit,True,True,False,,False,,,,,,,,,False,53,505.17,1,,,,False
737585100148,cust_PiN8SRMrTV5xQH,908.44,INR,upi,,,,False,,False,,True,insufficient_funds,51,2026-06-30 15:00:00,Tuesday,30.0,True,1.0,1.0,False,235,3904.83,1,0.44,2026-07-01 00:06:00,9.1,False
133370541331,cust_cn2FfR6W6UAvtt,2234.34,INR,upi,,,,False,,False,,False,,,,,,,,,False,115,983.68,1,0.49,,,True
625535024968,cust_lla6xcshhuCUZm,2410.6,INR,card,607332,SBI,debit,False,,False,,False,,,,,,,,,False,204,1859.97,2,0.9,,,True
209197265812,cust_ZvZ8Vx8vBrMsSX,1253.46,INR,upi,,,,False,,True,11.5,False,,,,,,,,,False,128,7464.92,3,,,,True
711743378055,cust_4cTswenKnAQvKv,755.94,INR,upi,,,,True,False,False,,False,,,,,,,,,False,73,1438.89,1,,,,False
261305025657,cust_ERnhU9gclGr0ov,1119.59,INR,card,607332,SBI,debit,False,,False,,True,insufficient_funds,51,2026-08-01 12:00:00,Saturday,1.0,True,1.0,1.0,False,28,1257.48,0,0.15,2026-08-01 12:48:00,0.8,True
055669559613,cust_NLM2om3hvZnNIG,1877.86,INR,wallet,,,,True,True,False,,False,,,,,,,,,False,543,7328.51,3,,,,True
055936330656,cust_CwdkXFJFm59mDn,738.36,INR,card,400013,HDFC,credit,False,,False,,True,insufficient_funds,51,2026-08-15 20:00:00,Saturday,15.0,False,4.0,4.0,False,35,2677.52,0,0.61,2026-08-16 15:18:00,19.3,True
359195557597,cust_ULGkEwMjnPasbP,583.5,INR,card,400012,HDFC,credit,False,,False,,True,insufficient_funds,51,2026-07-27 18:00:00,Monday,27.0,True,1.0,1.0,False,271,5502.77,5,0.24,2026-07-27 21:42:00,3.7,False
679569328027,cust_fCdau1nMT1kzwC,1174.81,INR,card,508228,ICICI,debit,False,,False,,False,,,,,,,,,False,542,2936.78,0,0.39,,,True
983575597537,cust_4CnEFxsRuYiTlY,2105.9,INR,card,607332,SBI,credit,False,,False,,False,,,,,,,,,False,148,5283.8,1,,,,True
706627365062,cust_D37eGekg895I1j,512.58,INR,card,607332,SBI,debit,False,,False,,False,,,,,,,,,False,148,476.73,0,,,,True
938909966614,cust_62N65om48MrKYa,959.1,INR,card,524105,Axis,debit,True,True,False,,False,,,,,,,,,False,92,3685.27,1,0.88,,,True
646217915100,cust_LSOSexYWdFG2uR,977.9,INR,card,607332,SBI,credit,False,,False,,False,,,,,,,,,False,69,8488.81,1,0.07,,,True
361314313932,cust_IMlGZ9SMCB2WJz,597.51,INR,card,524104,Axis,debit,False,,False,,False,,,,,,,,,False,144,3560.36,1,,,,True
171250225251,cust_a1wBp5Yl1uHmx3,1282.83,INR,upi,,,,False,,False,,False,,,,,,,,,False,15,1353.27,0,0.54,,,True
362124053433,cust_urTBZeOc6NSGww,1381.2,INR,netbanking,,,,False,,False,,False,,,,,,,,,False,12,2937.52,1,0.63,,,True
542274459014,cust_evqoexFNqSkdga,2140.85,INR,netbanking,,,,False,,False,,False,,,,,,,,,False,164,7255.09,0,,,,True
479555500322,cust_aIK8bPkeX6Taq7,104.21,INR,card,524105,Axis,debit,True,True,False,,False,,,,,,,,,False,550,836.36,2,0.55,,,True
215322857606,cust_a9a9mzP44EYYUR,475.78,INR,wallet,,,,False,,False,,False,,,,,,,,,False,45,590.49,3,0.42,,,True
740408507379,cust_3el9565hYbHiUW,1280.64,INR,netbanking,,,,False,,False,,False,,,,,,,,,False,67,397.97,3,,,,True
895457959045,cust_LZiOJIrADwGpkA,1318.09,INR,card,508228,ICICI,debit,False,,False,,False,,,,,,,,,False,392,163.04,2,0.38,,,True
575459247764,cust_j5wgIU7VmZC0JF,2477.23,INR,netbanking,,,,True,False,False,,False,,,,,,,,,False,358,4288.67,1,0.31,,,False
299596213396,cust_2NyR6jQPywlsLb,1729.46,INR,netbanking,,,,False,,False,,False,,,,,,,,,False,69,5310.68,0,,,,True
843401812350,cust_mvajmgWJJqSaTz,2809.65,INR,upi,,,,False,,False,,False,,,,,,,,,False,89,1296.69,1,,,,True
409921261554,cust_jGckGR3FeWzYeB,962.62,INR,upi,,,,False,,False,,False,,,,,,,,,False,18,4851.25,0,0.57,,,True
895693846258,cust_BtDY53Z6cNI0dL,2872.68,INR,card,400012,HDFC,credit,False,,False,,False,,,,,,,,,False,144,1500.97,2,,,,True
655196579164,cust_7YsEqmGv0lH8wV,2584.25,INR,card,400013,HDFC,credit,False,,False,,False,,,,,,,,,False,441,1906.07,1,0.23,,,True
516633923868,cust_MIs40UBk4w017X,80.56,INR,netbanking,,,,False,,False,,False,,,,,,,,,False,110,914.24,0,0.05,,,True
984836012173,cust_gOa0C7Q0rnG6xC,1917.26,INR,netbanking,,,,False,,True,73.8,False,,,,,,,,,False,192,2701.36,0,0.27,,,False
388155641353,cust_yuJOtW3FLL1Let,1093.8,INR,upi,,,,True,True,False,,False,,,,,,,,,False,120,6047.15,0,,,,True
526473626351,cust_dkxp6EGABDARAb,1090.26,INR,upi,,,,False,,False,,True,insufficient_funds,51,2026-07-21 00:00:00,Tuesday,21.0,False,4.0,4.0,True,13,14579.45,2,0.3,2026-07-22 21:36:00,45.6,False
384046728014,cust_3jGZQq4Lvs5L6Y,1089.05,INR,upi,,,,False,,True,77.7,False,,,,,,,,,False,171,1701.5,1,,,,False
833868492275,cust_aIK8bPkeX6Taq7,1190.52,INR,wallet,,,,True,False,False,,False,,,,,,,,,False,550,836.36,2,,,,False
251528020258,cust_N1m4Yrpw2cBdVc,681.01,INR,wallet,,,,False,,False,,True,insufficient_funds,51,2026-06-29 09:00:00,Monday,29.0,True,2.0,2.0,False,1022,4059.87,1,0.44,2026-06-29 10:36:00,1.6,False
925621725800,cust_QOKTLt7pkk49bA,1775.31,INR,upi,,,,False,,False,,False,,,,,,,,,False,110,146.84,1,0.28,,,True
425114296387,cust_ebSrLLVtRz4iEJ,2059.16,INR,upi,,,,False,,False,,True,insufficient_funds,51,2026-07-25 18:00:00,Saturday,25.0,True,2.0,2.0,False,354,1787.18,3,0.38,2026-07-27 12:00:00,42.0,False
066982260399,cust_wQAxTaWuV3jwTT,2837.64,INR,upi,,,,False,,False,,False,,,,,,,,,False,339,5155.45,1,0.45,,,True
890197201559,cust_SDbmBssWuvzaqz,3048.79,INR,wallet,,,,False,,False,,True,insufficient_funds,51,2026-08-04 00:00:00,Tuesday,4.0,True,2.0,2.0,False,136,2771.04,1,0.26,2026-08-04 05:00:00,5.0,False
450383281360,cust_4fBbBfxwejntj8,1447.23,INR,netbanking,,,,False,,False,,False,,,,,,,,,False,495,2472.47,0,0.3,,,True
091599842536,cust_NABSphgzPVR6sG,2411.55,INR,card,400013,HDFC,debit,False,,False,,True,insufficient_funds,51,2026-07-27 18:00:00,Monday,27.0,True,1.0,1.0,False,28,412.6,2,0.25,2026-07-28 10:36:00,16.6,True
345459608452,cust_Ysq16cjjgKXu5I,1247.66,INR,upi,,,,False,,False,,False,,,,,,,,,False,741,3591.61,2,0.34,,,True
241936153652,cust_AeALFo2ZyvqMng,1282.04,INR,netbanking,,,,False,,False,,False,,,,,,,,,False,264,430.78,0,0.3,,,True
047180079353,cust_7vwNXFsPzn3LuI,2080.88,INR,card,417612,Kotak,debit,False,,False,,True,insufficient_funds,51,2026-06-02 09:00:00,Tuesday,2.0,True,1.0,1.0,False,449,4269.7,0,0.06,2026-06-02 17:42:00,8.7,True
070273229885,cust_hPuLWw1UHW3u3X,1712.07,INR,card,417612,Kotak,debit,True,True,False,,False,,,,,,,,,False,153,5273.89,2,0.66,,,False
238826154312,cust_J25QxnPzhAVlWF,630.01,INR,card,417612,Kotak,debit,False,,False,,True,insufficient_funds,51,2026-08-09 01:00:00,Sunday,9.0,False,1.0,1.0,False,283,5444.1,0,0.28,2026-08-09 15:48:00,14.8,False
724876363069,cust_pgpzkqxwPyaQ6S,425.89,INR,upi,,,,False,,False,,True,insufficient_funds,51,2026-08-14 18:00:00,Friday,14.0,False,1.0,1.0,False,75,1846.95,2,0.48,2026-08-17 03:06:00,57.1,False
253189899999,cust_kXXkCrn1AaUoG4,939.28,INR,card,400012,HDFC,credit,True,True,False,,False,,,,,,,,,False,2258,3819.91,1,0.57,,,True
687653963964,cust_PhetW4Ns6wSogQ,944.98,INR,upi,,,,False,,False,,True,insufficient_funds,51,2026-08-08 15:00:00,Saturday,8.0,False,1.0,1.0,False,365,5763.02,5,,2026-08-10 01:00:00,34.0,False
867670155835,cust_MkqyXiSZXGNRDd,280.5,INR,netbanking,,,,False,,False,,True,insufficient_funds,51,2026-07-07 06:00:00,Tuesday,7.0,False,1.0,1.0,False,17,645.25,3,0.1,2026-07-10 21:00:00,87.0,False
285140099489,cust_JpBxmF566xOquj,1362.68,INR,wallet,,,,False,,False,,True,insufficient_funds,51,2026-07-30 18:00:00,Thursday,30.0,True,2.0,2.0,False,72,1747.49,1,0.29,2026-07-31 06:18:00,12.3,True
242684750574,cust_5CWree01HF1LKf,239.92,INR,upi,,,,False,,False,,True,insufficient_funds,51,2026-06-05 13:00:00,Friday,5.0,True,4.0,4.0,True,147,2694.76,1,,2026-06-05 13:30:00,0.5,False
910142184866,cust_8mtBX4XCprUx0w,666.06,INR,netbanking,,,,True,False,False,,False,,,,,,,,,False,490,2873.08,0,,,,False
876806717007,cust_OKorPj3MiTZent,4052.22,INR,card,400014,HDFC,debit,False,,False,,False,,,,,,,,,False,349,444.01,1,,,,True
282214228714,cust_E591eUcPZCtXTl,1353.17,INR,card,400013,HDFC,credit,False,,False,,False,,,,,,,,,False,8,2599.84,1,0.41,,,True
922283841956,cust_XAFSXxR4Oi5onF,2355.07,INR,card,417612,Kotak,credit,False,,False,,True,insufficient_funds,51,2026-08-10 03:00:00,Monday,10.0,False,2.0,2.0,False,36,4682.76,3,0.3,2026-08-11 23:36:00,44.6,False
189352847104,cust_1DS7IQXJVZEgET,1653.27,INR,upi,,,,False,,False,,True,insufficient_funds,51,2026-07-06 12:00:00,Monday,6.0,False,1.0,1.0,False,183,1528.54,3,0.53,2026-07-07 15:36:00,27.6,True
545659120938,cust_LskeDhThzb9CDw,1458.04,INR,upi,,,,True,True,False,,False,,,,,,,,,False,386,1742.59,3,,,,True
943136994015,cust_LEfZhFNNUWNug9,461.74,INR,upi,,,,True,True,False,,False,,,,,,,,,False,144,1308.47,1,0.08,,,True
786198668172,cust_DrLITOL2KSrQej,1686.95,INR,upi,,,,False,,True,21.4,False,,,,,,,,,False,385,2050.27,0,0.61,,,False
418247919133,cust_cbb1UxpZOYh73t,1046.99,INR,upi,,,,False,,False,,True,insufficient_funds,51,2026-07-11 02:00:00,Saturday,11.0,False,1.0,1.0,False,263,2331.15,1,,2026-07-14 03:30:00,73.5,False
819963563511,cust_jekciyK7EGyvXe,356.53,INR,netbanking,,,,False,,False,,False,,,,,,,,,False,55,1238.72,1,0.47,,,True
936585455831,cust_TxUiMNf1GPUdsd,1640.81,INR,upi,,,,False,,True,39.9,False,,,,,,,,,False,18,1289.61,1,,,,False
752563929075,cust_0TVEh30s5nxfHM,4014.29,INR,upi,,,,False,,False,,False,,,,,,,,,False,182,2711.82,3,0.13,,,True
303282733197,cust_2iG00RvQ4Jb6Nb,2128.53,INR,upi,,,,False,,False,,True,insufficient_funds,51,2026-07-10 04:00:00,Friday,10.0,False,1.0,1.0,False,113,4477.3,3,,2026-07-11 20:06:00,40.1,False
759327316119,cust_WO3ShPwwvoR5mn,2397.06,INR,upi,,,,False,,True,4.3,False,,,,,,,,,False,19,1845.53,4,0.17,,,True
433044570448,cust_mcvLBr1jN7uc6h,307.47,INR,card,524104,Axis,debit,True,False,False,,False,,,,,,,,,False,55,440.19,1,0.46,,,False
249584386833,cust_JmexI1h8wFFT5K,574.83,INR,upi,,,,False,,False,,False,,,,,,,,,False,405,1172.96,1,0.62,,,True
102687733453,cust_okh6Esu1nQAP9E,2613.96,INR,card,417612,Kotak,credit,False,,False,,True,insufficient_funds,51,2026-07-27 14:00:00,Monday,27.0,True,4.0,4.0,True,1142,337.52,1,0.63,2026-07-27 15:12:00,1.2,False
633635188164,cust_lXNGFsbtXmXhQ2,3013.59,INR,upi,,,,False,,False,,True,insufficient_funds,51,2026-08-06 03:00:00,Thursday,6.0,False,3.0,3.0,True,174,1779.85,1,0.62,2026-08-06 06:42:00,3.7,False
111426854332,cust_Iyt9NgjmGRHQb2,612.26,INR,card,400012,HDFC,credit,False,,False,,True,insufficient_funds,51,2026-06-28 08:00:00,Sunday,28.0,True,1.0,1.0,False,370,1286.25,1,,2026-06-29 18:06:00,34.1,False
615511895396,cust_fCdau1nMT1kzwC,1735.3,INR,card,607332,SBI,credit,False,,False,,False,,,,,,,,,False,542,2936.78,0,0.39,,,True
389622325541,cust_RZUlwoEFqRso42,1422.88,INR,card,417612,Kotak,credit,False,,False,,True,insufficient_funds,51,2026-07-20 14:00:00,Monday,20.0,False,1.0,1.0,False,796,3289.8,1,,2026-07-22 13:30:00,47.5,False
557274962209,cust_iuhYrMFl2ZQshY,465.7,INR,card,524104,Axis,debit,False,,False,,False,,,,,,,,,False,17,7348.11,0,,,,True
726928889925,cust_rizXg5Xlkx7jHv,1848.85,INR,upi,,,,False,,False,,True,insufficient_funds,51,2026-07-15 12:00:00,Wednesday,15.0,False,4.0,4.0,False,494,2029.04,1,,2026-07-18 15:48:00,75.8,True
596567525445,cust_pZ4MKG5ThiE820,713.94,INR,netbanking,,,,False,,False,,False,,,,,,,,,False,54,1016.82,3,,,,True
731038099854,cust_JTfI02BLzzPc4r,1160.97,INR,upi,,,,False,,False,,True,insufficient_funds,51,2026-07-10 15:00:00,Friday,10.0,False,2.0,2.0,False,343,1403.86,1,0.5,2026-07-14 08:12:00,89.2,False
980107519878,cust_qErt0DFaclTttH,1373.24,INR,card,508227,ICICI,debit,True,False,False,,False,,,,,,,,,False,281,4061.47,1,0.53,,,False
717741413518,cust_zS5DZLplqkwKcj,799.43,INR,upi,,,,False,,False,,False,,,,,,,,,False,908,2594.03,0,0.56,,,True
509055383083,cust_LbiZBVFlUXSYF3,3771.43,INR,card,607332,SBI,credit,False,,False,,False,,,,,,,,,False,357,1657.45,0,0.21,,,True
500331246355,cust_FfnUyupNMBPd0E,338.74,INR,upi,,,,True,False,False,,False,,,,,,,,,False,30,4799.45,0,0.33,,,False
843308918651,cust_pZ7FPI5obhq3V4,410.36,INR,upi,,,,True,False,False,,False,,,,,,,,,False,178,825.03,2,0.23,,,False
349994126448,cust_oBKLYlEEP48Ggt,5996.6,INR,card,400012,HDFC,credit,False,,False,,False,,,,,,,,,False,16,6710.28,2,,,,True
395786264148,cust_XTMAbnJ1xuoSPB,4674.17,INR,card,508228,ICICI,debit,False,,False,,False,,,,,,,,,False,499,2673.25,0,0.47,,,True
526750343425,cust_rizXg5Xlkx7jHv,1138.53,INR,netbanking,,,,True,True,False,,False,,,,,,,,,False,494,2029.04,2,,,,False
336768276915,cust_p0ST9AeqHAlHGM,761.3,INR,netbanking,,,,False,,False,,True,insufficient_funds,51,2026-06-26 12:00:00,Friday,26.0,True,2.0,2.0,False,259,1219.01,0,0.94,2026-06-28 01:24:00,37.4,True
766450019365,cust_X7lmOOJ84UhMIh,2270.07,INR,upi,,,,False,,False,,False,,,,,,,,,False,138,2223.81,1,0.56,,,True
767587255689,cust_FWvhNvoRMxq8dK,1374.8,INR,wallet,,,,False,,False,,True,insufficient_funds,51,2026-08-19 11:00:00,Wednesday,19.0,False,1.0,1.0,False,826,1682.34,2,,2026-08-23 09:00:00,94.0,False
949983895125,cust_N62ToY4cQPiQk3,2203.47,INR,card,508228,ICICI,credit,False,,False,,True,insufficient_funds,51,2026-06-17 03:00:00,Wednesday,17.0,False,2.0,2.0,False,11,2199.66,1,,2026-06-17 08:24:00,5.4,True
284855019455,cust_50df5KjtHYl2fX,1640.33,INR,card,400012,HDFC,credit,False,,False,,True,insufficient_funds,51,2026-07-24 08:00:00,Friday,24.0,False,3.0,3.0,True,129,887.13,2,0.33,2026-07-25 11:54:00,27.9,False
552266915457,cust_WZhELt4nezjdVm,2015.06,INR,netbanking,,,,False,,False,,True,insufficient_funds,51,2026-08-20 20:00:00,Thursday,20.0,False,5.0,5.0,True,326,1029.78,1,0.59,2026-08-22 22:30:00,50.5,False
866188050025,cust_UOu53BySRerG1I,1237.66,INR,card,417612,Kotak,debit,False,,False,,True,insufficient_funds,51,2026-06-01 15:00:00,Monday,1.0,True,2.0,2.0,False,173,5102.86,0,,2026-06-02 13:18:00,22.3,True
160802106176,cust_J25QxnPzhAVlWF,1283.31,INR,netbanking,,,,False,,False,,False,,,,,,,,,False,283,5444.1,1,0.28,,,True
772911962425,cust_aIK8bPkeX6Taq7,818.43,INR,upi,,,,False,,False,,False,,,,,,,,,False,550,836.36,2,0.55,,,True
582733440403,cust_ZV6sieQ44FpTfH,794.6,INR,card,508228,ICICI,debit,False,,False,,True,insufficient_funds,51,2026-08-07 20:00:00,Friday,7.0,False,2.0,2.0,False,159,969.92,3,0.4,2026-08-11 07:30:00,83.5,False
144035403087,cust_RhVZXelCRIlrC3,879.8,INR,card,508228,ICICI,debit,False,,False,,True,insufficient_funds,51,2026-07-04 11:00:00,Saturday,4.0,True,1.0,1.0,False,194,673.27,0,0.16,2026-07-04 21:42:00,10.7,False
637156148762,cust_48jKXISeDaaeEP,1366.43,INR,upi,,,,False,,False,,False,,,,,,,,,False,47,10632.77,1,0.53,,,True
009891200712,cust_922EI5xLXXl8PC,1349.8,INR,card,417612,Kotak,credit,False,,False,,True,insufficient_funds,51,2026-06-12 03:00:00,Friday,12.0,False,1.0,1.0,False,62,9106.05,3,0.21,2026-06-14 03:18:00,48.3,True
138999589490,cust_rdRCJdnTBlX6Wa,2391.39,INR,card,508227,ICICI,debit,False,,False,,True,insufficient_funds,51,2026-07-01 15:00:00,Wednesday,1.0,True,2.0,2.0,False,299,4397.23,1,0.66,2026-07-02 06:12:00,15.2,False
565028956090,cust_NNbBUqZKcHmBYi,3538.28,INR,card,607331,SBI,credit,True,True,False,,False,,,,,,,,,False,359,2600.78,0,0.24,,,False
472296247918,cust_2I51xLddGYnhxJ,1075.24,INR,upi,,,,False,,False,,False,,,,,,,,,False,91,2502.15,0,0.17,,,True
271304766602,cust_5G7y3SjF9bChpQ,5368.3,INR,card,508228,ICICI,credit,False,,False,,True,insufficient_funds,51,2026-08-10 14:00:00,Monday,10.0,False,3.0,3.0,True,525,3252.45,2,0.18,2026-08-11 08:12:00,18.2,False
139617967901,cust_65PrE28Ej05fYD,1908.4,INR,upi,,,,True,True,False,,False,,,,,,,,,False,517,1701.36,2,0.11,,,True
721507980412,cust_XRVkdpGDuAk9Gg,2255.0,INR,upi,,,,False,,False,,False,,,,,,,,,False,157,1302.23,1,,,,True
819589736006,cust_9XaKPdGzPaGivx,926.34,INR,upi,,,,False,,False,,False,,,,,,,,,False,802,3502.71,0,,,,True
539417139420,cust_m1mJEbSRDfTcDz,3904.28,INR,upi,,,,False,,False,,False,,,,,,,,,False,84,380.64,1,0.08,,,True
344084212707,cust_NWHmEPX4YFParh,993.21,INR,card,607331,SBI,debit,True,True,False,,False,,,,,,,,,False,4,3414.4,0,0.35,,,False
771494880188,cust_RRKvdvEcSNM107,2318.62,INR,wallet,,,,True,True,False,,False,,,,,,,,,False,200,1223.49,3,0.19,,,False
433050647271,cust_XrdI1A5bq7qC4n,574.31,INR,card,417612,Kotak,debit,False,,False,,True,insufficient_funds,51,2026-07-27 15:00:00,Monday,27.0,True,1.0,1.0,False,418,3650.64,2,0.34,2026-07-27 21:18:00,6.3,False
806267673594,cust_crnyDwcSCMC5f9,1935.16,INR,netbanking,,,,False,,False,,True,insufficient_funds,51,2026-06-12 21:00:00,Friday,12.0,False,4.0,4.0,True,401,1031.59,2,0.35,2026-06-14 10:00:00,37.0,False
271039527094,cust_cXMdH74ZyrtAXN,506.29,INR,upi,,,,True,False,False,,False,,,,,,,,,False,734,5419.71,2,,,,False
080778416342,cust_vAi5Z52dM7To4F,629.6,INR,upi,,,,True,True,False,,False,,,,,,,,,False,116,2347.49,1,0.48,,,False
679429829830,cust_ElNriAquxpOkJc,1479.84,INR,card,524104,Axis,credit,True,True,False,,False,,,,,,,,,False,563,1704.9,1,,,,False
745614732991,cust_0WXRV82Ftb9xRx,4929.61,INR,card,508228,ICICI,debit,False,,False,,False,,,,,,,,,False,74,4882.09,2,,,,True
811785393507,cust_qx3V8RB8m0jYk1,1861.93,INR,card,524105,Axis,credit,False,,False,,True,insufficient_funds,51,2026-07-15 09:00:00,Wednesday,15.0,False,1.0,1.0,False,321,519.07,1,0.55,2026-07-16 01:54:00,16.9,True
170396728270,cust_TwU3C24CXlgJA3,1515.93,INR,netbanking,,,,False,,False,,False,,,,,,,,,False,96,1912.61,1,0.11,,,True
427699629510,cust_aQ6hxwF2tD6p3G,635.57,INR,card,400014,HDFC,debit,False,,False,,True,insufficient_funds,51,2026-08-06 14:00:00,Thursday,6.0,False,3.0,3.0,True,34,3416.54,2,,2026-08-16 23:36:00,249.6,False
310399594337,cust_aQ6hxwF2tD6p3G,1850.28,INR,upi,,,,False,,False,,True,insufficient_funds,51,2026-07-13 05:00:00,Monday,13.0,False,1.0,1.0,False,34,3416.54,1,0.68,2026-07-13 22:18:00,17.3,False
261476652870,cust_50df5KjtHYl2fX,1365.84,INR,card,508228,ICICI,credit,False,,False,,False,,,,,,,,,False,129,887.13,0,,,,True
443241382182,cust_uAbgATFWP5lCRd,960.67,INR,netbanking,,,,True,False,False,,False,,,,,,,,,False,826,3970.15,1,0.39,,,False
954755003897,cust_lvLLoeHF6j6YZr,369.38,INR,netbanking,,,,False,,False,,False,,,,,,,,,False,720,334.15,0,0.37,,,True
495972356872,cust_H3skUMpUwUGt1X,319.0,INR,upi,,,,True,False,False,,False,,,,,,,,,False,53,3705.09,0,0.28,,,True
783668610175,cust_nfwrT5a5xT0o2C,89.48,INR,card,417612,Kotak,debit,False,,False,,True,insufficient_funds,51,2026-06-26 21:00:00,Friday,26.0,True,2.0,2.0,False,7,848.69,1,0.51,2026-06-27 16:12:00,19.2,True
739569795412,cust_USyqRr99ut4ASy,1180.22,INR,card,400012,HDFC,debit,True,True,False,,False,,,,,,,,,False,143,1043.22,2,0.79,,,False
922082288788,cust_NcimdosHvNVz7S,6654.93,INR,wallet,,,,True,False,False,,False,,,,,,,,,False,418,3248.89,2,,,,False
337988730213,cust_E11mfcix3byoTd,1563.95,INR,card,508228,ICICI,debit,True,False,False,,False,,,,,,,,,False,197,1438.25,0,0.27,,,True
234745774814,cust_wpBjB6G5xt0PyV,1372.47,INR,card,607331,SBI,credit,False,,False,,True,insufficient_funds,51,2026-06-01 18:00:00,Monday,1.0,True,1.0,1.0,False,158,2945.94,1,0.06,2026-06-02 20:12:00,26.2,True
781056025064,cust_2yjr7ivu7cckBH,1092.97,INR,card,417612,Kotak,debit,False,,False,,False,,,,,,,,,False,931,1676.38,0,0.23,,,True
010043676972,cust_aBIT9nYAxpKkLF,643.89,INR,upi,,,,True,True,False,,False,,,,,,,,,False,247,5902.02,1,0.18,,,False
017400934431,cust_9yAErgotKXrML6,1621.98,INR,card,607331,SBI,credit,True,True,False,,False,,,,,,,,,False,163,2431.26,1,0.08,,,True
927711480804,cust_QQb9R4eH0c3bFq,1680.07,INR,netbanking,,,,False,,False,,True,insufficient_funds,51,2026-08-03 09:00:00,Monday,3.0,True,2.0,2.0,False,685,1545.53,2,0.39,2026-08-03 16:06:00,7.1,False
649270387216,cust_Ysq16cjjgKXu5I,490.18,INR,card,400012,HDFC,credit,False,,False,,False,,,,,,,,,False,741,3591.61,0,0.34,,,True
838315234535,cust_uwRpl4qQZBZIQl,2835.45,INR,upi,,,,False,,False,,False,,,,,,,,,False,383,3274.32,2,0.17,,,True
827046048346,cust_ME8DANyLGMkg1v,3283.07,INR,card,400013,HDFC,credit,False,,False,,False,,,,,,,,,False,78,5547.06,2,0.21,,,True
057374958307,cust_E591eUcPZCtXTl,3214.84,INR,card,417612,Kotak,credit,True,False,False,,False,,,,,,,,,False,8,2599.84,2,,,,False
480572628845,cust_OmOt7UtML9WEBH,1268.09,INR,card,607331,SBI,credit,True,False,False,,False,,,,,,,,,False,177,2680.78,2,,,,False
232230954511,cust_iHIe9tVmCzTTyS,1243.46,INR,wallet,,,,False,,False,,True,insufficient_funds,51,2026-06-15 20:00:00,Monday,15.0,False,2.0,2.0,False,548,830.26,2,0.56,2026-06-16 03:18:00,7.3,False
629124230704,cust_obsQI4FXYCS7Mj,1107.99,INR,wallet,,,,False,,False,,True,insufficient_funds,51,2026-06-26 23:00:00,Friday,26.0,True,1.0,1.0,False,143,3131.52,4,0.4,2026-06-27 07:12:00,8.2,False
815411160562,cust_xglNYhcI6zeclJ,411.03,INR,upi,,,,False,,False,,True,insufficient_funds,51,2026-06-29 08:00:00,Monday,29.0,True,1.0,1.0,False,113,3244.28,2,,2026-06-29 17:06:00,9.1,True
944313182514,cust_rc07HXmBCAGUqb,2404.92,INR,upi,,,,False,,False,,True,insufficient_funds,51,2026-08-27 07:00:00,Thursday,27.0,True,1.0,1.0,False,99,927.34,2,0.22,2026-08-27 11:00:00,4.0,False
801603897460,cust_pQ9BZcuPcxIAz8,1010.45,INR,card,400014,HDFC,debit,True,False,False,,False,,,,,,,,,False,354,3771.63,2,,,,False
290104541743,cust_aBxwZvhJoFijVn,2318.25,INR,card,524105,Axis,credit,False,,False,,False,,,,,,,,,False,95,2338.85,0,,,,True
778188672665,cust_ZvZ8Vx8vBrMsSX,1640.72,INR,card,607331,SBI,debit,False,,False,,True,insufficient_funds,51,2026-07-22 10:00:00,Wednesday,22.0,False,2.0,2.0,False,128,7464.92,0,0.42,2026-07-27 19:24:00,129.4,False
029544808378,cust_4UueEiP6Iy0KBG,3452.98,INR,netbanking,,,,False,,False,,False,,,,,,,,,False,243,3462.61,1,0.49,,,True
830042603715,cust_3jGZQq4Lvs5L6Y,2250.91,INR,upi,,,,False,,False,,False,,,,,,,,,False,171,1701.5,3,,,,True
925601136398,cust_m1mJEbSRDfTcDz,1451.73,INR,card,400013,HDFC,debit,True,False,False,,False,,,,,,,,,False,84,380.64,2,0.08,,,True
156858661486,cust_B3f1rocZVhgvHK,2945.91,INR,card,508227,ICICI,debit,False,,False,,False,,,,,,,,,False,424,5146.86,2,0.71,,,True
582739849368,cust_h8XVykwawhOpE5,677.33,INR,netbanking,,,,False,,False,,True,insufficient_funds,51,2026-08-18 03:00:00,Tuesday,18.0,False,1.0,1.0,False,1258,1512.26,1,,2026-08-19 04:54:00,25.9,False
378918273333,cust_Yy6j8gfDj5KHyA,2598.29,INR,card,524105,Axis,debit,False,,False,,False,,,,,,,,,False,357,907.5,1,0.72,,,True
541581109133,cust_EKOTSQnQb1Wk7Z,646.84,INR,wallet,,,,False,,False,,True,insufficient_funds,51,2026-07-12 21:00:00,Sunday,12.0,False,2.0,2.0,False,182,1519.26,0,0.57,2026-07-19 22:54:00,169.9,True
824402582646,cust_gZNnmHGWqByf9k,1331.3,INR,card,508228,ICICI,credit,False,,False,,False,,,,,,,,,False,214,1115.12,1,0.11,,,True
650786230331,cust_MUO2T48wijUMHT,1450.58,INR,wallet,,,,True,True,False,,False,,,,,,,,,False,1074,1316.82,0,0.36,,,False
322254163671,cust_DdJViOm5Ry1kSm,702.97,INR,upi,,,,False,,False,,False,,,,,,,,,False,285,1259.92,2,,,,True
795575482293,cust_jSuYYAy2cDDzoU,307.95,INR,upi,,,,False,,False,,False,,,,,,,,,False,117,1563.73,0,0.2,,,True
174092738876,cust_QdbIwoX9inIQWP,96.97,INR,upi,,,,False,,False,,False,,,,,,,,,False,393,5869.08,2,,,,True
368754985996,cust_JMlvoKveuvb5in,979.41,INR,wallet,,,,False,,False,,False,,,,,,,,,False,245,460.46,1,0.61,,,True
047386604910,cust_vAi5Z52dM7To4F,3883.36,INR,upi,,,,False,,True,15.3,False,,,,,,,,,False,116,2347.49,1,,,,True
288735097076,cust_mSKjptZJPasWsg,1288.62,INR,card,508228,ICICI,credit,False,,False,,False,,,,,,,,,False,23,3792.72,2,,,,True
399178909705,cust_c8xR8eqcJ7mpSR,4635.32,INR,upi,,,,False,,False,,True,insufficient_funds,51,2026-08-13 09:00:00,Thursday,13.0,False,3.0,3.0,True,1125,881.17,1,0.21,2026-08-14 06:00:00,21.0,False
719935579772,cust_wHTAUcx3iXlgGR,253.28,INR,upi,,,,False,,False,,False,,,,,,,,,False,200,3577.7,0,,,,True
068477739440,cust_LqfZIXLnqo9ieI,2253.9,INR,upi,,,,False,,False,,True,insufficient_funds,51,2026-06-18 00:00:00,Thursday,18.0,False,4.0,4.0,True,1067,3180.92,2,,2026-06-20 03:12:00,51.2,False
586758486341,cust_V4xNGnE3ePQSbw,3387.77,INR,card,400012,HDFC,credit,False,,False,,True,insufficient_funds,51,2026-08-11 04:00:00,Tuesday,11.0,False,2.0,2.0,False,523,755.26,0,0.4,2026-08-11 12:12:00,8.2,False
207375227367,cust_wQAxTaWuV3jwTT,2623.0,INR,card,607331,SBI,debit,True,False,False,,False,,,,,,,,,False,339,5155.45,0,,,,False
949313291920,cust_N3WyfLje0ai3m9,620.8,INR,upi,,,,False,,False,,True,insufficient_funds,51,2026-08-03 09:00:00,Monday,3.0,True,1.0,1.0,False,466,4178.66,0,,2026-08-03 15:06:00,6.1,False
871398460575,cust_4WqqEQ0budevT9,854.94,INR,card,524105,Axis,debit,False,,False,,False,,,,,,,,,False,1437,1367.97,1,,,,True
347141404848,cust_AVVbcuNrpPC07n,685.15,INR,card,400014,HDFC,credit,False,,False,,False,,,,,,,,,False,52,2003.73,0,,,,True
549235977141,cust_uaOxZZc0xWBJAx,3001.18,INR,upi,,,,False,,False,,True,insufficient_funds,51,2026-08-27 04:00:00,Thursday,27.0,True,1.0,1.0,False,160,1981.42,2,0.26,2026-08-27 23:54:00,19.9,True
741850139649,cust_ZzJhP4AE1QdEd8,798.47,INR,card,400012,HDFC,debit,False,,False,,True,insufficient_funds,51,2026-07-22 23:00:00,Wednesday,22.0,False,5.0,5.0,False,8,871.56,1,0.39,2026-07-24 17:42:00,42.7,True
762636609825,cust_WO6gXGKnm0uJ6l,3218.0,INR,card,524104,Axis,debit,False,,False,,True,insufficient_funds,51,2026-06-07 18:00:00,Sunday,7.0,False,2.0,2.0,False,425,1274.53,2,0.21,2026-06-09 07:36:00,37.6,False
198885186202,cust_kqDfz1aMM4wVpr,605.55,INR,upi,,,,False,,False,,False,,,,,,,,,False,234,3872.95,4,,,,True
970081364262,cust_lvVsByN1IOHIEq,1239.63,INR,upi,,,,False,,False,,False,,,,,,,,,False,28,1075.32,1,0.67,,,True
260369805198,cust_wReI1l9RpZZJRQ,1598.3,INR,card,607331,SBI,credit,False,,False,,True,insufficient_funds,51,2026-06-10 13:00:00,Wednesday,10.0,False,4.0,4.0,True,189,1499.34,0,0.55,2026-06-11 11:42:00,22.7,False
027527727493,cust_XSJMC5l6tURnvg,763.52,INR,wallet,,,,True,False,False,,False,,,,,,,,,False,333,2702.92,1,0.83,,,True
736766333343,cust_kSOrrcq5wmo5ah,3113.69,INR,upi,,,,False,,False,,False,,,,,,,,,False,560,2923.95,3,0.19,,,True
728226615253,cust_xXAdzfNUotfg39,1080.03,INR,upi,,,,False,,False,,True,insufficient_funds,51,2026-08-25 23:00:00,Tuesday,25.0,True,2.0,2.0,False,649,630.5,2,0.41,2026-08-26 08:48:00,9.8,True
202790097192,cust_brKNYUirrJ7AFJ,423.0,INR,upi,,,,False,,False,,False,,,,,,,,,False,198,3481.5,3,0.18,,,True
407900632263,cust_TktKjC1SCyaRDc,712.64,INR,card,524104,Axis,credit,True,False,False,,False,,,,,,,,,False,153,3830.66,2,0.18,,,True
200047897592,cust_toEoVgqyaBjAzB,2580.33,INR,card,524104,Axis,credit,False,,False,,False,,,,,,,,,False,63,1428.62,2,0.2,,,True
515716943205,cust_emIGDEq8XqJmFE,1667.16,INR,card,400012,HDFC,credit,False,,False,,True,insufficient_funds,51,2026-06-02 21:00:00,Tuesday,2.0,True,1.0,1.0,False,359,753.05,2,0.31,2026-06-03 01:54:00,4.9,False
050597722931,cust_XNaz8Tch8XLb3h,2659.38,INR,upi,,,,False,,False,,False,,,,,,,,,False,44,2356.61,1,,,,True
412008171350,cust_Z6lCLe6mwVAOHg,2379.42,INR,card,607331,SBI,credit,True,True,False,,False,,,,,,,,,False,299,3958.56,0,,,,False
247580598195,cust_jyf4vtWifL8U8c,1151.13,INR,upi,,,,False,,False,,False,,,,,,,,,False,606,6925.93,1,0.25,,,True
194148878256,cust_zDqCqD0O4MvWzP,1265.9,INR,card,524104,Axis,credit,True,True,False,,False,,,,,,,,,False,70,1355.01,2,,,,False
894470403000,cust_3rZm4usruPt6z2,1027.86,INR,upi,,,,False,,False,,True,insufficient_funds,51,2026-07-08 23:00:00,Wednesday,8.0,False,1.0,1.0,False,177,2705.7,0,0.65,2026-07-10 05:42:00,30.7,True
550349995486,cust_hDNpLgVZk4RP1H,699.06,INR,upi,,,,False,,True,4.0,False,,,,,,,,,False,1085,1733.77,3,0.15,,,False
137268422042,cust_tGgOeD9sF53grX,3911.9,INR,card,508227,ICICI,credit,False,,False,,True,insufficient_funds,51,2026-06-02 06:00:00,Tuesday,2.0,True,1.0,1.0,False,455,4255.57,0,,2026-06-02 07:42:00,1.7,True
109525652546,cust_kbZItNRBebRKsb,980.84,INR,card,400012,HDFC,credit,False,,False,,True,insufficient_funds,51,2026-08-24 12:00:00,Monday,24.0,False,3.0,3.0,True,743,1163.5,2,0.45,2026-08-27 11:06:00,71.1,False
747677627786,cust_uO9CTw0NZAH1w6,375.56,INR,upi,,,,False,,True,10.7,False,,,,,,,,,False,123,5000.18,0,0.02,,,True
263081795145,cust_QmS4rsNe9i9EGv,1619.17,INR,upi,,,,True,False,False,,False,,,,,,,,,False,310,1578.86,0,0.58,,,False
813132344328,cust_gz65P2OHyUkYuO,5028.28,INR,card,400012,HDFC,credit,False,,False,,False,,,,,,,,,False,257,160.57,0,0.42,,,True
256993623176,cust_uIXXKBqy5kL386,1101.72,INR,upi,,,,False,,False,,False,,,,,,,,,False,123,1831.01,2,,,,True
326803159713,cust_9utqIN7joszAGM,2726.83,INR,upi,,,,False,,False,,False,,,,,,,,,False,81,5863.22,1,0.59,,,True
885839048422,cust_a1wBp5Yl1uHmx3,2670.87,INR,upi,,,,True,False,False,,False,,,,,,,,,False,15,1353.27,0,0.54,,,True
696948084046,cust_BnIcDXNUvXuzPF,477.34,INR,upi,,,,False,,False,,False,,,,,,,,,False,606,2546.63,1,0.36,,,True
916011950069,cust_LSOSexYWdFG2uR,1367.3,INR,upi,,,,True,False,False,,False,,,,,,,,,False,69,8488.81,1,0.07,,,False
922386205612,cust_gjo8TtOQSFi2ot,1067.12,INR,netbanking,,,,True,False,False,,False,,,,,,,,,False,355,3182.42,1,,,,True
746542696477,cust_el37QbwxRI0DPn,2352.18,INR,card,524105,Axis,credit,False,,False,,False,,,,,,,,,False,39,381.51,1,0.45,,,True
157170582297,cust_Y442HKjpb9XQEw,1304.52,INR,upi,,,,False,,False,,True,insufficient_funds,51,2026-08-27 00:00:00,Thursday,27.0,True,1.0,1.0,False,545,5555.23,2,,2026-08-27 06:36:00,6.6,True
691413441685,cust_vFQJo2TPRmIzBp,174.3,INR,card,524104,Axis,credit,False,,False,,True,insufficient_funds,51,2026-08-01 21:00:00,Saturday,1.0,True,1.0,1.0,False,692,7049.42,0,0.34,2026-08-02 00:12:00,3.2,True
353585632132,cust_qfpr5bc0GGlw6z,2448.86,INR,upi,,,,False,,False,,False,,,,,,,,,False,53,2824.03,0,,,,True
930690664300,cust_XNaz8Tch8XLb3h,1919.66,INR,card,417612,Kotak,debit,False,,False,,False,,,,,,,,,False,44,2356.61,2,,,,True
099501588004,cust_risZlUDyzN7K8h,566.19,INR,upi,,,,False,,False,,True,insufficient_funds,51,2026-08-12 19:00:00,Wednesday,12.0,False,1.0,1.0,False,29,956.54,0,0.29,2026-08-14 20:18:00,49.3,False
041235162733,cust_MUO2T48wijUMHT,1358.47,INR,netbanking,,,,False,,False,,False,,,,,,,,,False,1074,1316.82,0,,,,True
835368144095,cust_Al9v5dUaW39y6p,1528.98,INR,wallet,,,,False,,False,,False,,,,,,,,,False,259,2960.08,1,0.49,,,True
226129486969,cust_9GDXmVCoHStc8x,405.2,INR,upi,,,,False,,True,31.2,False,,,,,,,,,False,111,5681.42,3,0.35,,,False
692139560719,cust_iVM9WSTpBmKVa9,1010.54,INR,card,508227,ICICI,credit,True,False,False,,False,,,,,,,,,False,109,656.65,2,0.33,,,False
169945245095,cust_TgjgYhMTbM6aaF,564.44,INR,card,607332,SBI,debit,False,,False,,False,,,,,,,,,False,57,1463.32,1,,,,True
468856730532,cust_C0pKWbm2FyLY7Q,2880.66,INR,upi,,,,False,,False,,False,,,,,,,,,False,123,4105.56,1,0.73,,,True
303853692876,cust_x1TrgI98I54Ti6,3571.2,INR,card,607331,SBI,debit,False,,False,,False,,,,,,,,,False,5,556.82,0,0.2,,,True
886628719863,cust_llkV0myrSmFIHS,1205.89,INR,card,417612,Kotak,debit,False,,False,,True,insufficient_funds,51,2026-07-19 19:00:00,Sunday,19.0,False,5.0,5.0,False,397,773.21,1,0.43,2026-07-20 12:24:00,17.4,True
898023926854,cust_Et9rLXoylaJ9aB,5636.54,INR,upi,,,,False,,False,,False,,,,,,,,,False,636,226.85,1,,,,True
383172821420,cust_XTbA1ELnIMFkz5,1356.61,INR,card,607332,SBI,credit,False,,False,,True,insufficient_funds,51,2026-07-03 12:00:00,Friday,3.0,True,3.0,3.0,False,60,1556.14,2,0.25,2026-07-04 10:06:00,22.1,True
170926063200,cust_oBKLYlEEP48Ggt,340.28,INR,card,607331,SBI,credit,True,True,False,,False,,,,,,,,,False,16,6710.28,0,0.13,,,False
134325634708,cust_RUGJzMeAwy4vCL,1103.11,INR,netbanking,,,,False,,False,,True,insufficient_funds,51,2026-07-04 16:00:00,Saturday,4.0,True,1.0,1.0,False,341,2700.8,0,0.75,2026-07-05 01:54:00,9.9,True
050296107185,cust_NwxBI1Wx2w0LZr,872.33,INR,netbanking,,,,False,,False,,True,insufficient_funds,51,2026-07-28 17:00:00,Tuesday,28.0,True,2.0,2.0,False,176,7939.09,3,0.52,2026-07-29 04:18:00,11.3,False
313992259638,cust_IgjLSXX1wtiaeD,424.86,INR,card,607331,SBI,debit,False,,False,,True,insufficient_funds,51,2026-08-02 11:00:00,Sunday,2.0,True,4.0,4.0,False,480,1449.87,1,,2026-08-05 01:12:00,62.2,True
579553976979,cust_UPjdFWu2oi10KW,1415.21,INR,upi,,,,False,,False,,True,insufficient_funds,51,2026-06-21 14:00:00,Sunday,21.0,False,1.0,1.0,False,145,595.59,1,0.12,2026-06-21 23:00:00,9.0,False
819561153673,cust_eLU6Pq5YhRjGHz,2289.17,INR,upi,,,,True,False,False,,False,,,,,,,,,False,309,1359.85,2,0.37,,,False
638710248935,cust_Qwca79isJS8jhu,480.1,INR,upi,,,,False,,False,,False,,,,,,,,,False,115,2855.6,3,0.57,,,True
719182057504,cust_IY1pkViF2sz558,521.75,INR,card,524105,Axis,credit,True,False,False,,False,,,,,,,,,False,937,5497.84,3,0.6,,,False
083856586603,cust_QOKTLt7pkk49bA,1235.29,INR,upi,,,,False,,False,,False,,,,,,,,,False,110,146.84,0,,,,True
010920324275,cust_bbSKeUUtphVk7x,836.73,INR,card,607332,SBI,debit,False,,False,,False,,,,,,,,,False,113,1267.55,0,,,,True
642216880985,cust_nSD2O6nZVoUkr0,3167.3,INR,card,607332,SBI,debit,False,,False,,True,insufficient_funds,51,2026-07-22 02:00:00,Wednesday,22.0,False,4.0,4.0,True,164,2412.54,0,,2026-07-23 17:36:00,39.6,False
207815460413,cust_yI8rocHeCRXzFR,2130.29,INR,upi,,,,True,False,False,,False,,,,,,,,,False,739,1435.52,0,,,,False
042533250812,cust_1WvheaiqG3O1MZ,1391.56,INR,card,508227,ICICI,debit,False,,False,,False,,,,,,,,,False,1,1231.77,2,0.63,,,True
668255856358,cust_brKNYUirrJ7AFJ,267.53,INR,card,524105,Axis,credit,True,True,False,,False,,,,,,,,,False,198,3481.5,1,0.18,,,False
255057652502,cust_S82v3fav7YBf52,307.44,INR,card,508228,ICICI,debit,False,,False,,True,insufficient_funds,51,2026-08-28 04:00:00,Friday,28.0,True,3.0,3.0,True,486,209.48,2,,2026-08-29 21:24:00,41.4,False
774524418585,cust_ShfK6Josl0izBC,1655.57,INR,upi,,,,False,,False,,False,,,,,,,,,False,69,5484.11,0,0.04,,,True
221154020154,cust_toEoVgqyaBjAzB,1206.14,INR,card,417612,Kotak,debit,True,False,False,,False,,,,,,,,,False,63,1428.62,0,0.2,,,False
692305155820,cust_OSf3wDvQTYbY4Q,2260.32,INR,upi,,,,True,True,False,,False,,,,,,,,,False,123,2589.28,1,0.54,,,True
079395018291,cust_fUupBvepriCkMk,3124.91,INR,netbanking,,,,False,,False,,True,insufficient_funds,51,2026-06-29 15:00:00,Monday,29.0,True,1.0,1.0,False,136,3639.87,1,0.11,2026-06-29 21:12:00,6.2,True
270813296220,cust_Nde3I5cYIsn8MH,406.06,INR,netbanking,,,,True,True,False,,False,,,,,,,,,False,112,3194.99,1,0.63,,,False
787512419947,cust_2EEBfBkZk4ih9d,1273.53,INR,upi,,,,False,,False,,True,insufficient_funds,51,2026-07-04 22:00:00,Saturday,4.0,True,4.0,4.0,True,11,5067.97,1,0.11,2026-07-05 02:48:00,4.8,False
418502813064,cust_hgjPi6tqweUzX6,1500.67,INR,upi,,,,True,True,False,,False,,,,,,,,,False,138,384.34,2,0.76,,,False
175052037546,cust_XDWUGcrs3Il1Rr,1801.85,INR,upi,,,,False,,False,,False,,,,,,,,,False,60,2894.92,1,0.38,,,True
589043326006,cust_ss2g3k7kUczkoN,1373.91,INR,card,508228,ICICI,debit,False,,False,,False,,,,,,,,,False,30,1290.63,0,0.26,,,True
838225660355,cust_Cudo4LkneFVUp1,2412.09,INR,upi,,,,False,,False,,False,,,,,,,,,False,587,6873.93,0,0.3,,,True
544107581884,cust_ZnMrePoAuvGaK7,1434.11,INR,upi,,,,False,,True,60.6,False,,,,,,,,,False,668,5649.38,3,0.72,,,False
051254828849,cust_ddWhQkixFKoj1n,2775.5,INR,card,607332,SBI,credit,False,,False,,True,insufficient_funds,51,2026-06-09 23:00:00,Tuesday,9.0,False,3.0,3.0,True,157,5977.99,1,0.68,2026-06-11 00:12:00,25.2,False
417065281436,cust_NwxBI1Wx2w0LZr,4691.32,INR,card,508227,ICICI,credit,False,,False,,False,,,,,,,,,False,176,7939.09,4,0.52,,,True
937732545732,cust_2auymlajXnDKCf,269.39,INR,card,508228,ICICI,credit,False,,False,,False,,,,,,,,,False,191,3549.05,0,0.28,,,True
877536569017,cust_GOVDUx6wmvmjFD,302.04,INR,netbanking,,,,False,,True,43.8,False,,,,,,,,,False,22,8501.49,2,0.06,,,False
001352688310,cust_1uAEiMLZQXkneo,1252.84,INR,upi,,,,False,,False,,True,insufficient_funds,51,2026-07-11 18:00:00,Saturday,11.0,False,2.0,2.0,False,297,1951.28,2,0.67,2026-07-12 12:36:00,18.6,False
898742793465,cust_toEoVgqyaBjAzB,1559.74,INR,upi,,,,True,True,False,,False,,,,,,,,,False,63,1428.62,0,0.2,,,False
111546418282,cust_F6oz6nrH1Io3j7,595.38,INR,upi,,,,False,,False,,False,,,,,,,,,False,94,4823.15,2,,,,True
482058896687,cust_LZiOJIrADwGpkA,2188.86,INR,upi,,,,False,,False,,False,,,,,,,,,False,392,163.04,1,0.38,,,True
430864695148,cust_z8Apb4mm7qT46X,486.21,INR,card,508228,ICICI,debit,False,,False,,True,insufficient_funds,51,2026-06-24 12:00:00,Wednesday,24.0,False,2.0,2.0,False,303,1729.96,1,0.53,2026-06-26 23:48:00,59.8,False
462262554242,cust_jhs64K2K59Ye67,102.68,INR,card,508228,ICICI,credit,True,False,False,,False,,,,,,,,,False,25,975.87,0,,,,True
871879766522,cust_CJI1zjRPKGPnuE,888.67,INR,card,524105,Axis,credit,True,True,False,,False,,,,,,,,,False,10,6857.9,1,,,,True
830396159890,cust_jZ0km38ur8xQW3,443.48,INR,upi,,,,True,True,False,,False,,,,,,,,,False,171,1917.61,1,,,,False
434439470720,cust_VZofJNzMLx0059,544.91,INR,card,508228,ICICI,credit,True,True,False,,False,,,,,,,,,False,374,1557.33,0,,,,True
969232856421,cust_UpgTK4VVvsnqlL,727.97,INR,upi,,,,False,,False,,True,insufficient_funds,51,2026-07-18 11:00:00,Saturday,18.0,False,3.0,3.0,True,268,1339.72,0,0.35,2026-07-20 03:12:00,40.2,False
512609723057,cust_eWR4rMMyY1jeio,648.84,INR,upi,,,,False,,False,,False,,,,,,,,,False,271,7144.99,2,0.41,,,True
819186474822,cust_YkG58E8Uk9HzsR,3871.42,INR,card,400012,HDFC,credit,False,,False,,False,,,,,,,,,False,795,3281.67,0,,,,True
708172752753,cust_hWuZUFKd5ET3by,3612.17,INR,card,417612,Kotak,debit,False,,False,,False,,,,,,,,,False,7,3472.94,0,0.16,,,True
195510303957,cust_wYJkv0Q30zKuAp,777.47,INR,card,417612,Kotak,debit,True,False,False,,False,,,,,,,,,False,319,3009.05,3,0.43,,,False
911839903754,cust_4CnEFxsRuYiTlY,553.24,INR,upi,,,,False,,False,,True,insufficient_funds,51,2026-08-25 12:00:00,Tuesday,25.0,True,5.0,5.0,True,148,5283.8,0,,2026-08-26 11:48:00,23.8,False
284339523960,cust_D9n1Qs3SJv3xxl,640.5,INR,upi,,,,False,,False,,False,,,,,,,,,False,104,2612.04,1,0.36,,,True
807551515232,cust_kgYQeab5e8zIHs,983.98,INR,card,508228,ICICI,debit,True,False,False,,False,,,,,,,,,False,39,738.89,2,0.68,,,False
047785008343,cust_LyGb0KVaW1MLCY,1167.24,INR,card,508227,ICICI,credit,False,,False,,False,,,,,,,,,False,920,2337.0,1,0.33,,,True
342719499191,cust_1yArGbBMhMgQdt,1722.13,INR,card,607331,SBI,debit,True,False,False,,False,,,,,,,,,False,904,962.59,0,,,,True
370972751092,cust_Cltph8lqfSI2Ut,1727.34,INR,upi,,,,False,,False,,True,insufficient_funds,51,2026-07-23 13:00:00,Thursday,23.0,False,4.0,4.0,True,181,3419.12,3,,2026-07-24 19:06:00,30.1,False
858456925742,cust_R3yelmYrbpNnH3,882.06,INR,card,524104,Axis,credit,False,,False,,True,insufficient_funds,51,2026-08-07 17:00:00,Friday,7.0,False,1.0,1.0,False,340,5289.17,0,,2026-08-17 03:36:00,226.6,False
123781114095,cust_DnnxIYmTFJg8zv,864.14,INR,upi,,,,False,,False,,True,insufficient_funds,51,2026-07-08 17:00:00,Wednesday,8.0,False,1.0,1.0,False,47,5678.03,1,0.18,2026-07-10 08:30:00,39.5,True
447859360814,cust_aTZsQEXf3Lx87E,607.66,INR,netbanking,,,,False,,True,7.3,False,,,,,,,,,False,371,2823.81,1,0.11,,,True
478692077159,cust_XNaz8Tch8XLb3h,1257.3,INR,card,607331,SBI,debit,False,,False,,False,,,,,,,,,False,44,2356.61,5,,,,True
988305872236,cust_yxZenPoswE9dYf,1511.24,INR,card,607332,SBI,credit,False,,False,,True,insufficient_funds,51,2026-08-03 08:00:00,Monday,3.0,True,2.0,2.0,False,238,2135.92,0,0.66,2026-08-03 22:54:00,14.9,True
876610552093,cust_rdS4OTEL3IAdUL,592.68,INR,upi,,,,False,,False,,False,,,,,,,,,False,96,284.78,1,0.24,,,True
953261798870,cust_26ieH9dGOzLvxO,1810.48,INR,upi,,,,False,,False,,False,,,,,,,,,False,277,9090.53,1,0.9,,,True
098615133737,cust_tKWM7gxKhytLDM,254.33,INR,card,524104,Axis,debit,False,,False,,False,,,,,,,,,False,71,3701.91,1,0.54,,,True
594896281845,cust_2auymlajXnDKCf,2041.65,INR,card,607331,SBI,debit,False,,False,,False,,,,,,,,,False,191,3549.05,2,0.28,,,True
675494874595,cust_XB0LNxV2rRA6Fs,1744.24,INR,upi,,,,False,,False,,False,,,,,,,,,False,52,3167.22,1,,,,True
866221986096,cust_1UJ3A1IIPKoBAw,282.41,INR,upi,,,,True,True,False,,False,,,,,,,,,False,292,439.48,1,0.76,,,False
972097842412,cust_Ysq16cjjgKXu5I,3409.96,INR,netbanking,,,,False,,False,,True,insufficient_funds,51,2026-07-06 19:00:00,Monday,6.0,False,1.0,1.0,False,741,3591.61,1,0.34,2026-07-13 07:48:00,156.8,True
181380610330,cust_ME8DANyLGMkg1v,1177.13,INR,card,524104,Axis,credit,False,,False,,False,,,,,,,,,False,78,5547.06,3,0.21,,,True
060555117196,cust_gDP0cxp9k63lsf,174.78,INR,card,607332,SBI,credit,False,,False,,False,,,,,,,,,False,99,2433.73,2,0.15,,,True
327804851117,cust_H0x9ZUinAMRwTf,1244.76,INR,card,417612,Kotak,debit,False,,False,,False,,,,,,,,,False,392,2213.79,0,0.33,,,True
270175219603,cust_8XG5KtTyegr1il,549.56,INR,upi,,,,False,,False,,True,insufficient_funds,51,2026-06-27 03:00:00,Saturday,27.0,True,5.0,5.0,True,314,3806.77,1,0.12,2026-06-27 11:54:00,8.9,False
822029436296,cust_LSOSexYWdFG2uR,782.05,INR,upi,,,,True,False,False,,False,,,,,,,,,False,69,8488.81,0,,,,False
167698794933,cust_cpWDhNaNQzUjje,2191.37,INR,upi,,,,False,,False,,False,,,,,,,,,False,202,1164.05,1,,,,True
131032053327,cust_t3IiTY0bFDnkN6,386.01,INR,netbanking,,,,False,,False,,False,,,,,,,,,False,171,1422.94,0,0.06,,,True
133770002349,cust_3el9565hYbHiUW,491.43,INR,wallet,,,,False,,False,,True,insufficient_funds,51,2026-07-25 15:00:00,Saturday,25.0,True,3.0,3.0,True,67,397.97,0,0.1,2026-07-26 05:12:00,14.2,False
845969276460,cust_1WvheaiqG3O1MZ,1945.59,INR,upi,,,,False,,False,,False,,,,,,,,,False,1,1231.77,1,0.63,,,True
089335912070,cust_E5dV3Q6q4eMt2M,1819.86,INR,card,400012,HDFC,debit,False,,False,,False,,,,,,,,,False,23,2089.36,0,0.43,,,True
260257004000,cust_pQzF3VuKVZdqJr,3051.34,INR,card,508227,ICICI,credit,False,,False,,True,insufficient_funds,51,2026-08-14 05:00:00,Friday,14.0,False,3.0,3.0,False,574,3126.32,0,,2026-08-16 12:18:00,55.3,True
774136571600,cust_Ff0RIR1AGKkJby,1685.82,INR,card,508228,ICICI,debit,False,,False,,False,,,,,,,,,False,710,2637.51,0,,,,True
012351128490,cust_PhetW4Ns6wSogQ,980.61,INR,netbanking,,,,False,,False,,False,,,,,,,,,False,365,5763.02,1,0.22,,,True
874437319009,cust_OoWF0fnw5GECMM,950.09,INR,upi,,,,False,,False,,True,insufficient_funds,51,2026-08-13 23:00:00,Thursday,13.0,False,5.0,5.0,True,152,5718.42,4,0.16,2026-08-14 20:18:00,21.3,False
264862427757,cust_yoWENSl8Gh90K7,597.16,INR,card,400012,HDFC,debit,True,False,False,,False,,,,,,,,,False,245,9187.09,2,0.57,,,False
995432170947,cust_NaQNpUcpvjV21J,2661.63,INR,upi,,,,False,,False,,False,,,,,,,,,False,696,2266.96,1,,,,True
045661245249,cust_I0ASFXAFPQJscB,1004.11,INR,upi,,,,False,,False,,True,insufficient_funds,51,2026-07-11 13:00:00,Saturday,11.0,False,1.0,1.0,False,472,2018.43,1,0.17,2026-07-12 00:54:00,11.9,False
284920553896,cust_OREOGRnWWMQ6ol,1477.52,INR,upi,,,,True,False,False,,False,,,,,,,,,False,183,1320.31,1,,,,False
312175218793,cust_pEz1BWEEjyJLuu,303.12,INR,upi,,,,True,False,False,,False,,,,,,,,,False,450,1915.57,3,0.4,,,False
610734569128,cust_ULGkEwMjnPasbP,328.16,INR,card,508227,ICICI,debit,False,,False,,True,insufficient_funds,51,2026-08-23 10:00:00,Sunday,23.0,False,4.0,4.0,True,271,5502.77,1,0.24,2026-08-23 23:48:00,13.8,False
624421475880,cust_OEC1WgRSxKrBjL,1052.47,INR,upi,,,,True,True,False,,False,,,,,,,,,False,21,3844.83,2,,,,False
381377569683,cust_VyZ11OolAwXSCh,2838.21,INR,upi,,,,True,True,False,,False,,,,,,,,,False,298,2446.01,2,0.14,,,False
705426850528,cust_qZXhdJrnSppQlI,649.53,INR,card,607332,SBI,debit,False,,False,,False,,,,,,,,,False,628,7557.1,1,0.56,,,True
486848549301,cust_H7H1iWTsimoYUz,1707.76,INR,upi,,,,True,False,False,,False,,,,,,,,,False,280,1994.16,1,0.13,,,False
415288156761,cust_fvR9qH8YxV6uMf,3068.21,INR,upi,,,,True,True,False,,False,,,,,,,,,False,15,750.61,1,0.29,,,False
333451595949,cust_KdgFcw3dTuWmdX,1003.48,INR,upi,,,,False,,False,,False,,,,,,,,,False,886,471.91,1,0.16,,,True
633653470614,cust_vFQJo2TPRmIzBp,444.88,INR,netbanking,,,,False,,False,,False,,,,,,,,,False,692,7049.42,1,0.34,,,True
120123510477,cust_ZOpVqS74BFXZRS,3344.8,INR,wallet,,,,False,,False,,True,insufficient_funds,51,2026-08-11 14:00:00,Tuesday,11.0,False,2.0,2.0,False,60,1126.33,1,0.23,2026-08-14 01:24:00,59.4,False
560893168482,cust_FpLIUPQOu7SsAo,2338.09,INR,upi,,,,False,,False,,False,,,,,,,,,False,197,1396.34,0,0.17,,,True
245936877035,cust_GOVDUx6wmvmjFD,57.9,INR,card,417612,Kotak,debit,False,,False,,False,,,,,,,,,False,22,8501.49,1,,,,True
049572866860,cust_Tgg2076zs0iewq,381.77,INR,card,400012,HDFC,credit,True,False,False,,False,,,,,,,,,False,80,758.96,0,,,,False
864445770190,cust_geaqo7NDCQEGOm,1347.26,INR,netbanking,,,,False,,True,87.9,False,,,,,,,,,False,608,7177.44,1,0.64,,,True
297530634445,cust_taRevPJfPv19Py,2126.16,INR,upi,,,,False,,False,,False,,,,,,,,,False,216,2195.08,0,0.67,,,True
899263452652,cust_fvLFuh2zqSqqFj,618.37,INR,upi,,,,True,False,False,,False,,,,,,,,,False,518,1681.91,1,,,,False
118005240808,cust_FDUO4967luCPmS,3466.76,INR,upi,,,,False,,False,,False,,,,,,,,,False,725,3619.08,1,,,,True
189054730595,cust_8gRGMOLAhR8irH,1009.46,INR,wallet,,,,False,,False,,True,insufficient_funds,51,2026-07-31 01:00:00,Friday,31.0,True,3.0,3.0,True,153,2301.91,0,0.29,2026-07-31 20:00:00,19.0,False
801282452525,cust_MrfzxFvQcBHoLI,885.06,INR,upi,,,,False,,False,,False,,,,,,,,,False,1357,967.48,2,0.3,,,True
489147442215,cust_OmOt7UtML9WEBH,5453.08,INR,upi,,,,False,,False,,True,insufficient_funds,51,2026-08-02 09:00:00,Sunday,2.0,True,2.0,2.0,False,177,2680.78,0,0.18,2026-08-02 10:42:00,1.7,False
236599999208,cust_OKorPj3MiTZent,494.1,INR,card,417612,Kotak,debit,False,,False,,False,,,,,,,,,False,349,444.01,0,0.69,,,True
604622486338,cust_oSzwmDNiJXgLbr,1768.0,INR,card,508227,ICICI,debit,False,,False,,True,insufficient_funds,51,2026-06-22 00:00:00,Monday,22.0,False,2.0,2.0,False,151,1049.77,2,0.47,2026-06-23 03:48:00,27.8,False
106721486769,cust_WSGAi1UtWwgXoN,1236.15,INR,card,508228,ICICI,credit,True,False,False,,False,,,,,,,,,False,433,2249.12,3,0.35,,,False
025983186025,cust_t7GWo8tXRoSCHI,1306.67,INR,card,508228,ICICI,debit,False,,False,,False,,,,,,,,,False,182,2066.46,2,0.24,,,True
687656496061,cust_lXNGFsbtXmXhQ2,2908.83,INR,wallet,,,,True,False,False,,False,,,,,,,,,False,174,1779.85,1,0.62,,,False
487004177217,cust_YLzE7R3Ht6Jbpv,1445.52,INR,upi,,,,False,,False,,True,insufficient_funds,51,2026-07-04 00:00:00,Saturday,4.0,True,1.0,1.0,False,74,5062.43,2,,2026-07-04 01:42:00,1.7,False
006493767582,cust_cXoalVfd51dVL5,1168.95,INR,upi,,,,False,,False,,False,,,,,,,,,False,407,1176.16,2,,,,True
258737144235,cust_QQb9R4eH0c3bFq,2812.94,INR,upi,,,,False,,False,,True,insufficient_funds,51,2026-07-17 03:00:00,Friday,17.0,False,5.0,5.0,True,685,1545.53,0,,2026-07-17 05:06:00,2.1,False
698843701393,cust_S82v3fav7YBf52,1170.53,INR,card,400013,HDFC,debit,False,,False,,False,,,,,,,,,False,486,209.48,0,0.37,,,True
085437794439,cust_mbIlC5vLNTj6V6,1380.26,INR,upi,,,,False,,True,0.2,False,,,,,,,,,False,528,2834.18,1,,,,False
522706018842,cust_LrjOwCuryXpy8e,776.67,INR,card,417612,Kotak,debit,False,,False,,False,,,,,,,,,False,1281,1421.72,1,,,,True
823972254531,cust_8Coq4eRlXGnRW5,3690.5,INR,card,508228,ICICI,credit,False,,False,,True,insufficient_funds,51,2026-08-06 19:00:00,Thursday,6.0,False,4.0,4.0,True,1042,3602.79,2,0.29,2026-08-08 02:48:00,31.8,False
679170888788,cust_vkRy2pdKw9FxJK,1793.81,INR,card,508228,ICICI,debit,True,False,False,,False,,,,,,,,,False,29,5304.99,2,0.37,,,False
727265285046,cust_NNbBUqZKcHmBYi,623.57,INR,card,607332,SBI,credit,True,False,False,,False,,,,,,,,,False,359,2600.78,1,0.24,,,False
320971856105,cust_9yAErgotKXrML6,687.1,INR,card,607331,SBI,credit,True,False,False,,False,,,,,,,,,False,163,2431.26,0,0.08,,,False
595847620473,cust_ddbrTSyH0opK9P,1009.84,INR,card,417612,Kotak,credit,False,,False,,False,,,,,,,,,False,90,5263.88,0,,,,True
457832128900,cust_ZvZ8Vx8vBrMsSX,1725.37,INR,card,417612,Kotak,debit,False,,False,,False,,,,,,,,,False,128,7464.92,2,0.42,,,True
866672963042,cust_UzdJQT9lhzo7lH,288.58,INR,upi,,,,False,,False,,False,,,,,,,,,False,577,2788.69,3,0.51,,,True
775916379066,cust_9wha4cAczR8A5d,2232.55,INR,netbanking,,,,False,,False,,True,insufficient_funds,51,2026-08-10 20:00:00,Monday,10.0,False,1.0,1.0,False,679,4323.99,1,0.54,2026-08-14 10:42:00,86.7,False
901156335971,cust_cvsJ5PA1vfBfDI,1104.73,INR,wallet,,,,False,,False,,False,,,,,,,,,False,161,945.6,2,,,,True
926820404399,cust_d7wwjskKmm0JqB,2581.84,INR,card,417612,Kotak,debit,False,,False,,True,insufficient_funds,51,2026-06-13 23:00:00,Saturday,13.0,False,3.0,3.0,True,273,5451.3,1,,2026-06-19 03:42:00,124.7,False
340832968358,cust_tGgOeD9sF53grX,333.93,INR,netbanking,,,,True,False,False,,False,,,,,,,,,False,455,4255.57,0,0.2,,,False
724766705540,cust_aWfV0yG7nzrbt7,1614.38,INR,card,400012,HDFC,debit,False,,False,,False,,,,,,,,,False,234,6178.83,0,,,,True
026149057569,cust_8ee5gxtElyhTEo,2651.28,INR,netbanking,,,,True,False,False,,False,,,,,,,,,False,153,4456.87,2,0.45,,,False
630981533536,cust_CxXOoO7I22zx1E,127.77,INR,wallet,,,,False,,False,,False,,,,,,,,,False,147,2409.14,3,,,,True
324695059135,cust_Ir1HNdu6W7lZHj,600.2,INR,card,524104,Axis,credit,False,,False,,False,,,,,,,,,False,163,1990.81,3,0.26,,,True
115088656877,cust_DgHbevCwtjE85X,2479.93,INR,card,417612,Kotak,credit,False,,False,,True,insufficient_funds,51,2026-08-12 21:00:00,Wednesday,12.0,False,2.0,2.0,False,28,2797.18,0,,2026-08-14 21:42:00,48.7,False
061319776610,cust_1uAEiMLZQXkneo,1655.19,INR,card,417612,Kotak,credit,False,,False,,True,insufficient_funds,51,2026-08-18 12:00:00,Tuesday,18.0,False,2.0,2.0,False,297,1951.28,4,,2026-08-19 04:06:00,16.1,False
495740227079,cust_uiKt8jpLyOCLzM,3110.85,INR,card,607332,SBI,debit,True,True,False,,False,,,,,,,,,False,146,3622.6,2,0.51,,,False
247708048518,cust_CxXOoO7I22zx1E,1602.39,INR,card,607332,SBI,credit,False,,False,,False,,,,,,,,,False,147,2409.14,1,0.23,,,True
121669536328,cust_jyf4vtWifL8U8c,101.04,INR,upi,,,,True,False,False,,False,,,,,,,,,False,606,6925.93,1,,,,False
407392197176,cust_BCzVuB3VGVWVoP,3601.74,INR,upi,,,,False,,False,,False,,,,,,,,,False,10,5333.73,3,,,,True
915951833143,cust_ShARajocbNd3xK,761.2,INR,card,607332,SBI,debit,False,,False,,True,insufficient_funds,51,2026-08-25 00:00:00,Tuesday,25.0,True,2.0,2.0,False,374,1309.24,1,,2026-08-25 17:54:00,17.9,False
021422951649,cust_byLDLvQ3Zmm1KS,5640.51,INR,upi,,,,True,False,False,,False,,,,,,,,,False,101,3956.86,1,0.37,,,False
054752646181,cust_ULGkEwMjnPasbP,2528.91,INR,upi,,,,False,,False,,False,,,,,,,,,False,271,5502.77,2,0.24,,,True
740682355051,cust_EKOTSQnQb1Wk7Z,1715.96,INR,card,524104,Axis,debit,False,,False,,False,,,,,,,,,False,182,1519.26,0,0.57,,,True
366196996638,cust_OmOt7UtML9WEBH,1719.43,INR,netbanking,,,,False,,False,,False,,,,,,,,,False,177,2680.78,0,0.18,,,True
535395547445,cust_XB0LNxV2rRA6Fs,589.64,INR,netbanking,,,,False,,False,,True,insufficient_funds,51,2026-07-26 04:00:00,Sunday,26.0,True,1.0,1.0,False,52,3167.22,0,,2026-07-26 09:54:00,5.9,False
881536119097,cust_RUGJzMeAwy4vCL,771.25,INR,card,417612,Kotak,credit,False,,False,,True,insufficient_funds,51,2026-06-27 23:00:00,Saturday,27.0,True,1.0,1.0,False,341,2700.8,0,0.75,2026-06-28 06:24:00,7.4,False
635692392467,cust_JdB6HO2e7kZ0Rl,2286.08,INR,upi,,,,False,,False,,True,insufficient_funds,51,2026-08-26 06:00:00,Wednesday,26.0,True,5.0,5.0,False,847,2788.16,1,0.33,2026-08-27 02:30:00,20.5,True
038582333354,cust_oBKLYlEEP48Ggt,1098.63,INR,wallet,,,,False,,False,,False,,,,,,,,,False,16,6710.28,2,0.13,,,True
333853723576,cust_0cpnlBwPHjEvMN,2295.29,INR,upi,,,,True,True,False,,False,,,,,,,,,False,173,406.69,3,0.81,,,False
784734514637,cust_1DS7IQXJVZEgET,2781.37,INR,card,607332,SBI,debit,False,,False,,False,,,,,,,,,False,183,1528.54,4,,,,True
630056767259,cust_8h6H8L7QGatTlf,1848.51,INR,wallet,,,,False,,False,,False,,,,,,,,,False,693,2122.16,1,0.34,,,True
410772153901,cust_HfjwNhhfm2IQd9,1855.57,INR,netbanking,,,,False,,False,,False,,,,,,,,,False,104,1058.46,0,,,,True
084852768507,cust_pCnRaUxvCt5Kwe,1320.37,INR,card,417612,Kotak,debit,False,,False,,True,insufficient_funds,51,2026-06-18 04:00:00,Thursday,18.0,False,2.0,2.0,False,786,2507.93,0,0.16,2026-06-20 23:54:00,67.9,False
546652036526,cust_vbYodhIYxh7Ip4,1256.88,INR,card,400012,HDFC,credit,False,,False,,True,insufficient_funds,51,2026-06-08 05:00:00,Monday,8.0,False,3.0,3.0,True,63,3062.31,3,,2026-06-09 08:18:00,27.3,False
559116685080,cust_eHV1Zjj3wdslvf,918.57,INR,card,400013,HDFC,credit,True,True,False,,False,,,,,,,,,False,164,1868.8,3,,,,False
298981450218,cust_XTbA1ELnIMFkz5,1666.55,INR,card,508227,ICICI,credit,True,False,False,,False,,,,,,,,,False,60,1556.14,2,0.25,,,False
593465891972,cust_bmSkjWTaAPNtb0,1466.48,INR,card,417612,Kotak,debit,False,,False,,True,insufficient_funds,51,2026-08-13 04:00:00,Thursday,13.0,False,2.0,2.0,False,339,5600.48,0,,2026-08-15 16:48:00,60.8,False
135439486109,cust_sid1U7A67H9dPl,1603.97,INR,upi,,,,False,,False,,False,,,,,,,,,False,288,2548.02,3,0.23,,,True
945582281151,cust_XRVkdpGDuAk9Gg,3051.56,INR,card,417612,Kotak,debit,False,,False,,False,,,,,,,,,False,157,1302.23,0,0.37,,,True
806594797248,cust_QThIOrrDZhZMa4,2677.63,INR,card,607332,SBI,credit,False,,False,,False,,,,,,,,,False,572,4326.84,1,,,,True
822932788181,cust_ERj5scPyYlj6am,3757.15,INR,card,524104,Axis,credit,False,,False,,False,,,,,,,,,False,449,2234.53,1,,,,True
094510299182,cust_wWNvtScfYfp0ym,1181.53,INR,card,524104,Axis,debit,False,,False,,False,,,,,,,,,False,91,4028.08,0,,,,True
059471259844,cust_QdbIwoX9inIQWP,448.01,INR,netbanking,,,,False,,True,55.9,False,,,,,,,,,False,393,5869.08,1,0.16,,,False
221325533518,cust_FfnUyupNMBPd0E,1087.6,INR,card,607331,SBI,credit,False,,False,,False,,,,,,,,,False,30,4799.45,0,,,,True
747340098223,cust_E11mfcix3byoTd,1211.39,INR,upi,,,,True,False,False,,False,,,,,,,,,False,197,1438.25,3,0.27,,,False
078621585220,cust_eHV1Zjj3wdslvf,1534.88,INR,upi,,,,False,,False,,True,insufficient_funds,51,2026-06-07 15:00:00,Sunday,7.0,False,1.0,1.0,False,164,1868.8,0,0.48,2026-06-08 08:36:00,17.6,False
484192780684,cust_liFLzD3gDOkkch,1860.22,INR,netbanking,,,,False,,True,70.5,False,,,,,,,,,False,69,4481.02,0,,,,True
574653988437,cust_wUZod8mJC54Bly,1772.09,INR,card,607332,SBI,credit,False,,False,,True,insufficient_funds,51,2026-06-16 03:00:00,Tuesday,16.0,False,2.0,2.0,False,1273,926.65,3,,2026-06-16 05:54:00,2.9,False
006516333191,cust_dcUqrPuBHZYeCg,2346.14,INR,card,508228,ICICI,credit,False,,False,,False,,,,,,,,,False,74,2033.57,0,0.41,,,True
059409979423,cust_TJcJ1H8ZgAbzHb,1973.29,INR,upi,,,,False,,True,5.1,False,,,,,,,,,False,437,2921.29,0,,,,False
805174646252,cust_z3wogWCgOxwXkt,2880.17,INR,card,524104,Axis,credit,True,False,False,,False,,,,,,,,,False,447,4637.58,1,,,,False
447400518070,cust_354ykuVzaattDG,1646.3,INR,card,400014,HDFC,credit,False,,False,,True,insufficient_funds,51,2026-08-20 23:00:00,Thursday,20.0,False,3.0,3.0,True,179,3696.47,2,0.41,2026-08-29 18:00:00,211.0,False
781270725133,cust_KfbL6o7tdWNeDW,3493.39,INR,upi,,,,False,,False,,True,insufficient_funds,51,2026-08-06 14:00:00,Thursday,6.0,False,1.0,1.0,False,186,2782.75,3,0.6,2026-08-14 02:00:00,180.0,False
995985053183,cust_6Kh63OyMsEGyLH,1275.14,INR,card,400012,HDFC,credit,True,True,False,,False,,,,,,,,,False,110,4464.8,2,0.74,,,False
873764040412,cust_j5EwB6pQ8McFI5,1135.36,INR,upi,,,,True,True,False,,False,,,,,,,,,False,52,5673.01,4,0.02,,,False
176879925523,cust_PHm4Ze4nW3TEbp,849.53,INR,upi,,,,False,,False,,False,,,,,,,,,False,149,1094.25,1,0.29,,,True
271495083231,cust_c2wmgaZJkv65iG,3331.8,INR,upi,,,,False,,False,,False,,,,,,,,,False,239,3797.95,1,0.18,,,True
702319408071,cust_nqaHIRsy1W8DbZ,859.95,INR,card,400012,HDFC,credit,False,,False,,False,,,,,,,,,False,284,7492.77,0,0.54,,,True
844371441222,cust_CezIwrFJbanEvc,1212.13,INR,upi,,,,False,,False,,False,,,,,,,,,False,249,4959.12,0,0.7,,,True
817756884261,cust_BcTEAiGI8WvzZh,888.82,INR,card,508228,ICICI,debit,False,,False,,False,,,,,,,,,False,28,2187.83,1,0.33,,,True
679066182895,cust_fUupBvepriCkMk,2901.17,INR,card,524105,Axis,debit,False,,False,,False,,,,,,,,,False,136,3639.87,0,0.11,,,True
128292253896,cust_3rPc6n5Ra4vUKE,386.24,INR,netbanking,,,,False,,False,,True,insufficient_funds,51,2026-06-28 23:00:00,Sunday,28.0,True,1.0,1.0,False,275,2877.11,2,,2026-06-29 01:06:00,2.1,False
489298415583,cust_IMlGZ9SMCB2WJz,937.46,INR,card,524104,Axis,credit,False,,False,,True,insufficient_funds,51,2026-06-05 06:00:00,Friday,5.0,True,4.0,4.0,True,144,3560.36,0,0.41,2026-06-06 01:06:00,19.1,False
442662824798,cust_Ze9J2Ol74sZvns,875.7,INR,card,400014,HDFC,credit,True,False,False,,False,,,,,,,,,False,175,824.93,0,0.36,,,False
420527706973,cust_HjTQLcbc7d0ND6,1504.17,INR,card,400013,HDFC,credit,False,,False,,True,insufficient_funds,51,2026-06-06 04:00:00,Saturday,6.0,False,4.0,4.0,True,34,6161.67,1,0.51,2026-06-10 10:18:00,102.3,False
900519552120,cust_HMukeuXHDcZeZO,319.24,INR,wallet,,,,True,False,False,,False,,,,,,,,,False,51,3156.84,3,0.45,,,False
506166611111,cust_ZvZ8Vx8vBrMsSX,3067.38,INR,card,607332,SBI,credit,False,,False,,True,insufficient_funds,51,2026-06-28 13:00:00,Sunday,28.0,True,1.0,1.0,False,128,7464.92,1,0.42,2026-06-29 21:36:00,32.6,False
254284775692,cust_liFLzD3gDOkkch,3803.11,INR,upi,,,,False,,True,26.7,False,,,,,,,,,False,69,4481.02,1,,,,False
688207371868,cust_FUzBK4RSIHGTBL,863.0,INR,upi,,,,True,True,False,,False,,,,,,,,,False,980,7755.26,2,0.09,,,False
614226788384,cust_tCcvg8dqTUnC6g,309.71,INR,upi,,,,False,,False,,False,,,,,,,,,False,267,613.62,1,0.21,,,True
869718775358,cust_RmCXCaBlAQPVVW,1442.93,INR,card,607331,SBI,debit,False,,False,,True,insufficient_funds,51,2026-06-29 23:00:00,Monday,29.0,True,4.0,4.0,False,74,1106.26,1,,2026-06-30 03:48:00,4.8,True
105858906955,cust_YYMvoBmRw7Dm8e,3600.34,INR,netbanking,,,,False,,False,,False,,,,,,,,,False,7,702.67,5,,,,True
250840738824,cust_WmWKiErM8OHd6j,1766.25,INR,upi,,,,True,True,False,,False,,,,,,,,,False,149,1327.18,1,0.65,,,True
654206052771,cust_LrjOwCuryXpy8e,1268.38,INR,card,607332,SBI,credit,True,True,False,,False,,,,,,,,,False,1281,1421.72,3,0.89,,,False
082877428607,cust_FTZKmUBDYTZUXz,1389.75,INR,card,417612,Kotak,debit,False,,False,,True,insufficient_funds,51,2026-07-08 07:00:00,Wednesday,8.0,False,1.0,1.0,False,176,979.95,1,,2026-07-10 22:24:00,63.4,True
770478222236,cust_y1oznvupv0FgJw,2092.17,INR,upi,,,,True,True,False,,False,,,,,,,,,False,78,1366.75,1,,,,True
411069525562,cust_yns3YTDAvv5XOF,2734.54,INR,upi,,,,False,,False,,False,,,,,,,,,False,279,2783.07,0,0.65,,,True
894219085355,cust_a2rdYvmYGKrGX8,1672.1,INR,card,417612,Kotak,credit,True,True,False,,False,,,,,,,,,False,120,1431.85,2,0.26,,,False
428648151002,cust_3iC5T7kusYEKOz,1606.2,INR,netbanking,,,,False,,False,,True,insufficient_funds,51,2026-07-27 01:00:00,Monday,27.0,True,2.0,2.0,False,443,2080.44,1,0.33,2026-07-27 02:12:00,1.2,False
367319701816,cust_IrBkpCKRwmDoAY,1076.34,INR,card,417612,Kotak,credit,False,,False,,False,,,,,,,,,False,943,2780.56,2,,,,True
302050616364,cust_LqUFWuTwUQS0d1,792.14,INR,card,417612,Kotak,credit,False,,False,,False,,,,,,,,,False,563,1532.33,0,,,,True
060123244099,cust_k9myLKY9GkmgzR,1620.12,INR,netbanking,,,,False,,False,,True,insufficient_funds,51,2026-06-13 09:00:00,Saturday,13.0,False,1.0,1.0,False,610,4611.06,1,0.26,2026-06-15 03:42:00,42.7,False
445277576308,cust_OA9Bi75DV01ySI,2328.96,INR,upi,,,,False,,False,,True,insufficient_funds,51,2026-08-15 13:00:00,Saturday,15.0,False,1.0,1.0,False,1112,350.78,2,0.39,2026-08-20 13:30:00,120.5,False
916022601644,cust_fYqK8rcqANkUlQ,1152.61,INR,card,400013,HDFC,credit,True,True,False,,False,,,,,,,,,False,14,339.71,1,0.05,,,True
887085045134,cust_Ir1HNdu6W7lZHj,1051.27,INR,upi,,,,False,,False,,False,,,,,,,,,False,163,1990.81,1,0.26,,,True
101383943375,cust_LXQrVx3u7UGk4r,1103.19,INR,card,417612,Kotak,credit,False,,False,,True,insufficient_funds,51,2026-08-21 09:00:00,Friday,21.0,False,2.0,2.0,False,613,964.18,2,0.51,2026-08-31 11:12:00,242.2,False
922749635348,cust_DVRhUrRQ19qF7w,4407.91,INR,netbanking,,,,True,False,False,,False,,,,,,,,,False,558,5693.24,1,0.52,,,False
498404167217,cust_t8UrdR68jJj4bq,717.35,INR,card,607331,SBI,debit,True,True,False,,False,,,,,,,,,False,148,3589.17,3,0.42,,,True
777922253124,cust_CwdkXFJFm59mDn,1067.9,INR,wallet,,,,False,,False,,False,,,,,,,,,False,35,2677.52,1,,,,True
359940846697,cust_CVD95E5BZvv8oa,1163.56,INR,upi,,,,False,,False,,False,,,,,,,,,False,508,1367.93,1,,,,True
200352674614,cust_pxrlT9H9rdzerX,4030.44,INR,upi,,,,False,,False,,True,insufficient_funds,51,2026-06-02 02:00:00,Tuesday,2.0,True,1.0,1.0,False,95,3842.01,1,,2026-06-02 02:06:00,0.1,False
955376238291,cust_0IgzAZJE8TLrhU,1816.28,INR,upi,,,,False,,False,,False,,,,,,,,,False,435,1668.36,1,0.62,,,True
219884410855,cust_OmOt7UtML9WEBH,2348.41,INR,card,400014,HDFC,debit,False,,False,,True,insufficient_funds,51,2026-07-05 08:00:00,Sunday,5.0,True,1.0,1.0,False,177,2680.78,2,,2026-07-05 09:00:00,1.0,False
363367111943,cust_rXfLnYDzu9vMRS,3843.93,INR,upi,,,,False,,False,,False,,,,,,,,,False,6,2972.49,1,0.48,,,True
396969103069,cust_GLvlQjOOqWqdfl,816.87,INR,card,400014,HDFC,credit,False,,False,,True,insufficient_funds,51,2026-07-22 20:00:00,Wednesday,22.0,False,1.0,1.0,False,445,5338.27,0,0.32,2026-07-26 11:48:00,87.8,True
264618169064,cust_S1PRiTb86eT8dK,731.71,INR,wallet,,,,True,False,False,,False,,,,,,,,,False,172,1282.71,2,0.34,,,False
696140749295,cust_Ci8nWQfTHiuf2W,593.64,INR,upi,,,,True,False,False,,False,,,,,,,,,False,180,2469.98,0,,,,False
183722493138,cust_MIs40UBk4w017X,2582.41,INR,netbanking,,,,False,,False,,True,insufficient_funds,51,2026-08-12 10:00:00,Wednesday,12.0,False,1.0,1.0,False,110,914.24,0,0.05,2026-08-12 12:24:00,2.4,False
644447757188,cust_tiaAE24hzkJHT3,815.53,INR,card,400013,HDFC,debit,False,,False,,False,,,,,,,,,False,29,6281.66,1,,,,True
191752294502,cust_gZNnmHGWqByf9k,1173.56,INR,netbanking,,,,True,True,False,,False,,,,,,,,,False,214,1115.12,0,0.11,,,True
635313324689,cust_IPjHJrvDx1oXZJ,1354.81,INR,netbanking,,,,False,,False,,True,insufficient_funds,51,2026-06-09 13:00:00,Tuesday,9.0,False,4.0,4.0,True,253,1851.45,2,,2026-06-09 18:30:00,5.5,False
668850021223,cust_xAzBM6jtgzSGr0,151.39,INR,netbanking,,,,True,False,False,,False,,,,,,,,,False,654,7568.93,1,,,,False
739624813159,cust_yCB3Jt1Ia0DnDG,654.68,INR,upi,,,,False,,False,,True,insufficient_funds,51,2026-07-11 16:00:00,Saturday,11.0,False,2.0,2.0,False,256,4199.45,1,,2026-07-14 21:48:00,77.8,False
428584962378,cust_N0xV00Kkxr4Br6,1709.19,INR,upi,,,,False,,False,,False,,,,,,,,,False,294,2890.65,1,0.25,,,True
543323474203,cust_Isw1UZoqbMnMV1,1846.31,INR,card,400014,HDFC,debit,False,,False,,True,insufficient_funds,51,2026-06-25 15:00:00,Thursday,25.0,True,1.0,1.0,False,56,249.24,0,0.71,2026-06-27 00:54:00,33.9,True
848449402652,cust_ElQnrFlqB0pryW,2250.0,INR,upi,,,,False,,False,,False,,,,,,,,,False,286,2455.63,3,0.45,,,True
042342268467,cust_Dkf0J7ELkpOH3P,2888.11,INR,card,524104,Axis,debit,True,True,False,,False,,,,,,,,,False,3,77.72,2,0.38,,,True
401192584153,cust_lvVsByN1IOHIEq,305.34,INR,card,607332,SBI,debit,True,True,False,,False,,,,,,,,,False,28,1075.32,1,,,,True
282387096064,cust_JmexI1h8wFFT5K,1477.74,INR,upi,,,,False,,False,,True,insufficient_funds,51,2026-08-13 12:00:00,Thursday,13.0,False,1.0,1.0,False,405,1172.96,2,0.62,2026-08-15 15:24:00,51.4,True
948173369509,cust_VC3nKR3qiUXG5k,2694.98,INR,upi,,,,True,True,False,,False,,,,,,,,,False,422,1183.51,2,,,,True
383366823620,cust_RTFa8jnv32AHQi,1049.87,INR,upi,,,,False,,False,,True,insufficient_funds,51,2026-06-16 07:00:00,Tuesday,16.0,False,3.0,3.0,True,6,500.1,2,0.19,2026-06-17 16:30:00,33.5,False
358115291034,cust_EZQsHwohBdtSYy,1188.07,INR,card,508227,ICICI,debit,False,,False,,True,insufficient_funds,51,2026-06-15 09:00:00,Monday,15.0,False,1.0,1.0,False,17,3766.0,2,0.24,2026-06-21 00:36:00,135.6,False
040534052725,cust_H3skUMpUwUGt1X,2957.7,INR,card,524104,Axis,debit,False,,False,,True,insufficient_funds,51,2026-08-28 15:00:00,Friday,28.0,True,3.0,3.0,True,53,3705.09,3,0.28,2026-08-29 08:00:00,17.0,False
783651761280,cust_ShARajocbNd3xK,1622.09,INR,card,607331,SBI,debit,True,False,False,,False,,,,,,,,,False,374,1309.24,2,0.15,,,False
470391668588,cust_us8rGZtGyJkXk0,1861.91,INR,upi,,,,False,,False,,False,,,,,,,,,False,123,641.17,3,0.42,,,True
780124955464,cust_8UzNtyrD1LeY9o,1832.77,INR,upi,,,,False,,True,109.6,False,,,,,,,,,False,61,3053.11,1,0.24,,,False
747291663158,cust_1F1e9kzRttPUj3,901.74,INR,card,508228,ICICI,credit,False,,False,,False,,,,,,,,,False,850,680.18,2,0.48,,,True
566162042690,cust_rrK7gwsKHwQ2vB,920.77,INR,upi,,,,False,,False,,False,,,,,,,,,False,19,3338.73,0,0.28,,,True
697532055395,cust_5CWree01HF1LKf,3416.38,INR,card,524104,Axis,credit,False,,False,,True,insufficient_funds,51,2026-07-12 10:00:00,Sunday,12.0,False,2.0,2.0,False,147,2694.76,2,0.63,2026-07-21 19:24:00,225.4,False
629674973709,cust_gswSijYqDydnbU,3091.35,INR,card,607332,SBI,credit,True,False,False,,False,,,,,,,,,False,276,5079.97,2,0.74,,,False
565728989819,cust_DrLITOL2KSrQej,2213.52,INR,card,524104,Axis,debit,False,,False,,True,insufficient_funds,51,2026-06-18 03:00:00,Thursday,18.0,False,2.0,2.0,False,385,2050.27,4,,2026-06-21 19:06:00,88.1,True
895829715736,cust_knMNZUN20s74lf,3375.49,INR,upi,,,,False,,False,,True,insufficient_funds,51,2026-08-11 03:00:00,Tuesday,11.0,False,4.0,4.0,True,187,3805.85,0,0.4,2026-08-12 06:18:00,27.3,False
374753181156,cust_poqjd0fYe8mV8T,599.9,INR,upi,,,,True,True,False,,False,,,,,,,,,False,51,469.72,0,,,,False
620841277788,cust_33F5lFPlu6OdRK,2256.9,INR,card,524105,Axis,credit,True,False,False,,False,,,,,,,,,False,365,3198.39,1,0.49,,,False
464574530176,cust_26ieH9dGOzLvxO,2162.84,INR,upi,,,,False,,True,46.1,False,,,,,,,,,False,277,9090.53,0,,,,False
964919346128,cust_6YGSIJ6x7oK8r5,2627.25,INR,card,524105,Axis,debit,False,,False,,False,,,,,,,,,False,572,4500.63,2,0.19,,,True
603044669091,cust_e4DOTbaCuvcEiI,2071.49,INR,upi,,,,False,,True,22.2,False,,,,,,,,,False,383,1921.49,3,0.19,,,True
553250270051,cust_1L6e5fXvgDQJEr,1612.5,INR,card,417612,Kotak,debit,False,,False,,False,,,,,,,,,False,175,417.39,2,,,,True
877655081250,cust_AVCMniLGS0gXk9,690.09,INR,card,524105,Axis,debit,False,,False,,False,,,,,,,,,False,170,6845.0,0,0.2,,,True
078064191260,cust_VqYAwlEpmU96ut,978.51,INR,card,524104,Axis,debit,True,False,False,,False,,,,,,,,,False,142,1325.82,2,,,,False
818852397514,cust_7gQq3YZ9TCgVla,1368.58,INR,card,607331,SBI,debit,False,,False,,False,,,,,,,,,False,73,1400.2,2,,,,True
401432809849,cust_uIXXKBqy5kL386,751.44,INR,card,508227,ICICI,credit,False,,False,,False,,,,,,,,,False,123,1831.01,1,0.84,,,True
110976925503,cust_rfD3rmRMI8OtNX,2667.2,INR,upi,,,,False,,True,58.4,False,,,,,,,,,False,951,2655.93,3,0.38,,,False
633580589489,cust_HjTQLcbc7d0ND6,1192.55,INR,card,400014,HDFC,credit,False,,False,,True,insufficient_funds,51,2026-08-17 16:00:00,Monday,17.0,False,4.0,4.0,True,34,6161.67,1,0.51,2026-08-17 21:30:00,5.5,False
727666713369,cust_HjTQLcbc7d0ND6,397.1,INR,upi,,,,True,False,False,,False,,,,,,,,,False,34,6161.67,1,0.51,,,True
843223960181,cust_qb8paFAo4SFF09,3078.79,INR,card,607331,SBI,credit,False,,False,,True,insufficient_funds,51,2026-08-03 22:00:00,Monday,3.0,True,1.0,1.0,False,456,4437.12,0,,2026-08-03 23:30:00,1.5,False
930674068165,cust_iIEaXEEwSHOlUN,1957.62,INR,card,607331,SBI,debit,False,,False,,True,insufficient_funds,51,2026-07-13 12:00:00,Monday,13.0,False,3.0,3.0,True,612,2716.67,1,0.38,2026-07-20 19:06:00,175.1,False
931126843923,cust_Et9rLXoylaJ9aB,1569.24,INR,card,524105,Axis,debit,True,False,False,,False,,,,,,,,,False,636,226.85,1,,,,False
049131268718,cust_ddbrTSyH0opK9P,1173.39,INR,card,417612,Kotak,credit,False,,False,,True,insufficient_funds,51,2026-06-22 10:00:00,Monday,22.0,False,4.0,4.0,True,90,5263.88,2,,2026-06-22 14:48:00,4.8,False
130456361506,cust_gjo8TtOQSFi2ot,1033.46,INR,card,400013,HDFC,debit,True,True,False,,False,,,,,,,,,False,355,3182.42,1,0.09,,,False
675827201651,cust_IY1pkViF2sz558,873.65,INR,card,524105,Axis,credit,False,,False,,False,,,,,,,,,False,937,5497.84,0,0.6,,,True
781504866439,cust_xfRSJhJphRgvJz,1923.57,INR,netbanking,,,,False,,True,45.0,False,,,,,,,,,False,364,3696.78,1,,,,False
976336072439,cust_Cltph8lqfSI2Ut,1696.11,INR,netbanking,,,,False,,False,,False,,,,,,,,,False,181,3419.12,3,0.13,,,True
067423768198,cust_wWNvtScfYfp0ym,668.36,INR,card,607332,SBI,credit,False,,False,,False,,,,,,,,,False,91,4028.08,1,0.27,,,True
612203482884,cust_oSzwmDNiJXgLbr,738.05,INR,card,524104,Axis,credit,True,True,False,,False,,,,,,,,,False,151,1049.77,1,0.47,,,True
119113548386,cust_Ld3H6LBwPr3byl,194.98,INR,netbanking,,,,False,,False,,False,,,,,,,,,False,167,3433.97,2,0.49,,,True
051196822361,cust_eLU6Pq5YhRjGHz,223.45,INR,card,524104,Axis,credit,False,,False,,False,,,,,,,,,False,309,1359.85,1,,,,True
779564284910,cust_9Smlt6MNoJKEAb,1526.88,INR,upi,,,,False,,False,,False,,,,,,,,,False,852,3450.91,1,0.44,,,True
839113929669,cust_2U3DfbpUfHiXXd,211.61,INR,upi,,,,True,False,False,,False,,,,,,,,,False,42,1791.95,0,,,,True
466977227409,cust_sH33km9CtWbZbz,2304.74,INR,card,607331,SBI,debit,False,,False,,False,,,,,,,,,False,54,1513.78,2,,,,True
410859263411,cust_pvJFQ9MkFNdVyn,2721.32,INR,upi,,,,False,,False,,False,,,,,,,,,False,120,5123.99,1,,,,True
132808155671,cust_a7GQSTiqTjqMIi,723.78,INR,upi,,,,False,,True,8.5,False,,,,,,,,,False,355,4065.19,1,0.14,,,True
440524900150,cust_xXAdzfNUotfg39,2169.42,INR,card,508227,ICICI,debit,True,False,False,,False,,,,,,,,,False,649,630.5,2,0.41,,,False
078819000182,cust_QstOJeVTx9cxU0,939.52,INR,wallet,,,,True,True,False,,False,,,,,,,,,False,78,3051.04,1,0.71,,,True
875372456482,cust_JMlvoKveuvb5in,1946.03,INR,netbanking,,,,False,,False,,False,,,,,,,,,False,245,460.46,1,0.61,,,True
710117240481,cust_jMbP4sfeqro5tP,1939.71,INR,wallet,,,,True,False,False,,False,,,,,,,,,False,52,7168.04,3,0.78,,,False
512309785160,cust_6GBTJqZw52tDIM,269.75,INR,upi,,,,False,,False,,False,,,,,,,,,False,172,7735.96,3,,,,True
348861304072,cust_bsp5v5MmtCjaUh,676.19,INR,card,400013,HDFC,credit,False,,False,,True,insufficient_funds,51,2026-06-03 03:00:00,Wednesday,3.0,True,1.0,1.0,False,112,4795.33,3,0.6,2026-06-04 10:00:00,31.0,True
752267198124,cust_nSD2O6nZVoUkr0,3248.47,INR,upi,,,,False,,False,,True,insufficient_funds,51,2026-06-14 07:00:00,Sunday,14.0,False,2.0,2.0,False,164,2412.54,0,0.41,2026-06-15 01:12:00,18.2,False
332230108330,cust_LqUFWuTwUQS0d1,3222.8,INR,card,508227,ICICI,credit,False,,False,,False,,,,,,,,,False,563,1532.33,2,0.66,,,True
752904991223,cust_17LmLNV24lj3r2,299.26,INR,upi,,,,True,False,False,,False,,,,,,,,,False,806,293.78,1,,,,False
126410613478,cust_Ec99ENQ522WJzr,3363.3,INR,card,400013,HDFC,debit,False,,False,,True,insufficient_funds,51,2026-06-08 15:00:00,Monday,8.0,False,2.0,2.0,False,207,945.12,3,0.28,2026-06-13 10:24:00,115.4,True
995463270993,cust_1WvheaiqG3O1MZ,1496.03,INR,card,417612,Kotak,credit,False,,False,,False,,,,,,,,,False,1,1231.77,3,0.63,,,True
379163049104,cust_LskeDhThzb9CDw,722.72,INR,upi,,,,False,,False,,False,,,,,,,,,False,386,1742.59,0,0.48,,,True
449261267294,cust_x13NPGw2ZmJ518,954.9,INR,card,400013,HDFC,debit,False,,False,,False,,,,,,,,,False,340,2517.75,1,,,,True
658621426083,cust_F9Gd81hIlnTd3H,1836.13,INR,netbanking,,,,False,,False,,False,,,,,,,,,False,494,4468.46,3,,,,True
451700701989,cust_YkG58E8Uk9HzsR,333.7,INR,upi,,,,False,,False,,False,,,,,,,,,False,795,3281.67,0,0.37,,,True
034116884902,cust_uiKt8jpLyOCLzM,4747.32,INR,upi,,,,False,,False,,False,,,,,,,,,False,146,3622.6,1,0.51,,,True
302203941001,cust_sR80qpJOCTHQLi,832.44,INR,netbanking,,,,False,,False,,True,insufficient_funds,51,2026-08-29 05:00:00,Saturday,29.0,True,1.0,1.0,False,122,2065.3,1,0.63,2026-08-31 03:54:00,46.9,True
471573368142,cust_sid1U7A67H9dPl,1367.5,INR,netbanking,,,,False,,True,45.2,False,,,,,,,,,False,288,2548.02,1,0.23,,,False
391740448198,cust_iLMh6HNWKYTYcE,790.87,INR,card,417612,Kotak,credit,False,,False,,False,,,,,,,,,False,199,5256.64,0,0.16,,,True
780916516083,cust_n8OkOyedBfFumF,2638.66,INR,card,417612,Kotak,debit,False,,False,,True,insufficient_funds,51,2026-06-26 17:00:00,Friday,26.0,True,1.0,1.0,False,236,1892.54,3,0.11,2026-06-26 19:42:00,2.7,False
895578422779,cust_XTMAbnJ1xuoSPB,1058.62,INR,card,524105,Axis,debit,False,,False,,False,,,,,,,,,False,499,2673.25,1,0.47,,,True
461163505625,cust_CezIwrFJbanEvc,580.32,INR,card,400014,HDFC,debit,False,,False,,False,,,,,,,,,False,249,4959.12,2,0.7,,,True
633455312107,cust_dkxp6EGABDARAb,2267.66,INR,card,417612,Kotak,debit,False,,False,,False,,,,,,,,,False,13,14579.45,1,0.3,,,True
927884205234,cust_FUExdNxoSxahMY,2767.69,INR,card,607332,SBI,credit,False,,False,,True,insufficient_funds,51,2026-08-07 16:00:00,Friday,7.0,False,5.0,5.0,True,27,3146.14,2,0.63,2026-08-08 20:42:00,28.7,False
354123172147,cust_csHw6rIZbLksMc,1063.38,INR,netbanking,,,,False,,False,,True,insufficient_funds,51,2026-07-29 02:00:00,Wednesday,29.0,True,1.0,1.0,False,457,906.25,1,0.25,2026-07-29 16:12:00,14.2,False
076889069169,cust_YLzE7R3Ht6Jbpv,851.34,INR,wallet,,,,False,,False,,False,,,,,,,,,False,74,5062.43,0,0.69,,,True
172342234260,cust_8PbCc9QxMvhTYV,1263.63,INR,wallet,,,,True,True,False,,False,,,,,,,,,False,180,3029.61,1,,,,True
990312575962,cust_KJi7OZLnaBmMkY,2306.25,INR,card,400014,HDFC,credit,False,,False,,False,,,,,,,,,False,1319,1128.96,2,0.29,,,True
203111550380,cust_TQHJqzrCzUFPWf,481.35,INR,upi,,,,True,False,False,,False,,,,,,,,,False,271,3159.56,5,0.64,,,False
934203157714,cust_9GYV1PLbaRP5b1,101.4,INR,upi,,,,False,,True,44.5,False,,,,,,,,,False,78,578.63,0,0.3,,,False
451853846294,cust_zPzdyuVH7I71s8,2208.34,INR,upi,,,,True,True,False,,False,,,,,,,,,False,190,509.08,1,,,,True
892459240422,cust_SCaxcG4kBfPIam,2811.74,INR,netbanking,,,,False,,True,4.0,False,,,,,,,,,False,718,781.34,0,0.66,,,True
119797710774,cust_26ieH9dGOzLvxO,707.69,INR,upi,,,,False,,False,,False,,,,,,,,,False,277,9090.53,2,0.9,,,True
671758712152,cust_LSOSexYWdFG2uR,4336.4,INR,upi,,,,True,False,False,,False,,,,,,,,,False,69,8488.81,2,0.07,,,False
872084832183,cust_ytcDRHeW3qPUSy,965.89,INR,upi,,,,False,,False,,False,,,,,,,,,False,206,2039.42,0,0.26,,,True
614833492274,cust_nAIX6pQJytRM26,454.78,INR,card,508228,ICICI,debit,True,False,False,,False,,,,,,,,,False,396,1527.32,1,0.29,,,False
597748753617,cust_MlUUQHRBlofZLC,84.6,INR,card,524104,Axis,credit,False,,False,,False,,,,,,,,,False,256,1205.29,1,,,,True
516195159675,cust_qepCYlASNIPUAu,2688.63,INR,card,400013,HDFC,debit,True,False,False,,False,,,,,,,,,False,41,1158.84,1,0.31,,,False
938552359627,cust_cR0UiAMiSmckev,1861.62,INR,upi,,,,False,,False,,True,insufficient_funds,51,2026-07-04 03:00:00,Saturday,4.0,True,4.0,4.0,True,14,2357.29,0,0.33,2026-07-04 08:48:00,5.8,False
942922707597,cust_baQ19tHVExtUfR,1032.65,INR,netbanking,,,,False,,False,,False,,,,,,,,,False,116,1414.32,2,,,,True
192572715626,cust_LBtp6rEKGD2iBY,2411.6,INR,netbanking,,,,False,,False,,False,,,,,,,,,False,998,1746.58,3,0.4,,,True
175146691398,cust_2EEBfBkZk4ih9d,573.3,INR,card,400014,HDFC,credit,False,,False,,True,insufficient_funds,51,2026-07-19 23:00:00,Sunday,19.0,False,4.0,4.0,True,11,5067.97,0,,2026-07-23 20:36:00,93.6,False
078714555853,cust_X3IuHk4oLr5EhV,827.48,INR,card,417612,Kotak,debit,False,,False,,True,insufficient_funds,51,2026-07-24 17:00:00,Friday,24.0,False,2.0,2.0,False,297,1833.33,1,0.29,2026-08-06 08:24:00,303.4,False
921195913334,cust_kqDfz1aMM4wVpr,3624.8,INR,netbanking,,,,False,,False,,False,,,,,,,,,False,234,3872.95,2,,,,True
476691827291,cust_wUZod8mJC54Bly,1228.81,INR,upi,,,,False,,False,,False,,,,,,,,,False,1273,926.65,0,0.5,,,True
276038092259,cust_lvVsByN1IOHIEq,724.19,INR,card,607331,SBI,credit,False,,False,,False,,,,,,,,,False,28,1075.32,3,0.67,,,True
611129657348,cust_8IVnu0j8xzYz29,1626.21,INR,upi,,,,False,,False,,True,insufficient_funds,51,2026-06-28 20:00:00,Sunday,28.0,True,4.0,4.0,False,61,3001.0,1,,2026-06-29 16:48:00,20.8,True
691702116312,cust_TxUiMNf1GPUdsd,424.78,INR,upi,,,,False,,True,1.1,False,,,,,,,,,False,18,1289.61,1,0.27,,,False
433792206111,cust_J25QxnPzhAVlWF,2181.26,INR,upi,,,,False,,False,,True,insufficient_funds,51,2026-06-08 17:00:00,Monday,8.0,False,3.0,3.0,True,283,5444.1,5,0.28,2026-06-10 02:00:00,33.0,False
820750840960,cust_fnoRchcy4rbWL3,1990.16,INR,upi,,,,False,,False,,True,insufficient_funds,51,2026-06-03 07:00:00,Wednesday,3.0,True,5.0,5.0,False,163,2046.97,0,0.32,2026-06-04 02:00:00,19.0,True
195434318563,cust_4CnEFxsRuYiTlY,2748.9,INR,upi,,,,True,False,False,,False,,,,,,,,,False,148,5283.8,2,0.45,,,False
576410332246,cust_K9JsQBNgBZxcmR,1867.61,INR,wallet,,,,False,,False,,False,,,,,,,,,False,167,4454.54,2,,,,True
240499116283,cust_9Eq8bItNGP4Z9n,1412.36,INR,upi,,,,False,,False,,True,insufficient_funds,51,2026-07-14 21:00:00,Tuesday,14.0,False,5.0,5.0,True,141,1744.52,1,,2026-07-17 13:18:00,64.3,False
487280579748,cust_dWrXrVEEqDzhvy,1579.7,INR,upi,,,,True,True,False,,False,,,,,,,,,False,305,7398.64,1,,,,False
058898347126,cust_rf19FGrXuKuKb8,1182.44,INR,upi,,,,False,,False,,True,insufficient_funds,51,2026-08-12 23:00:00,Wednesday,12.0,False,3.0,3.0,True,570,2660.72,0,0.16,2026-08-17 07:42:00,104.7,False
607173148586,cust_QThIOrrDZhZMa4,2001.99,INR,card,400013,HDFC,debit,True,False,False,,False,,,,,,,,,False,572,4326.84,0,0.64,,,True
539161734140,cust_RJc2Fs2yovJ7gt,1895.38,INR,card,400012,HDFC,debit,False,,False,,True,insufficient_funds,51,2026-08-21 12:00:00,Friday,21.0,False,1.0,1.0,False,173,1217.36,0,,2026-08-24 04:00:00,64.0,True
550216215044,cust_KtYXQaOv4yqRuy,1759.18,INR,card,508227,ICICI,debit,False,,False,,True,insufficient_funds,51,2026-08-08 01:00:00,Saturday,8.0,False,1.0,1.0,False,45,4246.01,3,,2026-08-08 09:12:00,8.2,False
338610818312,cust_nly08WvF4FrDE5,3116.91,INR,netbanking,,,,False,,False,,True,insufficient_funds,51,2026-06-03 14:00:00,Wednesday,3.0,True,3.0,3.0,True,441,3334.2,1,0.27,2026-06-04 08:42:00,18.7,False
760212185232,cust_brKNYUirrJ7AFJ,1276.47,INR,netbanking,,,,False,,False,,True,insufficient_funds,51,2026-06-08 19:00:00,Monday,8.0,False,2.0,2.0,False,198,3481.5,0,,2026-06-11 05:12:00,58.2,False
059072487879,cust_52AjG8R9he60dL,1029.15,INR,wallet,,,,False,,False,,False,,,,,,,,,False,116,315.81,3,0.32,,,True
135706890782,cust_a8kdXHLWxD0RiQ,391.91,INR,upi,,,,False,,False,,True,insufficient_funds,51,2026-07-13 03:00:00,Monday,13.0,False,2.0,2.0,False,72,1083.47,0,0.33,2026-07-13 13:30:00,10.5,False
032215670114,cust_ahSIhjmJlwghig,1126.93,INR,card,607331,SBI,credit,True,False,False,,False,,,,,,,,,False,894,1284.73,1,0.75,,,True
376475172842,cust_oJ5QoPX4KYSrOo,261.18,INR,upi,,,,False,,False,,False,,,,,,,,,False,354,2440.66,1,0.74,,,True
101296651853,cust_sid1U7A67H9dPl,674.2,INR,card,508228,ICICI,debit,True,False,False,,False,,,,,,,,,False,288,2548.02,2,0.23,,,False
554314530810,cust_ZV6sieQ44FpTfH,1642.85,INR,card,508227,ICICI,credit,True,False,False,,False,,,,,,,,,False,159,969.92,1,0.4,,,False
968790474940,cust_obsQI4FXYCS7Mj,2618.24,INR,upi,,,,False,,False,,False,,,,,,,,,False,143,3131.52,0,,,,True
581212125690,cust_RFillwq0oSgfuS,717.66,INR,upi,,,,False,,False,,False,,,,,,,,,False,511,2740.68,1,,,,True
371121127748,cust_KfbL6o7tdWNeDW,2065.49,INR,card,524104,Axis,credit,False,,False,,True,insufficient_funds,51,2026-07-09 21:00:00,Thursday,9.0,False,4.0,4.0,True,186,2782.75,2,0.6,2026-07-10 20:24:00,23.4,False
031274121597,cust_YgeimUnGgEzI2M,1883.16,INR,upi,,,,True,True,False,,False,,,,,,,,,False,402,3635.89,0,,,,True
039149551232,cust_XAFSXxR4Oi5onF,1076.87,INR,card,417612,Kotak,debit,False,,False,,False,,,,,,,,,False,36,4682.76,1,0.3,,,True
252074336528,cust_XTMAbnJ1xuoSPB,1182.53,INR,upi,,,,False,,False,,False,,,,,,,,,False,499,2673.25,0,0.47,,,True
906231110945,cust_OEC1WgRSxKrBjL,1928.56,INR,upi,,,,True,False,False,,False,,,,,,,,,False,21,3844.83,1,,,,False
464024820283,cust_ebSrLLVtRz4iEJ,2519.81,INR,card,524105,Axis,debit,False,,False,,True,insufficient_funds,51,2026-07-13 17:00:00,Monday,13.0,False,2.0,2.0,False,354,1787.18,3,,2026-07-15 11:18:00,42.3,False
543387621478,cust_kXXkCrn1AaUoG4,596.15,INR,upi,,,,False,,False,,False,,,,,,,,,False,2258,3819.91,0,0.57,,,True
125031125213,cust_obsQI4FXYCS7Mj,1976.13,INR,netbanking,,,,False,,False,,False,,,,,,,,,False,143,3131.52,1,,,,True
098462248966,cust_PQ4zokKOjG89oe,2510.17,INR,netbanking,,,,True,False,False,,False,,,,,,,,,False,288,751.75,1,0.43,,,False
283703646587,cust_IPjHJrvDx1oXZJ,658.73,INR,card,417612,Kotak,debit,False,,False,,False,,,,,,,,,False,253,1851.45,0,0.53,,,True
595536537399,cust_RhVZXelCRIlrC3,2453.72,INR,upi,,,,False,,True,9.5,False,,,,,,,,,False,194,673.27,3,0.16,,,True
546975037465,cust_mfMVTIrRPEmVbI,2335.37,INR,netbanking,,,,False,,False,,False,,,,,,,,,False,319,946.62,2,0.27,,,True
766910138095,cust_5nzCcmeWmUVA3L,952.81,INR,netbanking,,,,False,,False,,False,,,,,,,,,False,528,1574.86,2,,,,True
756576818429,cust_Ze9J2Ol74sZvns,1942.88,INR,upi,,,,True,False,False,,False,,,,,,,,,False,175,824.93,2,,,,False
755481381601,cust_ZV6sieQ44FpTfH,4338.4,INR,card,417612,Kotak,credit,False,,False,,False,,,,,,,,,False,159,969.92,0,0.4,,,True
029139559321,cust_3hnthCSL7Dz2tg,1761.3,INR,upi,,,,False,,False,,False,,,,,,,,,False,305,909.55,0,,,,True
347866719329,cust_FuOloAXx2mV6wc,913.52,INR,wallet,,,,False,,False,,True,insufficient_funds,51,2026-06-13 16:00:00,Saturday,13.0,False,4.0,4.0,True,342,2806.96,0,0.32,2026-06-14 11:36:00,19.6,False
773593106432,cust_KXth3FkmdB6K3J,1720.43,INR,netbanking,,,,False,,False,,False,,,,,,,,,False,212,1086.49,2,0.2,,,True
634409218436,cust_ZnMrePoAuvGaK7,1268.65,INR,card,508228,ICICI,debit,True,True,False,,False,,,,,,,,,False,668,5649.38,0,0.72,,,False
758252031464,cust_X3thTnZjX8vJp3,499.35,INR,netbanking,,,,True,True,False,,False,,,,,,,,,False,352,328.16,0,0.57,,,False
102579873612,cust_crnyDwcSCMC5f9,1251.19,INR,upi,,,,False,,True,12.7,False,,,,,,,,,False,401,1031.59,1,0.35,,,True
207342606648,cust_LNxOR0ih1yijqS,2180.6,INR,netbanking,,,,False,,True,64.8,False,,,,,,,,,False,179,2556.14,0,0.68,,,False
428843027584,cust_RC5utiDdKD9ymR,1376.88,INR,upi,,,,False,,False,,False,,,,,,,,,False,336,1007.64,4,0.73,,,True
986615520616,cust_bSIwKQe8vCVcK5,795.22,INR,upi,,,,False,,False,,True,insufficient_funds,51,2026-07-14 14:00:00,Tuesday,14.0,False,1.0,1.0,False,386,4499.9,4,0.4,2026-07-19 13:54:00,119.9,False
460413732284,cust_HpONuoFasJ53vN,4216.14,INR,card,508228,ICICI,debit,False,,False,,True,insufficient_funds,51,2026-06-07 11:00:00,Sunday,7.0,False,2.0,2.0,False,16,5001.42,1,,2026-06-15 09:24:00,190.4,False
898661992398,cust_qzYh54tef4Ezn2,2083.49,INR,card,524105,Axis,debit,True,False,False,,False,,,,,,,,,False,739,3025.53,1,0.32,,,True
452617561690,cust_eGjzogrPWlE5Me,471.85,INR,card,607332,SBI,credit,False,,False,,False,,,,,,,,,False,562,5560.06,0,0.53,,,True
946269651516,cust_hpdLX50J9pIEAs,806.07,INR,upi,,,,True,True,False,,False,,,,,,,,,False,583,5160.1,2,0.9,,,True
921641931834,cust_ZJXud0Srx4i8iI,805.72,INR,card,524104,Axis,debit,False,,False,,False,,,,,,,,,False,290,1441.8,2,,,,True
106205460097,cust_Y69M0NBtVlJ1gx,938.45,INR,upi,,,,False,,False,,True,insufficient_funds,51,2026-07-13 03:00:00,Monday,13.0,False,3.0,3.0,True,116,1783.29,2,0.14,2026-07-15 06:42:00,51.7,False
042003389429,cust_QgSBvEwsT04b2L,2695.06,INR,upi,,,,False,,False,,True,insufficient_funds,51,2026-08-12 00:00:00,Wednesday,12.0,False,1.0,1.0,False,146,647.49,3,0.32,2026-08-15 12:36:00,84.6,True
155223957403,cust_GSljJJvw0lJ78o,800.4,INR,netbanking,,,,False,,False,,False,,,,,,,,,False,385,2671.13,1,0.42,,,True
302976939592,cust_axTqIpzfe2diau,1028.07,INR,upi,,,,True,False,False,,False,,,,,,,,,False,1034,871.05,2,0.11,,,False
031551884659,cust_RRKvdvEcSNM107,1134.55,INR,upi,,,,False,,False,,True,insufficient_funds,51,2026-08-12 01:00:00,Wednesday,12.0,False,1.0,1.0,False,200,1223.49,1,0.19,2026-08-12 02:42:00,1.7,False
438806686394,cust_ZV6sieQ44FpTfH,1334.12,INR,wallet,,,,False,,False,,False,,,,,,,,,False,159,969.92,0,0.4,,,True
601398861093,cust_26WsyB7l0p6qwO,1353.36,INR,card,400014,HDFC,debit,False,,False,,False,,,,,,,,,False,590,439.19,1,,,,True
082950345304,cust_oTbjtFSuKIh8g4,1530.22,INR,upi,,,,False,,False,,False,,,,,,,,,False,49,1697.06,0,0.46,,,True
499759689881,cust_2U3DfbpUfHiXXd,1555.14,INR,upi,,,,False,,False,,True,insufficient_funds,51,2026-08-20 15:00:00,Thursday,20.0,False,2.0,2.0,False,42,1791.95,1,0.57,2026-08-20 22:06:00,7.1,False
106927484792,cust_GOVDUx6wmvmjFD,1730.35,INR,upi,,,,True,False,False,,False,,,,,,,,,False,22,8501.49,1,0.06,,,False
820016767225,cust_XrdI1A5bq7qC4n,4336.58,INR,upi,,,,False,,True,12.2,False,,,,,,,,,False,418,3650.64,1,,,,True
638899431681,cust_pQzF3VuKVZdqJr,2693.67,INR,netbanking,,,,False,,False,,True,insufficient_funds,51,2026-08-08 01:00:00,Saturday,8.0,False,1.0,1.0,False,574,3126.32,1,0.21,2026-08-09 01:12:00,24.2,True
069770077963,cust_j292EISYJ9xp7T,1339.11,INR,upi,,,,False,,False,,False,,,,,,,,,False,29,4822.06,1,,,,True
184279809257,cust_WiDryW11OrYTXX,3022.08,INR,card,524105,Axis,debit,False,,False,,False,,,,,,,,,False,97,4750.64,0,0.46,,,True
579936900837,cust_aBxwZvhJoFijVn,2015.95,INR,upi,,,,False,,False,,True,insufficient_funds,51,2026-08-29 23:00:00,Saturday,29.0,True,2.0,2.0,False,95,2338.85,3,0.93,2026-08-30 19:54:00,20.9,True
266843493209,cust_l9oAySp6IHGiQl,491.82,INR,card,607332,SBI,debit,False,,False,,False,,,,,,,,,False,717,2507.63,2,0.58,,,True
413453167339,cust_DJiS9HvlxNgbb1,2623.3,INR,upi,,,,False,,False,,False,,,,,,,,,False,846,2619.79,1,,,,True
397905970673,cust_26ieH9dGOzLvxO,243.18,INR,upi,,,,True,False,False,,False,,,,,,,,,False,277,9090.53,1,,,,False
449591612076,cust_nh7t1ciGEQg9w0,384.96,INR,card,417612,Kotak,debit,False,,False,,False,,,,,,,,,False,289,740.79,0,,,,True
343367456874,cust_65PrE28Ej05fYD,1297.2,INR,upi,,,,False,,False,,True,insufficient_funds,51,2026-07-06 23:00:00,Monday,6.0,False,2.0,2.0,False,517,1701.36,1,0.11,2026-07-07 17:00:00,18.0,False
530578317925,cust_9utqIN7joszAGM,912.47,INR,upi,,,,False,,False,,False,,,,,,,,,False,81,5863.22,0,0.59,,,True
790582395030,cust_1uAEiMLZQXkneo,1977.73,INR,upi,,,,False,,True,18.6,False,,,,,,,,,False,297,1951.28,2,0.67,,,True
143087016130,cust_rdRCJdnTBlX6Wa,1644.03,INR,card,417612,Kotak,debit,False,,False,,True,insufficient_funds,51,2026-06-25 12:00:00,Thursday,25.0,True,2.0,2.0,False,299,4397.23,0,0.66,2026-06-27 02:48:00,38.8,True
099928361161,cust_OoWF0fnw5GECMM,1195.8,INR,wallet,,,,False,,False,,False,,,,,,,,,False,152,5718.42,1,0.16,,,True
245696123064,cust_fnDSYSzcamDgIz,284.47,INR,card,508227,ICICI,credit,False,,False,,False,,,,,,,,,False,24,2973.89,1,0.34,,,True
009965878902,cust_9Ci1irxsuRFWyh,1985.0,INR,wallet,,,,True,False,False,,False,,,,,,,,,False,20,6174.22,1,0.35,,,False
168793949380,cust_kCkvQalRhBJ3CU,736.08,INR,upi,,,,False,,False,,True,insufficient_funds,51,2026-07-16 17:00:00,Thursday,16.0,False,1.0,1.0,False,227,3105.27,2,,2026-07-17 20:36:00,27.6,False
596622731898,cust_PgiI7DqZhmK5WI,923.08,INR,netbanking,,,,False,,False,,False,,,,,,,,,False,261,3949.14,0,0.36,,,True
838072628229,cust_ahSIhjmJlwghig,955.36,INR,wallet,,,,False,,False,,True,insufficient_funds,51,2026-06-10 16:00:00,Wednesday,10.0,False,2.0,2.0,False,894,1284.73,1,0.75,2026-06-11 03:42:00,11.7,True
838148696235,cust_uugZfexMlWSlZX,853.0,INR,card,400014,HDFC,debit,False,,False,,False,,,,,,,,,False,802,2197.98,1,0.39,,,True
465091485054,cust_x13NPGw2ZmJ518,347.9,INR,wallet,,,,False,,False,,True,insufficient_funds,51,2026-08-12 12:00:00,Wednesday,12.0,False,2.0,2.0,False,340,2517.75,2,0.25,2026-08-13 17:18:00,29.3,False
573397235768,cust_2K65US3McPl9x8,2935.14,INR,card,417612,Kotak,credit,False,,False,,True,insufficient_funds,51,2026-08-15 19:00:00,Saturday,15.0,False,5.0,5.0,True,95,194.21,2,,2026-08-15 20:12:00,1.2,False
652710422291,cust_D0lXPCUnClxOsf,295.29,INR,upi,,,,True,False,False,,False,,,,,,,,,False,123,6822.13,1,,,,False
460957376689,cust_pQ9BZcuPcxIAz8,504.05,INR,card,508227,ICICI,debit,True,False,False,,False,,,,,,,,,False,354,3771.63,3,0.72,,,False
452841965588,cust_kgYQeab5e8zIHs,988.59,INR,card,524105,Axis,credit,True,False,False,,False,,,,,,,,,False,39,738.89,3,,,,False
501288866609,cust_Wcp2KLYUJ9bVT9,2278.5,INR,card,508228,ICICI,debit,False,,False,,False,,,,,,,,,False,155,1022.58,3,0.26,,,True
256138176619,cust_16Umfwpc3itYiL,301.13,INR,upi,,,,False,,False,,False,,,,,,,,,False,111,4382.22,2,,,,True
949335472162,cust_c8xR8eqcJ7mpSR,548.34,INR,card,508227,ICICI,credit,False,,False,,False,,,,,,,,,False,1125,881.17,1,,,,True
025713513739,cust_T0sSTZYSHa6p3m,5578.34,INR,netbanking,,,,False,,True,36.7,False,,,,,,,,,False,33,4526.22,1,,,,True
276406984972,cust_NI6jdwyLGaactp,1503.92,INR,card,607332,SBI,credit,False,,False,,True,insufficient_funds,51,2026-07-04 03:00:00,Saturday,4.0,True,2.0,2.0,False,10,636.14,0,0.64,2026-07-05 00:06:00,21.1,False
911043018247,cust_Nde3I5cYIsn8MH,1517.68,INR,card,400012,HDFC,debit,True,True,False,,False,,,,,,,,,False,112,3194.99,2,,,,True
708450825849,cust_Al9v5dUaW39y6p,2256.02,INR,upi,,,,True,True,False,,False,,,,,,,,,False,259,2960.08,0,,,,True
706840044303,cust_wLScdBKJr7d1kM,1108.77,INR,wallet,,,,False,,False,,True,insufficient_funds,51,2026-06-08 07:00:00,Monday,8.0,False,2.0,2.0,False,526,2269.82,2,0.23,2026-06-08 13:18:00,6.3,False
608713558441,cust_hpdLX50J9pIEAs,793.85,INR,netbanking,,,,True,False,False,,False,,,,,,,,,False,583,5160.1,0,0.9,,,False
573633771269,cust_SDbmBssWuvzaqz,2359.41,INR,upi,,,,False,,False,,False,,,,,,,,,False,136,2771.04,0,,,,True
772446256401,cust_zAQVVjrjcHFtLk,1006.43,INR,upi,,,,False,,False,,False,,,,,,,,,False,184,1364.44,1,,,,True
340468158771,cust_dmCeBTBr1XhGqm,2136.04,INR,netbanking,,,,False,,False,,False,,,,,,,,,False,2046,574.68,4,0.18,,,True
019355828014,cust_vkRy2pdKw9FxJK,782.06,INR,card,417612,Kotak,credit,True,False,False,,False,,,,,,,,,False,29,5304.99,1,0.37,,,True
107671092628,cust_8GN8ahKXV78jAy,1870.43,INR,card,417612,Kotak,debit,False,,False,,False,,,,,,,,,False,43,1029.35,0,0.46,,,True
723771558544,cust_gBl8DXK7gAXB4i,1946.74,INR,upi,,,,True,True,False,,False,,,,,,,,,False,64,1292.94,1,0.6,,,False
548729818059,cust_d7wwjskKmm0JqB,2765.7,INR,upi,,,,False,,False,,False,,,,,,,,,False,273,5451.3,4,0.26,,,True
604374928593,cust_dUhWw8gXpJU5kM,3047.52,INR,upi,,,,False,,False,,True,insufficient_funds,51,2026-07-23 06:00:00,Thursday,23.0,False,4.0,4.0,True,758,1767.51,0,,2026-07-24 14:30:00,32.5,False
777828496816,cust_4olbZjzHhwZkIQ,1374.99,INR,netbanking,,,,False,,False,,False,,,,,,,,,False,296,3078.58,2,0.17,,,True
062775640897,cust_5NiyGz2vyTU5H0,601.41,INR,upi,,,,False,,False,,False,,,,,,,,,False,75,1730.12,4,0.13,,,True
278930923487,cust_T5m7DZIyvy6Pwo,732.18,INR,card,508227,ICICI,credit,True,False,False,,False,,,,,,,,,False,112,4112.39,2,0.84,,,False
490363099433,cust_j5wgIU7VmZC0JF,1621.83,INR,netbanking,,,,True,False,False,,False,,,,,,,,,False,358,4288.67,2,0.31,,,True
071324501084,cust_amFDZSnOUdfnSQ,100.3,INR,upi,,,,True,False,False,,False,,,,,,,,,False,404,1027.03,0,0.68,,,False
713197561253,cust_p0ST9AeqHAlHGM,892.67,INR,upi,,,,False,,False,,True,insufficient_funds,51,2026-07-24 01:00:00,Friday,24.0,False,1.0,1.0,False,259,1219.01,1,0.94,2026-07-26 12:18:00,59.3,False
596884880144,cust_3Uji4PJyuGxYx1,1510.13,INR,card,607332,SBI,debit,True,False,False,,False,,,,,,,,,False,150,1217.58,0,0.12,,,False
214520622077,cust_8YaTUkuxDkpHPB,827.21,INR,wallet,,,,True,False,False,,False,,,,,,,,,False,266,1274.09,0,0.25,,,False
436625935582,cust_dmCeBTBr1XhGqm,2351.99,INR,card,524105,Axis,debit,True,False,False,,False,,,,,,,,,False,2046,574.68,2,,,,False
494213572102,cust_KXrfzxE1CB51jj,2648.51,INR,upi,,,,True,True,False,,False,,,,,,,,,False,50,3756.33,2,,,,False
018301544149,cust_IvriCUHRlT8biS,3816.43,INR,upi,,,,True,False,False,,False,,,,,,,,,False,290,8772.0,1,0.54,,,False
853803820234,cust_EKOTSQnQb1Wk7Z,1793.94,INR,card,417612,Kotak,debit,True,True,False,,False,,,,,,,,,False,182,1519.26,1,,,,False
409093997921,cust_XYL71F0KwRuoHe,1447.81,INR,upi,,,,False,,False,,False,,,,,,,,,False,540,3956.7,0,0.31,,,True
684803908666,cust_nRmbuqlV9c5JhW,1056.22,INR,upi,,,,True,False,False,,False,,,,,,,,,False,64,5352.13,2,,,,False
495109366169,cust_8FFIyEja7OQTxr,3439.7,INR,netbanking,,,,False,,True,19.7,False,,,,,,,,,False,294,9746.96,2,0.2,,,True
614944535015,cust_5lojdFeVgnPQQR,1977.57,INR,upi,,,,False,,False,,True,insufficient_funds,51,2026-08-08 08:00:00,Saturday,8.0,False,1.0,1.0,False,18,2501.46,0,0.42,2026-08-13 05:30:00,117.5,False
386934398034,cust_g1VKIUyyaDUvfx,2374.62,INR,wallet,,,,False,,False,,False,,,,,,,,,False,660,776.98,0,0.64,,,True
530759766221,cust_odh0a2tvWYjMiE,392.65,INR,card,417612,Kotak,credit,True,True,False,,False,,,,,,,,,False,532,3029.3,1,0.84,,,True
023368807214,cust_y2BtU5x1yQwG21,1901.81,INR,upi,,,,False,,True,3.4,False,,,,,,,,,False,829,1114.11,2,0.28,,,True
845735243657,cust_uugZfexMlWSlZX,1985.22,INR,card,524104,Axis,debit,False,,False,,True,insufficient_funds,51,2026-08-22 20:00:00,Saturday,22.0,False,1.0,1.0,False,802,2197.98,1,0.39,2026-08-29 17:18:00,165.3,False
443695485480,cust_En9pOT7gAzPFpy,1516.0,INR,netbanking,,,,False,,False,,True,insufficient_funds,51,2026-08-06 00:00:00,Thursday,6.0,False,5.0,5.0,True,146,4669.92,2,,2026-08-09 03:12:00,75.2,False
643367286142,cust_zON34n2vZC1z6d,2090.62,INR,card,508227,ICICI,debit,False,,False,,False,,,,,,,,,False,242,6589.38,5,0.24,,,True
708515731954,cust_VsVswRvSY4nXdo,2338.96,INR,wallet,,,,False,,False,,True,insufficient_funds,51,2026-07-27 14:00:00,Monday,27.0,True,4.0,4.0,True,400,4504.0,1,0.35,2026-07-27 17:18:00,3.3,False
688578935437,cust_Q0o1B1oOX8GT1g,1175.13,INR,wallet,,,,False,,False,,True,insufficient_funds,51,2026-08-13 21:00:00,Thursday,13.0,False,2.0,2.0,False,139,5735.65,0,,2026-08-14 00:18:00,3.3,False
654179914424,cust_Et9rLXoylaJ9aB,968.68,INR,card,508228,ICICI,credit,False,,False,,False,,,,,,,,,False,636,226.85,2,,,,True
205510328070,cust_lyQKIcH1u37ZbH,2656.67,INR,card,607331,SBI,debit,False,,False,,False,,,,,,,,,False,2,351.36,1,0.32,,,True
089762320876,cust_dzbDHZ8y0hyq1m,1523.7,INR,upi,,,,False,,False,,False,,,,,,,,,False,26,416.3,0,0.19,,,True
599678419306,cust_Cudo4LkneFVUp1,723.18,INR,card,607332,SBI,debit,False,,False,,False,,,,,,,,,False,587,6873.93,0,0.3,,,True
430262987070,cust_hPuLWw1UHW3u3X,748.72,INR,upi,,,,False,,False,,False,,,,,,,,,False,153,5273.89,1,0.66,,,True
353622539045,cust_8wwGuXo1niyNQk,1841.04,INR,card,607332,SBI,debit,False,,False,,False,,,,,,,,,False,648,1240.09,1,0.13,,,True
119155930879,cust_3el9565hYbHiUW,1224.59,INR,card,508227,ICICI,credit,False,,False,,True,insufficient_funds,51,2026-07-31 14:00:00,Friday,31.0,True,2.0,2.0,False,67,397.97,1,0.1,2026-07-31 20:00:00,6.0,True
252182092733,cust_LyGb0KVaW1MLCY,686.92,INR,upi,,,,False,,True,1.2,False,,,,,,,,,False,920,2337.0,1,,,,True
601870840713,cust_s4Ka9oBcfyhKFD,656.17,INR,upi,,,,True,True,False,,False,,,,,,,,,False,538,1076.07,2,0.24,,,False
157878304017,cust_ZElPhmizDJoC0p,4576.78,INR,card,607331,SBI,credit,False,,False,,True,insufficient_funds,51,2026-07-13 19:00:00,Monday,13.0,False,2.0,2.0,False,177,2342.63,1,0.24,2026-07-14 08:24:00,13.4,False
324724290069,cust_KJUXFFxAheF8yo,732.86,INR,upi,,,,False,,True,25.1,False,,,,,,,,,False,583,1492.6,0,,,,True
940532267228,cust_xfRSJhJphRgvJz,1623.49,INR,card,417612,Kotak,debit,False,,False,,False,,,,,,,,,False,364,3696.78,1,,,,True
585702091144,cust_N1DfRytTlpTSIo,1097.07,INR,card,417612,Kotak,credit,False,,False,,True,insufficient_funds,51,2026-06-26 00:00:00,Friday,26.0,True,3.0,3.0,True,523,6039.84,0,0.16,2026-06-26 01:54:00,1.9,False
346516234909,cust_RC5utiDdKD9ymR,3388.79,INR,card,607332,SBI,credit,False,,False,,True,insufficient_funds,51,2026-07-29 02:00:00,Wednesday,29.0,True,2.0,2.0,False,336,1007.64,1,,2026-07-29 03:42:00,1.7,False
